# --------------------------------------------------------
# Host:                         127.0.0.1
# Server version:               5.1.53-community-log
# Server OS:                    Win64
# HeidiSQL version:             6.0.0.3603
# Date/time:                    2013-09-26 12:24:02
# --------------------------------------------------------

/*!40101 SET @OLD_CHARACTER_SET_CLIENT=@@CHARACTER_SET_CLIENT */;
/*!40101 SET NAMES utf8 */;
/*!40014 SET @OLD_FOREIGN_KEY_CHECKS=@@FOREIGN_KEY_CHECKS, FOREIGN_KEY_CHECKS=0 */;
/*!40101 SET @OLD_SQL_MODE=@@SQL_MODE, SQL_MODE='NO_AUTO_VALUE_ON_ZERO' */;

# Dumping structure for table loan_khmer.branch
DROP TABLE IF EXISTS `branch`;
CREATE TABLE IF NOT EXISTS `branch` (
  `bra_id` int(10) NOT NULL AUTO_INCREMENT,
  `bra_name` varchar(50) DEFAULT '0',
  `bra_address` varchar(200) DEFAULT '0',
  `bra_status` tinyint(4) DEFAULT '1',
  PRIMARY KEY (`bra_id`)
) ENGINE=InnoDB AUTO_INCREMENT=3 DEFAULT CHARSET=utf8;

# Dumping data for table loan_khmer.branch: ~2 rows (approximately)
/*!40000 ALTER TABLE `branch` DISABLE KEYS */;
INSERT INTO `branch` (`bra_id`, `bra_name`, `bra_address`, `bra_status`) VALUES
	(1, 'Phnom Penh', '0', 1),
	(2, 'Kandal', '0', 1);
/*!40000 ALTER TABLE `branch` ENABLE KEYS */;


# Dumping structure for table loan_khmer.communes
DROP TABLE IF EXISTS `communes`;
CREATE TABLE IF NOT EXISTS `communes` (
  `com_id` int(11) NOT NULL AUTO_INCREMENT,
  `com_dis_id` int(10) DEFAULT NULL,
  `com_en_name` varchar(80) NOT NULL,
  `com_kh_name` varchar(80) DEFAULT NULL,
  `status` bit(1) DEFAULT b'1',
  PRIMARY KEY (`com_id`),
  KEY `dis_id` (`com_dis_id`),
  CONSTRAINT `dis_id` FOREIGN KEY (`com_dis_id`) REFERENCES `districts` (`dis_id`) ON DELETE NO ACTION ON UPDATE NO ACTION
) ENGINE=InnoDB AUTO_INCREMENT=13 DEFAULT CHARSET=utf8;

# Dumping data for table loan_khmer.communes: ~12 rows (approximately)
/*!40000 ALTER TABLE `communes` DISABLE KEYS */;
INSERT INTO `communes` (`com_id`, `com_dis_id`, `com_en_name`, `com_kh_name`, `status`) VALUES
	(1, 1, 'Tonle Bassak', 'ទន្លេបាសាក់', ''),
	(2, 1, 'Boeng Keng Kang I', 'បឹងកេងកង១', ''),
	(3, 1, 'Boeng Keng Kang II', 'បឹងកេងកង២', ''),
	(4, 1, 'Boeng Keng Kang III', 'បឹងកេងកង៣', ''),
	(5, 1, 'Boeng Trabek', 'បឹងត្របែក', ''),
	(6, 1, 'Tumnup Tuk', 'ទំនប់ទឹក', ''),
	(7, 1, 'Phsa Doeum Thkow', 'ផ្សារដើមថ្កូវ', ''),
	(8, 1, 'Toul Svay Prey I', 'ទួលស្វាយព្រៃ១', ''),
	(9, 1, 'Toul Svay Prey II', 'ទួលស្វាយព្រៃ២', ''),
	(10, 1, 'Toul Tum Poung I', 'ទួលទំពូង១', ''),
	(11, 1, 'Toul Tum Poung II', 'ទួលទំពូង២', ''),
	(12, 1, 'Olympik', 'អូរឡាំពិក', '');
/*!40000 ALTER TABLE `communes` ENABLE KEYS */;


# Dumping structure for table loan_khmer.contacts
DROP TABLE IF EXISTS `contacts`;
CREATE TABLE IF NOT EXISTS `contacts` (
  `con_id` int(11) NOT NULL AUTO_INCREMENT,
  `con_cid` varchar(45) DEFAULT NULL,
  `con_con_typ_id` int(11) DEFAULT NULL,
  `con_con_job_id` int(11) NOT NULL DEFAULT '0',
  `con_con_inc_id` int(11) NOT NULL DEFAULT '0',
  `con_use_id` int(11) DEFAULT '0',
  `con_bra_id` int(10) DEFAULT '0',
  `con_en_first_name` varchar(45) NOT NULL,
  `con_en_last_name` varchar(45) NOT NULL,
  `con_en_nickname` varchar(45) DEFAULT NULL,
  `con_kh_first_name` varchar(45) NOT NULL,
  `con_kh_last_name` varchar(45) NOT NULL,
  `con_kh_nickname` varchar(45) DEFAULT NULL,
  `con_sex` char(1) NOT NULL,
  `con_national_identity_card` varchar(20) DEFAULT NULL,
  `con_datecreated` timestamp NOT NULL DEFAULT CURRENT_TIMESTAMP,
  `con_datemodified` timestamp NULL DEFAULT NULL,
  `status` bit(1) DEFAULT b'1',
  PRIMARY KEY (`con_id`),
  KEY `con_typ_id` (`con_con_typ_id`),
  KEY `con_job_id` (`con_con_job_id`),
  KEY `con_inc_id` (`con_con_inc_id`),
  KEY `use_id` (`con_use_id`),
  KEY `con_bra_id` (`con_bra_id`),
  CONSTRAINT `con_bra_id` FOREIGN KEY (`con_bra_id`) REFERENCES `branch` (`bra_id`) ON DELETE NO ACTION ON UPDATE NO ACTION,
  CONSTRAINT `con_inc_id` FOREIGN KEY (`con_con_inc_id`) REFERENCES `contacts_income` (`con_inc_id`) ON DELETE NO ACTION ON UPDATE NO ACTION,
  CONSTRAINT `con_job_id` FOREIGN KEY (`con_con_job_id`) REFERENCES `contacts_job` (`con_job_id`) ON DELETE NO ACTION ON UPDATE NO ACTION,
  CONSTRAINT `con_typ_id` FOREIGN KEY (`con_con_typ_id`) REFERENCES `contacts_type` (`con_typ_id`) ON DELETE NO ACTION ON UPDATE NO ACTION,
  CONSTRAINT `use_id` FOREIGN KEY (`con_use_id`) REFERENCES `users` (`use_id`) ON DELETE NO ACTION ON UPDATE NO ACTION
) ENGINE=InnoDB AUTO_INCREMENT=3 DEFAULT CHARSET=utf8;

# Dumping data for table loan_khmer.contacts: ~2 rows (approximately)
/*!40000 ALTER TABLE `contacts` DISABLE KEYS */;
INSERT INTO `contacts` (`con_id`, `con_cid`, `con_con_typ_id`, `con_con_job_id`, `con_con_inc_id`, `con_use_id`, `con_bra_id`, `con_en_first_name`, `con_en_last_name`, `con_en_nickname`, `con_kh_first_name`, `con_kh_last_name`, `con_kh_nickname`, `con_sex`, `con_national_identity_card`, `con_datecreated`, `con_datemodified`, `status`) VALUES
	(1, '000001', 2, 1, 1, 1, 1, 'A.Borrower', 'B.Borrower', 'C.Borrower', 'គោត្តនាម', 'នាម', 'នាមហៅក្រៅ', 'f', '56554566', '2013-09-07 15:26:37', NULL, ''),
	(2, '000002', 2, 2, 2, 1, 1, '2', '2', '2', 'គោត្តនាម', 'នាម', 'នាមហៅក្រៅ', 'm', '22222222', '2013-09-24 13:36:38', NULL, '');
/*!40000 ALTER TABLE `contacts` ENABLE KEYS */;


# Dumping structure for table loan_khmer.contacts_couple
DROP TABLE IF EXISTS `contacts_couple`;
CREATE TABLE IF NOT EXISTS `contacts_couple` (
  `con_cou_owner` int(11) NOT NULL,
  `con_cou_couple` int(11) NOT NULL
) ENGINE=InnoDB DEFAULT CHARSET=utf8;

# Dumping data for table loan_khmer.contacts_couple: ~0 rows (approximately)
/*!40000 ALTER TABLE `contacts_couple` DISABLE KEYS */;
/*!40000 ALTER TABLE `contacts_couple` ENABLE KEYS */;


# Dumping structure for table loan_khmer.contacts_detail
DROP TABLE IF EXISTS `contacts_detail`;
CREATE TABLE IF NOT EXISTS `contacts_detail` (
  `con_det_con_id` int(11) NOT NULL,
  `con_det_email` varchar(45) DEFAULT NULL,
  `con_det_civil_status` varchar(1) NOT NULL DEFAULT '1',
  `con_det_dob` date DEFAULT NULL,
  `con_det_pro_id` int(11) NOT NULL DEFAULT '0',
  `con_det_dis_id` int(11) NOT NULL DEFAULT '0',
  `con_det_com_id` int(11) NOT NULL DEFAULT '0',
  `con_det_vil_id` int(11) NOT NULL DEFAULT '0',
  `con_det_address_detail` varchar(45) DEFAULT NULL,
  UNIQUE KEY `con_det_con_id` (`con_det_con_id`),
  KEY `con_id` (`con_det_con_id`),
  KEY `vil_id` (`con_det_vil_id`),
  CONSTRAINT `con_id` FOREIGN KEY (`con_det_con_id`) REFERENCES `contacts` (`con_id`) ON DELETE NO ACTION ON UPDATE NO ACTION
) ENGINE=InnoDB DEFAULT CHARSET=utf8;

# Dumping data for table loan_khmer.contacts_detail: ~2 rows (approximately)
/*!40000 ALTER TABLE `contacts_detail` DISABLE KEYS */;
INSERT INTO `contacts_detail` (`con_det_con_id`, `con_det_email`, `con_det_civil_status`, `con_det_dob`, `con_det_pro_id`, `con_det_dis_id`, `con_det_com_id`, `con_det_vil_id`, `con_det_address_detail`) VALUES
	(1, 'borrower@gmail.com', '1', '1983-09-27', 1, 1, 1, 0, '#34 st.677'),
	(2, '', '1', '0000-00-00', 2, 11, 0, 0, '');
/*!40000 ALTER TABLE `contacts_detail` ENABLE KEYS */;


# Dumping structure for table loan_khmer.contacts_group
DROP TABLE IF EXISTS `contacts_group`;
CREATE TABLE IF NOT EXISTS `contacts_group` (
  `con_gro_con_id` int(11) NOT NULL,
  `con_gro_gro_id` int(11) NOT NULL,
  PRIMARY KEY (`con_gro_con_id`,`con_gro_gro_id`)
) ENGINE=InnoDB DEFAULT CHARSET=utf8 ROW_FORMAT=FIXED;

# Dumping data for table loan_khmer.contacts_group: ~0 rows (approximately)
/*!40000 ALTER TABLE `contacts_group` DISABLE KEYS */;
/*!40000 ALTER TABLE `contacts_group` ENABLE KEYS */;


# Dumping structure for table loan_khmer.contacts_income
DROP TABLE IF EXISTS `contacts_income`;
CREATE TABLE IF NOT EXISTS `contacts_income` (
  `con_inc_id` int(11) NOT NULL AUTO_INCREMENT,
  `con_inc_range` varchar(100) NOT NULL,
  `status` bit(1) NOT NULL DEFAULT b'1',
  PRIMARY KEY (`con_inc_id`)
) ENGINE=InnoDB AUTO_INCREMENT=7 DEFAULT CHARSET=utf8;

# Dumping data for table loan_khmer.contacts_income: ~6 rows (approximately)
/*!40000 ALTER TABLE `contacts_income` DISABLE KEYS */;
INSERT INTO `contacts_income` (`con_inc_id`, `con_inc_range`, `status`) VALUES
	(1, '10000៛-100000៛', ''),
	(2, '100000៛-200000៛', ''),
	(3, '200000៛-500000៛', ''),
	(4, '500000៛-700000៛', ''),
	(5, '700000៛-1000000៛', ''),
	(6, 'Over 1000000៛', '');
/*!40000 ALTER TABLE `contacts_income` ENABLE KEYS */;


# Dumping structure for table loan_khmer.contacts_job
DROP TABLE IF EXISTS `contacts_job`;
CREATE TABLE IF NOT EXISTS `contacts_job` (
  `con_job_id` int(11) NOT NULL AUTO_INCREMENT,
  `con_job_title` varchar(45) NOT NULL,
  `status` bit(1) NOT NULL DEFAULT b'1',
  PRIMARY KEY (`con_job_id`)
) ENGINE=InnoDB AUTO_INCREMENT=3 DEFAULT CHARSET=utf8;

# Dumping data for table loan_khmer.contacts_job: ~2 rows (approximately)
/*!40000 ALTER TABLE `contacts_job` DISABLE KEYS */;
INSERT INTO `contacts_job` (`con_job_id`, `con_job_title`, `status`) VALUES
	(1, 'Farmer', ''),
	(2, 'Seller', '');
/*!40000 ALTER TABLE `contacts_job` ENABLE KEYS */;


# Dumping structure for table loan_khmer.contacts_number
DROP TABLE IF EXISTS `contacts_number`;
CREATE TABLE IF NOT EXISTS `contacts_number` (
  `con_num_id` int(11) NOT NULL AUTO_INCREMENT,
  `con_num_con_id` int(11) NOT NULL,
  `con_num_line` varchar(15) DEFAULT NULL,
  `status` bit(1) DEFAULT b'1',
  PRIMARY KEY (`con_num_id`),
  KEY `con_num_id` (`con_num_con_id`),
  CONSTRAINT `con_num_id` FOREIGN KEY (`con_num_con_id`) REFERENCES `contacts` (`con_id`) ON DELETE NO ACTION
) ENGINE=InnoDB AUTO_INCREMENT=8 DEFAULT CHARSET=utf8;

# Dumping data for table loan_khmer.contacts_number: ~2 rows (approximately)
/*!40000 ALTER TABLE `contacts_number` DISABLE KEYS */;
INSERT INTO `contacts_number` (`con_num_id`, `con_num_con_id`, `con_num_line`, `status`) VALUES
	(6, 1, '090909090', ''),
	(7, 2, '22222222', '');
/*!40000 ALTER TABLE `contacts_number` ENABLE KEYS */;


# Dumping structure for table loan_khmer.contacts_type
DROP TABLE IF EXISTS `contacts_type`;
CREATE TABLE IF NOT EXISTS `contacts_type` (
  `con_typ_id` int(11) NOT NULL AUTO_INCREMENT,
  `con_typ_title` varchar(20) DEFAULT NULL,
  `status` bit(1) DEFAULT b'1',
  PRIMARY KEY (`con_typ_id`)
) ENGINE=InnoDB AUTO_INCREMENT=4 DEFAULT CHARSET=utf8;

# Dumping data for table loan_khmer.contacts_type: ~3 rows (approximately)
/*!40000 ALTER TABLE `contacts_type` DISABLE KEYS */;
INSERT INTO `contacts_type` (`con_typ_id`, `con_typ_title`, `status`) VALUES
	(1, 'Group', ''),
	(2, 'Individule', ''),
	(3, 'Other', '');
/*!40000 ALTER TABLE `contacts_type` ENABLE KEYS */;


# Dumping structure for table loan_khmer.currency
DROP TABLE IF EXISTS `currency`;
CREATE TABLE IF NOT EXISTS `currency` (
  `cur_id` int(11) NOT NULL AUTO_INCREMENT,
  `cur_title` varchar(45) DEFAULT NULL,
  `cur_status` int(11) DEFAULT '1',
  PRIMARY KEY (`cur_id`)
) ENGINE=InnoDB AUTO_INCREMENT=4 DEFAULT CHARSET=utf8;

# Dumping data for table loan_khmer.currency: ~3 rows (approximately)
/*!40000 ALTER TABLE `currency` DISABLE KEYS */;
INSERT INTO `currency` (`cur_id`, `cur_title`, `cur_status`) VALUES
	(1, 'KHR (៛)', 1),
	(2, 'USD ($)', 1),
	(3, 'THB', 1);
/*!40000 ALTER TABLE `currency` ENABLE KEYS */;


# Dumping structure for table loan_khmer.districts
DROP TABLE IF EXISTS `districts`;
CREATE TABLE IF NOT EXISTS `districts` (
  `dis_id` int(11) NOT NULL AUTO_INCREMENT,
  `dis_pro_id` int(10) NOT NULL,
  `dis_en_name` varchar(80) NOT NULL,
  `dis_kh_name` varchar(80) DEFAULT NULL,
  `status` bit(1) NOT NULL DEFAULT b'1',
  PRIMARY KEY (`dis_id`),
  KEY `pro_id` (`dis_pro_id`),
  CONSTRAINT `province_id` FOREIGN KEY (`dis_pro_id`) REFERENCES `provinces` (`pro_id`) ON DELETE NO ACTION ON UPDATE NO ACTION
) ENGINE=InnoDB AUTO_INCREMENT=24 DEFAULT CHARSET=utf8;

# Dumping data for table loan_khmer.districts: ~23 rows (approximately)
/*!40000 ALTER TABLE `districts` DISABLE KEYS */;
INSERT INTO `districts` (`dis_id`, `dis_pro_id`, `dis_en_name`, `dis_kh_name`, `status`) VALUES
	(1, 1, 'Chamkarmon', 'ចំការមន', ''),
	(2, 1, 'Dangkao', 'ដង្កោរ', ''),
	(3, 1, 'Daun Penh', 'ដូនពេញ', ''),
	(4, 1, 'Meanchey', 'មានជ័យ', ''),
	(5, 1, 'Prampi Makara', '៧មករា', ''),
	(6, 1, 'Russey Keo', 'ឫស្សីកែវ', ''),
	(7, 1, 'Sen Sok', 'សែនសុក', ''),
	(8, 1, 'Tuol Kork', 'ទួលគោក', ''),
	(9, 1, 'Porsenchey', 'ពោធិ៍សែនជ័យ', ''),
	(10, 2, 'Banan', 'បាណន់', ''),
	(11, 2, 'Thma Koul', 'ថ្មគោល', ''),
	(12, 2, 'Bat Dambang', 'បាត់ដំបង', ''),
	(13, 2, 'Bavel', 'បវិល', ''),
	(14, 2, 'Ek Phnom', 'ឯកភ្នំ', ''),
	(15, 2, 'Moung Ruessi', 'មោងឫស្សី', ''),
	(16, 2, 'Rotanak Mondol', 'រតនៈមណ្ឌល', ''),
	(17, 2, 'Sangkae', 'សង្កែ', ''),
	(18, 2, 'Samlout', 'សំឡូត', ''),
	(19, 2, 'Sampov Loun', 'សំពៅលូន', ''),
	(20, 2, 'Phnum Proek', 'ភ្នំព្រឹក', ''),
	(21, 2, 'Kamrieng', 'កម្រៀង', ''),
	(22, 2, 'Koas Krala', 'កោះក្រឡ', ''),
	(23, 2, 'RukhaKiri', 'រុក្ខគិរី', '');
/*!40000 ALTER TABLE `districts` ENABLE KEYS */;


# Dumping structure for table loan_khmer.gl_balances
DROP TABLE IF EXISTS `gl_balances`;
CREATE TABLE IF NOT EXISTS `gl_balances` (
  `gl_bal_id` int(10) NOT NULL AUTO_INCREMENT,
  `gl_bal_gl_id` int(10) NOT NULL,
  `gl_bal_gl_code` int(10) DEFAULT NULL,
  `gl_bal_balance` double DEFAULT '0',
  `gl_bal_cur_id` int(11) DEFAULT '0',
  `gl_bal_debit` double DEFAULT '0',
  `gl_bal_credit` double DEFAULT '0',
  `gl_bal_datecreate` timestamp NULL DEFAULT NULL,
  `gl_bal_datemodifide` timestamp NULL DEFAULT NULL,
  PRIMARY KEY (`gl_bal_id`),
  KEY `gl_bal_gl_code` (`gl_bal_gl_code`)
) ENGINE=MyISAM AUTO_INCREMENT=3989 DEFAULT CHARSET=utf8;

# Dumping data for table loan_khmer.gl_balances: 3,988 rows
/*!40000 ALTER TABLE `gl_balances` DISABLE KEYS */;
INSERT INTO `gl_balances` (`gl_bal_id`, `gl_bal_gl_id`, `gl_bal_gl_code`, `gl_bal_balance`, `gl_bal_cur_id`, `gl_bal_debit`, `gl_bal_credit`, `gl_bal_datecreate`, `gl_bal_datemodifide`) VALUES
	(1, 0, 100009000, 0, 1, 0, 333, NULL, '2013-06-23 13:07:59'),
	(2, 0, 111109000, 0, 1, 0, 0, NULL, '2013-06-22 07:12:01'),
	(3, 0, 111109111, 0, 1, 0, 100, NULL, '2013-06-28 01:05:16'),
	(4, 0, 111109112, 0, 1, 0, 0, NULL, '2013-06-23 10:48:46'),
	(5, 0, 111109113, 0, 1, 0, 0, NULL, NULL),
	(6, 0, 111109114, 0, 1, 0, 0, NULL, NULL),
	(7, 0, 111109121, 0, 1, -10889, 1000, NULL, '2013-08-22 23:05:40'),
	(8, 0, 111109131, 0, 1, 0, 0, NULL, NULL),
	(9, 0, 111209000, 0, 1, 0, 0, NULL, NULL),
	(10, 0, 111209111, 0, 1, 0, 0, NULL, NULL),
	(11, 0, 111209112, 0, 1, 0, 0, NULL, NULL),
	(12, 0, 111209113, 0, 1, 0, 0, NULL, NULL),
	(13, 0, 111209119, 0, 1, 0, 0, NULL, NULL),
	(14, 0, 111309000, 0, 1, 0, 0, NULL, NULL),
	(15, 0, 111309111, 0, 1, 0, 0, NULL, NULL),
	(16, 0, 111309112, 0, 1, 0, 0, NULL, NULL),
	(17, 0, 111309119, 0, 1, 0, 0, NULL, NULL),
	(18, 0, 114109000, 0, 1, 0, 0, NULL, NULL),
	(19, 0, 114109111, 0, 1, 0, 0, NULL, NULL),
	(20, 0, 114209000, 0, 1, 0, 0, NULL, NULL),
	(21, 0, 114209111, 0, 1, 0, 0, NULL, NULL),
	(22, 0, 114309000, 0, 1, 0, 0, NULL, NULL),
	(23, 0, 114309111, 0, 1, 0, 0, NULL, NULL),
	(24, 0, 114409000, 0, 1, 0, 0, NULL, NULL),
	(25, 0, 114409111, 0, 1, 0, 0, NULL, NULL),
	(26, 0, 114609000, 0, 1, 0, 0, NULL, NULL),
	(27, 0, 114609111, 0, 1, 0, 0, NULL, NULL),
	(28, 0, 115109000, 0, 1, 0, 0, NULL, NULL),
	(29, 0, 115109111, 0, 1, 0, 0, NULL, NULL),
	(30, 0, 115209000, 0, 1, 0, 0, NULL, NULL),
	(31, 0, 115209111, 0, 1, 0, 0, NULL, NULL),
	(32, 0, 115309000, 0, 1, 0, 0, NULL, NULL),
	(33, 0, 115309100, 0, 1, 0, 0, NULL, NULL),
	(34, 0, 115309101, 0, 1, 0, 0, NULL, NULL),
	(35, 0, 115309102, 0, 1, 0, 0, NULL, NULL),
	(36, 0, 115309103, 0, 1, 0, 0, NULL, NULL),
	(37, 0, 115309111, 0, 1, 0, 0, NULL, NULL),
	(38, 0, 115309112, 0, 1, 0, 0, NULL, NULL),
	(39, 0, 115309113, 0, 1, 0, 0, NULL, NULL),
	(40, 0, 115309114, 0, 1, 0, 0, NULL, NULL),
	(41, 0, 115309119, 0, 1, 0, 0, NULL, NULL),
	(42, 0, 116109000, 0, 1, 0, 0, NULL, NULL),
	(43, 0, 116109111, 0, 1, 0, 0, NULL, NULL),
	(44, 0, 116209000, 0, 1, 0, 0, NULL, NULL),
	(45, 0, 116209111, 0, 1, 0, 0, NULL, NULL),
	(46, 0, 116309000, 0, 1, 0, 0, NULL, NULL),
	(47, 0, 116309100, 0, 1, 0, 0, NULL, NULL),
	(48, 0, 116309101, 0, 1, 0, 0, NULL, NULL),
	(49, 0, 116309102, 0, 1, 0, 0, NULL, NULL),
	(50, 0, 116309103, 0, 1, 0, 0, NULL, NULL),
	(51, 0, 116309111, 0, 1, 0, 0, NULL, NULL),
	(52, 0, 116309112, 0, 1, 0, 0, NULL, NULL),
	(53, 0, 116309113, 0, 1, 0, 0, NULL, NULL),
	(54, 0, 121109000, 0, 1, 0, 0, NULL, NULL),
	(55, 0, 121109111, 0, 1, 0, 0, NULL, NULL),
	(56, 0, 121209000, 0, 1, 0, 0, NULL, NULL),
	(57, 0, 121209111, 0, 1, 0, 0, NULL, NULL),
	(58, 0, 121309000, 0, 1, 0, 0, NULL, NULL),
	(59, 0, 121309111, 0, 1, 0, 0, NULL, NULL),
	(60, 0, 122109000, 0, 1, 0, 0, NULL, NULL),
	(61, 0, 122109111, 0, 1, 0, 0, NULL, NULL),
	(62, 0, 122209000, 0, 1, 0, 0, NULL, NULL),
	(63, 0, 122209111, 0, 1, 0, 0, NULL, NULL),
	(64, 0, 122309000, 0, 1, 0, 0, NULL, NULL),
	(65, 0, 122309111, 0, 1, 0, 0, NULL, NULL),
	(66, 0, 122409000, 0, 1, 0, 0, NULL, NULL),
	(67, 0, 122409111, 0, 1, 0, 0, NULL, NULL),
	(68, 0, 131109000, 0, 1, 0, 0, NULL, NULL),
	(69, 0, 131109111, 0, 1, 0, 0, NULL, NULL),
	(70, 0, 131109112, 0, 1, 0, 0, NULL, NULL),
	(71, 0, 131209000, 0, 1, 0, 0, NULL, NULL),
	(72, 0, 131209111, 0, 1, 0, 0, NULL, NULL),
	(73, 0, 131209112, 0, 1, 0, 0, NULL, NULL),
	(74, 0, 131209113, 0, 1, 0, 0, NULL, NULL),
	(75, 0, 131309000, 0, 1, 0, 0, NULL, NULL),
	(76, 0, 131309111, 0, 1, 0, 0, NULL, NULL),
	(77, 0, 131309112, 0, 1, 0, 0, NULL, NULL),
	(78, 0, 131309113, 0, 1, 0, 0, NULL, NULL),
	(79, 0, 131409000, 0, 1, 0, 0, NULL, NULL),
	(80, 0, 131409111, 0, 1, 0, 0, NULL, NULL),
	(81, 0, 131409112, 0, 1, 0, 0, NULL, NULL),
	(82, 0, 131409113, 0, 1, 0, 0, NULL, NULL),
	(83, 0, 131519000, 0, 1, 0, 0, NULL, NULL),
	(84, 0, 131519111, 0, 1, 0, 0, NULL, NULL),
	(85, 0, 131519112, 0, 1, 0, 0, NULL, NULL),
	(86, 0, 131519113, 0, 1, 0, 0, NULL, NULL),
	(87, 0, 131529000, 0, 1, 0, 0, NULL, NULL),
	(88, 0, 131529111, 0, 1, 0, 0, NULL, NULL),
	(89, 0, 131529112, 0, 1, 0, 0, NULL, NULL),
	(90, 0, 131529113, 0, 1, 0, 0, NULL, NULL),
	(91, 0, 131539000, 0, 1, 0, 0, NULL, NULL),
	(92, 0, 131539111, 0, 1, 0, 0, NULL, NULL),
	(93, 0, 131539112, 0, 1, 0, 0, NULL, NULL),
	(94, 0, 131539113, 0, 1, 0, 0, NULL, NULL),
	(95, 0, 131549000, 0, 1, 0, 0, NULL, NULL),
	(96, 0, 131549111, 0, 1, 0, 0, NULL, NULL),
	(97, 0, 131549112, 0, 1, 0, 0, NULL, NULL),
	(98, 0, 131549113, 0, 1, 0, 0, NULL, NULL),
	(99, 0, 132109000, 0, 1, 0, 0, NULL, NULL),
	(100, 0, 132109111, 0, 1, 0, 0, NULL, NULL),
	(101, 0, 132109112, 0, 1, 0, 0, NULL, NULL),
	(102, 0, 132209000, 0, 1, 0, 0, NULL, NULL),
	(103, 0, 132209111, 0, 1, 0, 0, NULL, NULL),
	(104, 0, 132209112, 0, 1, 0, 0, NULL, NULL),
	(105, 0, 132309000, 0, 1, 0, 0, NULL, NULL),
	(106, 0, 132309111, 0, 1, 0, 0, NULL, NULL),
	(107, 0, 132309112, 0, 1, 0, 0, NULL, NULL),
	(108, 0, 132409000, 0, 1, 0, 0, NULL, NULL),
	(109, 0, 132409111, 0, 1, 0, 0, NULL, NULL),
	(110, 0, 132409112, 0, 1, 0, 0, NULL, NULL),
	(111, 0, 132519000, 0, 1, 0, 0, NULL, NULL),
	(112, 0, 132519111, 0, 1, 0, 0, NULL, NULL),
	(113, 0, 132519112, 0, 1, 0, 0, NULL, NULL),
	(114, 0, 132529000, 0, 1, 0, 0, NULL, NULL),
	(115, 0, 132529111, 0, 1, 0, 0, NULL, NULL),
	(116, 0, 132529112, 0, 1, 0, 0, NULL, NULL),
	(117, 0, 132539000, 0, 1, 0, 0, NULL, NULL),
	(118, 0, 132539111, 0, 1, 0, 0, NULL, NULL),
	(119, 0, 132539112, 0, 1, 0, 0, NULL, NULL),
	(120, 0, 132549000, 0, 1, 0, 0, NULL, NULL),
	(121, 0, 132549111, 0, 1, 0, 0, NULL, NULL),
	(122, 0, 132549112, 0, 1, 0, 0, NULL, NULL),
	(123, 0, 141109000, 0, 1, 0, 0, NULL, NULL),
	(124, 0, 141109111, 0, 1, 0, 0, NULL, NULL),
	(125, 0, 141209000, 0, 1, 0, 0, NULL, NULL),
	(126, 0, 141209111, 0, 1, 0, 0, NULL, NULL),
	(127, 0, 141209112, 0, 1, 0, 0, NULL, NULL),
	(128, 0, 141309000, 0, 1, 0, 0, NULL, NULL),
	(129, 0, 141309111, 0, 1, 0, 0, NULL, NULL),
	(130, 0, 141309112, 0, 1, 0, 0, NULL, NULL),
	(131, 0, 141409000, 0, 1, 0, 0, NULL, NULL),
	(132, 0, 141409111, 0, 1, 0, 0, NULL, NULL),
	(133, 0, 141409112, 0, 1, 0, 0, NULL, NULL),
	(134, 0, 141519000, 0, 1, 0, 0, NULL, NULL),
	(135, 0, 141519111, 0, 1, 0, 0, NULL, NULL),
	(136, 0, 141519112, 0, 1, 0, 0, NULL, NULL),
	(137, 0, 141529000, 0, 1, 0, 0, NULL, NULL),
	(138, 0, 141529111, 0, 1, 0, 0, NULL, NULL),
	(139, 0, 141529112, 0, 1, 0, 0, NULL, NULL),
	(140, 0, 141539000, 0, 1, 0, 0, NULL, NULL),
	(141, 0, 141539111, 0, 1, 0, 0, NULL, NULL),
	(142, 0, 141539112, 0, 1, 0, 0, NULL, NULL),
	(143, 0, 141549000, 0, 1, 0, 0, NULL, NULL),
	(144, 0, 141549111, 0, 1, 0, 0, NULL, NULL),
	(145, 0, 141549112, 0, 1, 0, 0, NULL, NULL),
	(146, 0, 142109000, 0, 1, 0, 0, NULL, NULL),
	(147, 0, 142109111, 0, 1, 0, 0, NULL, NULL),
	(148, 0, 142209000, 0, 1, 0, 0, NULL, NULL),
	(149, 0, 142209111, 0, 1, 0, 0, NULL, NULL),
	(150, 0, 142309000, 0, 1, 0, 0, NULL, NULL),
	(151, 0, 142309111, 0, 1, 0, 0, NULL, NULL),
	(152, 0, 142409000, 0, 1, 0, 0, NULL, NULL),
	(153, 0, 142409111, 0, 1, 0, 0, NULL, NULL),
	(154, 0, 142519000, 0, 1, 0, 0, NULL, NULL),
	(155, 0, 142519111, 0, 1, 0, 0, NULL, NULL),
	(156, 0, 142529000, 0, 1, 0, 0, NULL, NULL),
	(157, 0, 142529111, 0, 1, 0, 0, NULL, NULL),
	(158, 0, 142539000, 0, 1, 0, 0, NULL, NULL),
	(159, 0, 142539111, 0, 1, 0, 0, NULL, NULL),
	(160, 0, 142549000, 0, 1, 0, 0, NULL, NULL),
	(161, 0, 142549111, 0, 1, 0, 0, NULL, NULL),
	(162, 0, 151109000, 0, 1, 0, 0, NULL, NULL),
	(163, 0, 151109111, 0, 1, 0, 0, NULL, NULL),
	(164, 0, 151209000, 0, 1, 0, 0, NULL, NULL),
	(165, 0, 151209111, 0, 1, 0, 0, NULL, NULL),
	(166, 0, 151209112, 0, 1, 0, 0, NULL, NULL),
	(167, 0, 151309000, 0, 1, 0, 0, NULL, NULL),
	(168, 0, 151309111, 0, 1, 0, 0, NULL, NULL),
	(169, 0, 151309112, 0, 1, 0, 0, NULL, NULL),
	(170, 0, 151409000, 0, 1, 0, 0, NULL, NULL),
	(171, 0, 151409111, 0, 1, 0, 0, NULL, NULL),
	(172, 0, 151409112, 0, 1, 0, 0, NULL, NULL),
	(173, 0, 151519000, 0, 1, 0, 0, NULL, NULL),
	(174, 0, 151519111, 0, 1, 0, 0, NULL, NULL),
	(175, 0, 151519112, 0, 1, 0, 0, NULL, NULL),
	(176, 0, 151529000, 0, 1, 0, 0, NULL, NULL),
	(177, 0, 151529111, 0, 1, 0, 0, NULL, NULL),
	(178, 0, 151529112, 0, 1, 0, 0, NULL, NULL),
	(179, 0, 151539000, 0, 1, 0, 0, NULL, NULL),
	(180, 0, 151539111, 0, 1, 0, 0, NULL, NULL),
	(181, 0, 151539112, 0, 1, 0, 0, NULL, NULL),
	(182, 0, 151549000, 0, 1, 0, 0, NULL, NULL),
	(183, 0, 151549111, 0, 1, 0, 0, NULL, NULL),
	(184, 0, 151549112, 0, 1, 0, 0, NULL, NULL),
	(185, 0, 152109000, 0, 1, 0, 0, NULL, NULL),
	(186, 0, 152109111, 0, 1, 0, 0, NULL, NULL),
	(187, 0, 152209000, 0, 1, 0, 0, NULL, NULL),
	(188, 0, 152209111, 0, 1, 0, 0, NULL, NULL),
	(189, 0, 152309000, 0, 1, 0, 0, NULL, NULL),
	(190, 0, 152309111, 0, 1, 0, 0, NULL, NULL),
	(191, 0, 152409000, 0, 1, 0, 0, NULL, NULL),
	(192, 0, 152409111, 0, 1, 0, 0, NULL, NULL),
	(193, 0, 152519000, 0, 1, 0, 0, NULL, NULL),
	(194, 0, 152519111, 0, 1, 0, 0, NULL, NULL),
	(195, 0, 152529000, 0, 1, 0, 0, NULL, NULL),
	(196, 0, 152529111, 0, 1, 0, 0, NULL, NULL),
	(197, 0, 152539000, 0, 1, 0, 0, NULL, NULL),
	(198, 0, 152539111, 0, 1, 0, 0, NULL, NULL),
	(199, 0, 152549000, 0, 1, 0, 0, NULL, NULL),
	(200, 0, 152549111, 0, 1, 0, 0, NULL, NULL),
	(201, 0, 161109000, 0, 1, 0, 0, NULL, NULL),
	(202, 0, 161109111, 0, 1, 0, 0, NULL, NULL),
	(203, 0, 161209000, 0, 1, 0, 0, NULL, NULL),
	(204, 0, 161209111, 0, 1, 0, 0, NULL, NULL),
	(205, 0, 161209112, 0, 1, 0, 0, NULL, NULL),
	(206, 0, 161309000, 0, 1, 0, 0, NULL, NULL),
	(207, 0, 161309111, 0, 1, 0, 0, NULL, NULL),
	(208, 0, 161309112, 0, 1, 0, 0, NULL, NULL),
	(209, 0, 161409000, 0, 1, 0, 0, NULL, NULL),
	(210, 0, 161409111, 0, 1, 0, 0, NULL, NULL),
	(211, 0, 161409112, 0, 1, 0, 0, NULL, NULL),
	(212, 0, 161519000, 0, 1, 0, 0, NULL, NULL),
	(213, 0, 161519111, 0, 1, 0, 0, NULL, NULL),
	(214, 0, 161519112, 0, 1, 0, 0, NULL, NULL),
	(215, 0, 161529000, 0, 1, 0, 0, NULL, NULL),
	(216, 0, 161529111, 0, 1, 0, 0, NULL, NULL),
	(217, 0, 161529112, 0, 1, 0, 0, NULL, NULL),
	(218, 0, 161539000, 0, 1, 0, 0, NULL, NULL),
	(219, 0, 161539111, 0, 1, 0, 0, NULL, NULL),
	(220, 0, 161539112, 0, 1, 0, 0, NULL, NULL),
	(221, 0, 161549000, 0, 1, 0, 0, NULL, NULL),
	(222, 0, 161549111, 0, 1, 0, 0, NULL, NULL),
	(223, 0, 161549112, 0, 1, 0, 0, NULL, NULL),
	(224, 0, 162109000, 0, 1, 0, 0, NULL, NULL),
	(225, 0, 162109111, 0, 1, 0, 0, NULL, NULL),
	(226, 0, 162209000, 0, 1, 0, 0, NULL, NULL),
	(227, 0, 162209111, 0, 1, 0, 0, NULL, NULL),
	(228, 0, 162309000, 0, 1, 0, 0, NULL, NULL),
	(229, 0, 162309111, 0, 1, 0, 0, NULL, NULL),
	(230, 0, 162409000, 0, 1, 0, 0, NULL, NULL),
	(231, 0, 162409111, 0, 1, 0, 0, NULL, NULL),
	(232, 0, 162519000, 0, 1, 0, 0, NULL, NULL),
	(233, 0, 162519111, 0, 1, 0, 0, NULL, NULL),
	(234, 0, 162529000, 0, 1, 0, 0, NULL, NULL),
	(235, 0, 162529111, 0, 1, 0, 0, NULL, NULL),
	(236, 0, 162539000, 0, 1, 0, 0, NULL, NULL),
	(237, 0, 162539111, 0, 1, 0, 0, NULL, NULL),
	(238, 0, 162549000, 0, 1, 0, 0, NULL, NULL),
	(239, 0, 162549111, 0, 1, 0, 0, NULL, NULL),
	(240, 0, 171109000, 0, 1, 0, 0, NULL, NULL),
	(241, 0, 171109111, 0, 1, 0, 0, NULL, NULL),
	(242, 0, 171109112, 0, 1, 0, 0, NULL, NULL),
	(243, 0, 171109113, 0, 1, 0, 0, NULL, NULL),
	(244, 0, 171109114, 0, 1, 0, 0, NULL, NULL),
	(245, 0, 171109115, 0, 1, 0, 0, NULL, NULL),
	(246, 0, 171109119, 0, 1, 0, 0, NULL, NULL),
	(247, 0, 171209000, 0, 1, 0, 0, NULL, NULL),
	(248, 0, 171209111, 0, 1, 0, 0, NULL, NULL),
	(249, 0, 171209112, 0, 1, 0, 0, NULL, NULL),
	(250, 0, 171209113, 0, 1, 0, 0, NULL, NULL),
	(251, 0, 171209114, 0, 1, 0, 0, NULL, NULL),
	(252, 0, 171209115, 0, 1, 0, 0, NULL, NULL),
	(253, 0, 171209119, 0, 1, 0, 0, NULL, NULL),
	(254, 0, 200009000, 0, 1, 0, 0, NULL, NULL),
	(255, 0, 211009000, 0, 1, 0, 0, NULL, NULL),
	(256, 0, 211009111, 0, 1, 0, 0, NULL, NULL),
	(257, 0, 211609000, 0, 1, 0, 0, NULL, NULL),
	(258, 0, 211609111, 0, 1, 0, 0, NULL, NULL),
	(259, 0, 212009000, 0, 1, 0, 0, NULL, NULL),
	(260, 0, 212009111, 0, 1, 0, 0, NULL, NULL),
	(261, 0, 212609000, 0, 1, 0, 0, NULL, NULL),
	(262, 0, 212609111, 0, 1, 0, 0, NULL, NULL),
	(263, 0, 213809000, 0, 1, 0, 0, NULL, NULL),
	(264, 0, 213809111, 0, 1, 0, 0, NULL, NULL),
	(265, 0, 214909000, 0, 1, 0, 0, NULL, NULL),
	(266, 0, 214909111, 0, 1, 0, 0, NULL, NULL),
	(267, 0, 215609000, 0, 1, 0, 0, NULL, NULL),
	(268, 0, 215609111, 0, 1, 0, 0, NULL, NULL),
	(269, 0, 221109000, 0, 1, 0, 0, NULL, NULL),
	(270, 0, 221109111, 0, 1, 0, 0, NULL, NULL),
	(271, 0, 221209000, 0, 1, 0, 0, NULL, NULL),
	(272, 0, 221209111, 0, 1, 0, 0, NULL, NULL),
	(273, 0, 221309000, 0, 1, 0, 0, NULL, NULL),
	(274, 0, 221309111, 0, 1, 0, 0, NULL, NULL),
	(275, 0, 221409000, 0, 1, 0, 0, NULL, NULL),
	(276, 0, 221409111, 0, 1, 0, 0, NULL, NULL),
	(277, 0, 221509000, 0, 1, 0, 0, NULL, NULL),
	(278, 0, 221509111, 0, 1, 0, 0, NULL, NULL),
	(279, 0, 221609000, 0, 1, 0, 0, NULL, NULL),
	(280, 0, 221609111, 0, 1, 0, 0, NULL, NULL),
	(281, 0, 222309000, 0, 1, 0, 0, NULL, NULL),
	(282, 0, 222309111, 0, 1, 0, 0, NULL, NULL),
	(283, 0, 222309112, 0, 1, 0, 0, NULL, NULL),
	(284, 0, 222309113, 0, 1, 0, 0, NULL, NULL),
	(285, 0, 222309119, 0, 1, 0, 0, NULL, NULL),
	(286, 0, 222409000, 0, 1, 0, 0, NULL, NULL),
	(287, 0, 222409111, 0, 1, 0, 0, NULL, NULL),
	(288, 0, 222509000, 0, 1, 0, 0, NULL, NULL),
	(289, 0, 222509111, 0, 1, 0, 0, NULL, NULL),
	(290, 0, 231109000, 0, 1, 0, 0, NULL, NULL),
	(291, 0, 231109111, 0, 1, 0, 0, NULL, NULL),
	(292, 0, 231209000, 0, 1, 0, 0, NULL, NULL),
	(293, 0, 231209111, 0, 1, 0, 0, NULL, NULL),
	(294, 0, 231309000, 0, 1, 0, 0, NULL, NULL),
	(295, 0, 231309112, 0, 1, 0, 0, NULL, NULL),
	(296, 0, 231609000, 0, 1, 0, 0, NULL, NULL),
	(297, 0, 231609113, 0, 1, 0, 0, NULL, NULL),
	(298, 0, 232109000, 0, 1, 0, 0, NULL, NULL),
	(299, 0, 232109111, 0, 1, 0, 0, NULL, NULL),
	(300, 0, 232209000, 0, 1, 0, 0, NULL, NULL),
	(301, 0, 232209111, 0, 1, 0, 0, NULL, NULL),
	(302, 0, 232309000, 0, 1, 0, 0, NULL, NULL),
	(303, 0, 232309111, 0, 1, 0, 0, NULL, NULL),
	(304, 0, 233109000, 0, 1, 0, 0, NULL, NULL),
	(305, 0, 233109111, 0, 1, 0, 0, NULL, NULL),
	(306, 0, 233209000, 0, 1, 0, 0, NULL, NULL),
	(307, 0, 233209111, 0, 1, 0, 0, NULL, NULL),
	(308, 0, 233309000, 0, 1, 0, 0, NULL, NULL),
	(309, 0, 233309111, 0, 1, 0, 0, NULL, NULL),
	(310, 0, 234109000, 0, 1, 0, 0, NULL, NULL),
	(311, 0, 234109111, 0, 1, 0, 0, NULL, NULL),
	(312, 0, 234209000, 0, 1, 0, 0, NULL, NULL),
	(313, 0, 234209111, 0, 1, 0, 0, NULL, NULL),
	(314, 0, 234309000, 0, 1, 0, 0, NULL, NULL),
	(315, 0, 234309111, 0, 1, 0, 0, NULL, NULL),
	(316, 0, 234409000, 0, 1, 0, 0, NULL, NULL),
	(317, 0, 234409111, 0, 1, 0, 0, NULL, NULL),
	(318, 0, 241009000, 0, 1, 0, 0, NULL, NULL),
	(319, 0, 241009111, 0, 1, 0, 0, NULL, NULL),
	(320, 0, 242009000, 0, 1, 561, 0, NULL, '2013-06-23 13:07:59'),
	(321, 0, 242009111, 0, 1, 0, 0, NULL, NULL),
	(322, 0, 243009000, 0, 1, 0, 0, NULL, NULL),
	(323, 0, 243009111, 0, 1, 0, 0, NULL, NULL),
	(324, 0, 251109000, 0, 1, 0, 0, NULL, NULL),
	(325, 0, 251109111, 0, 1, 0, 0, NULL, NULL),
	(326, 0, 251209000, 0, 1, 0, 0, NULL, NULL),
	(327, 0, 251209111, 0, 1, 0, 0, NULL, NULL),
	(328, 0, 251209112, 0, 1, 0, 0, NULL, NULL),
	(329, 0, 251309000, 0, 1, 0, 0, NULL, NULL),
	(330, 0, 251309111, 0, 1, 0, 0, NULL, NULL),
	(331, 0, 251309112, 0, 1, 0, 0, NULL, NULL),
	(332, 0, 251409000, 0, 1, 0, 0, NULL, NULL),
	(333, 0, 251409111, 0, 1, 0, 0, NULL, NULL),
	(334, 0, 251409112, 0, 1, 0, 0, NULL, NULL),
	(335, 0, 251519000, 0, 1, 0, 0, NULL, NULL),
	(336, 0, 251519111, 0, 1, 0, 0, NULL, NULL),
	(337, 0, 251519112, 0, 1, 0, 0, NULL, NULL),
	(338, 0, 251529000, 0, 1, 0, 0, NULL, NULL),
	(339, 0, 251529111, 0, 1, 0, 0, NULL, NULL),
	(340, 0, 251529112, 0, 1, 0, 0, NULL, NULL),
	(341, 0, 251539000, 0, 1, 0, 0, NULL, NULL),
	(342, 0, 251539111, 0, 1, 0, 0, NULL, NULL),
	(343, 0, 251539112, 0, 1, 0, 0, NULL, NULL),
	(344, 0, 251549000, 0, 1, 0, 0, NULL, NULL),
	(345, 0, 251549111, 0, 1, 0, 0, NULL, NULL),
	(346, 0, 251549112, 0, 1, 0, 0, NULL, NULL),
	(347, 0, 252109000, 0, 1, 0, 0, NULL, NULL),
	(348, 0, 252109111, 0, 1, 0, 0, NULL, NULL),
	(349, 0, 252209000, 0, 1, 0, 0, NULL, NULL),
	(350, 0, 252209111, 0, 1, 0, 0, NULL, NULL),
	(351, 0, 252309000, 0, 1, 0, 0, NULL, NULL),
	(352, 0, 252309111, 0, 1, 0, 0, NULL, NULL),
	(353, 0, 252409000, 0, 1, 0, 0, NULL, NULL),
	(354, 0, 252409111, 0, 1, 0, 0, NULL, NULL),
	(355, 0, 252519000, 0, 1, 0, 0, NULL, NULL),
	(356, 0, 252519111, 0, 1, 0, 0, NULL, NULL),
	(357, 0, 252529000, 0, 1, 0, 0, NULL, NULL),
	(358, 0, 252529111, 0, 1, 0, 0, NULL, NULL),
	(359, 0, 252539000, 0, 1, 0, 0, NULL, NULL),
	(360, 0, 252539111, 0, 1, 0, 0, NULL, NULL),
	(361, 0, 252549000, 0, 1, 0, 0, NULL, NULL),
	(362, 0, 252549111, 0, 1, 0, 0, NULL, NULL),
	(363, 0, 261109000, 0, 1, 0, 0, NULL, NULL),
	(364, 0, 261109111, 0, 1, 0, 0, NULL, NULL),
	(365, 0, 261209000, 0, 1, 0, 0, NULL, NULL),
	(366, 0, 261209111, 0, 1, 0, 0, NULL, NULL),
	(367, 0, 261209112, 0, 1, 0, 0, NULL, NULL),
	(368, 0, 261309000, 0, 1, 0, 0, NULL, NULL),
	(369, 0, 261309111, 0, 1, 0, 0, NULL, NULL),
	(370, 0, 261309112, 0, 1, 0, 0, NULL, NULL),
	(371, 0, 261409000, 0, 1, 0, 0, NULL, NULL),
	(372, 0, 261409111, 0, 1, 0, 0, NULL, NULL),
	(373, 0, 261409112, 0, 1, 0, 0, NULL, NULL),
	(374, 0, 261519000, 0, 1, 0, 0, NULL, NULL),
	(375, 0, 261519111, 0, 1, 0, 0, NULL, NULL),
	(376, 0, 261519112, 0, 1, 0, 0, NULL, NULL),
	(377, 0, 261529000, 0, 1, 0, 0, NULL, NULL),
	(378, 0, 261529111, 0, 1, 0, 0, NULL, NULL),
	(379, 0, 261529112, 0, 1, 0, 0, NULL, NULL),
	(380, 0, 261539000, 0, 1, 0, 0, NULL, NULL),
	(381, 0, 261539111, 0, 1, 0, 0, NULL, NULL),
	(382, 0, 261539112, 0, 1, 0, 0, NULL, NULL),
	(383, 0, 261549000, 0, 1, 0, 0, NULL, NULL),
	(384, 0, 261549111, 0, 1, 0, 0, NULL, NULL),
	(385, 0, 261549112, 0, 1, 0, 0, NULL, NULL),
	(386, 0, 262109000, 0, 1, 0, 0, NULL, NULL),
	(387, 0, 262109111, 0, 1, 0, 0, NULL, NULL),
	(388, 0, 262209000, 0, 1, 0, 0, NULL, NULL),
	(389, 0, 262209111, 0, 1, 0, 0, NULL, NULL),
	(390, 0, 262309000, 0, 1, 0, 0, NULL, NULL),
	(391, 0, 262309111, 0, 1, 0, 0, NULL, NULL),
	(392, 0, 262409000, 0, 1, 0, 0, NULL, NULL),
	(393, 0, 262409111, 0, 1, 0, 0, NULL, NULL),
	(394, 0, 262519000, 0, 1, 0, 0, NULL, NULL),
	(395, 0, 262519111, 0, 1, 0, 0, NULL, NULL),
	(396, 0, 262529000, 0, 1, 0, 0, NULL, NULL),
	(397, 0, 262529111, 0, 1, 0, 0, NULL, NULL),
	(398, 0, 262539000, 0, 1, 0, 0, NULL, NULL),
	(399, 0, 262539111, 0, 1, 0, 0, NULL, NULL),
	(400, 0, 262549000, 0, 1, 0, 0, NULL, NULL),
	(401, 0, 262549111, 0, 1, 0, 0, NULL, NULL),
	(402, 0, 271109000, 0, 1, 0, 0, NULL, NULL),
	(403, 0, 271109111, 0, 1, 0, 0, NULL, NULL),
	(404, 0, 271209000, 0, 1, 0, 0, NULL, NULL),
	(405, 0, 271209111, 0, 1, 0, 0, NULL, NULL),
	(406, 0, 271209112, 0, 1, 0, 0, NULL, NULL),
	(407, 0, 271309000, 0, 1, 0, 0, NULL, NULL),
	(408, 0, 271309111, 0, 1, 0, 0, NULL, NULL),
	(409, 0, 271309112, 0, 1, 0, 0, NULL, NULL),
	(410, 0, 271409000, 0, 1, 0, 0, NULL, NULL),
	(411, 0, 271409111, 0, 1, 0, 0, NULL, NULL),
	(412, 0, 271409112, 0, 1, 0, 0, NULL, NULL),
	(413, 0, 271519000, 0, 1, 0, 0, NULL, NULL),
	(414, 0, 271519111, 0, 1, 0, 0, NULL, NULL),
	(415, 0, 271519112, 0, 1, 0, 0, NULL, NULL),
	(416, 0, 271529000, 0, 1, 0, 0, NULL, NULL),
	(417, 0, 271529111, 0, 1, 0, 0, NULL, NULL),
	(418, 0, 271529112, 0, 1, 0, 0, NULL, NULL),
	(419, 0, 271539000, 0, 1, 0, 0, NULL, NULL),
	(420, 0, 271539111, 0, 1, 0, 0, NULL, NULL),
	(421, 0, 271539112, 0, 1, 0, 0, NULL, NULL),
	(422, 0, 271549000, 0, 1, 0, 0, NULL, NULL),
	(423, 0, 271549111, 0, 1, 0, 0, NULL, NULL),
	(424, 0, 271549112, 0, 1, 0, 0, NULL, NULL),
	(425, 0, 272109000, 0, 1, 0, 0, NULL, NULL),
	(426, 0, 272109111, 0, 1, 0, 0, NULL, NULL),
	(427, 0, 272209000, 0, 1, 0, 0, NULL, NULL),
	(428, 0, 272209111, 0, 1, 0, 0, NULL, NULL),
	(429, 0, 272309000, 0, 1, 0, 0, NULL, NULL),
	(430, 0, 272309111, 0, 1, 0, 0, NULL, NULL),
	(431, 0, 272409000, 0, 1, 0, 0, NULL, NULL),
	(432, 0, 272409111, 0, 1, 0, 0, NULL, NULL),
	(433, 0, 272519000, 0, 1, 0, 0, NULL, NULL),
	(434, 0, 272519111, 0, 1, 0, 0, NULL, NULL),
	(435, 0, 272529000, 0, 1, 0, 0, NULL, NULL),
	(436, 0, 272529111, 0, 1, 0, 0, NULL, NULL),
	(437, 0, 272539000, 0, 1, 0, 0, NULL, NULL),
	(438, 0, 272539111, 0, 1, 0, 0, NULL, NULL),
	(439, 0, 272549000, 0, 1, 0, 0, NULL, NULL),
	(440, 0, 272549111, 0, 1, 0, 0, NULL, NULL),
	(441, 0, 281109000, 0, 1, 0, 0, NULL, NULL),
	(442, 0, 281109111, 0, 1, 0, 0, NULL, NULL),
	(443, 0, 281209000, 0, 1, 0, 0, NULL, NULL),
	(444, 0, 281209111, 0, 1, 0, 0, NULL, NULL),
	(445, 0, 281209112, 0, 1, 0, 0, NULL, NULL),
	(446, 0, 281309000, 0, 1, 0, 0, NULL, NULL),
	(447, 0, 281309111, 0, 1, 0, 0, NULL, NULL),
	(448, 0, 281309112, 0, 1, 0, 0, NULL, NULL),
	(449, 0, 281409000, 0, 1, 0, 0, NULL, NULL),
	(450, 0, 281409111, 0, 1, 0, 0, NULL, NULL),
	(451, 0, 281409112, 0, 1, 0, 0, NULL, NULL),
	(452, 0, 281519000, 0, 1, 0, 0, NULL, NULL),
	(453, 0, 281519111, 0, 1, 0, 0, NULL, NULL),
	(454, 0, 281519112, 0, 1, 0, 0, NULL, NULL),
	(455, 0, 281529000, 0, 1, 0, 0, NULL, NULL),
	(456, 0, 281529111, 0, 1, 0, 0, NULL, NULL),
	(457, 0, 281529112, 0, 1, 0, 0, NULL, NULL),
	(458, 0, 281539000, 0, 1, 0, 0, NULL, NULL),
	(459, 0, 281539111, 0, 1, 0, 0, NULL, NULL),
	(460, 0, 281539112, 0, 1, 0, 0, NULL, NULL),
	(461, 0, 281549000, 0, 1, 0, 0, NULL, NULL),
	(462, 0, 281549111, 0, 1, 0, 0, NULL, NULL),
	(463, 0, 281549112, 0, 1, 0, 0, NULL, NULL),
	(464, 0, 282109000, 0, 1, 0, 0, NULL, NULL),
	(465, 0, 282109111, 0, 1, 0, 0, NULL, NULL),
	(466, 0, 282209000, 0, 1, 0, 0, NULL, NULL),
	(467, 0, 282209111, 0, 1, 0, 0, NULL, NULL),
	(468, 0, 282309000, 0, 1, 0, 0, NULL, NULL),
	(469, 0, 282309111, 0, 1, 0, 0, NULL, NULL),
	(470, 0, 282409000, 0, 1, 0, 0, NULL, NULL),
	(471, 0, 282409111, 0, 1, 0, 0, NULL, NULL),
	(472, 0, 282519000, 0, 1, 0, 0, NULL, NULL),
	(473, 0, 282519111, 0, 1, 0, 0, NULL, NULL),
	(474, 0, 282529000, 0, 1, 0, 0, NULL, NULL),
	(475, 0, 282529111, 0, 1, 0, 0, NULL, NULL),
	(476, 0, 282539000, 0, 1, 0, 0, NULL, NULL),
	(477, 0, 282539111, 0, 1, 0, 0, NULL, NULL),
	(478, 0, 282549000, 0, 1, 0, 0, NULL, NULL),
	(479, 0, 282549111, 0, 1, 0, 0, NULL, NULL),
	(480, 0, 289709000, 0, 1, 0, 0, NULL, NULL),
	(481, 0, 289709111, 0, 1, 0, 0, NULL, NULL),
	(482, 0, 289709112, 0, 1, 0, 0, NULL, NULL),
	(483, 0, 289809000, 0, 1, 0, 0, NULL, NULL),
	(484, 0, 289809111, 0, 1, 0, 0, NULL, NULL),
	(485, 0, 289909000, 0, 1, 0, 0, NULL, NULL),
	(486, 0, 289909111, 0, 1, 0, 0, NULL, NULL),
	(487, 0, 291109000, 0, 1, 0, 0, NULL, NULL),
	(488, 0, 291109111, 0, 1, 0, 0, NULL, NULL),
	(489, 0, 291209000, 0, 1, 0, 0, NULL, NULL),
	(490, 0, 291209111, 0, 1, 0, 0, NULL, NULL),
	(491, 0, 292109000, 0, 1, 0, 0, NULL, NULL),
	(492, 0, 292109111, 0, 1, 0, 0, NULL, NULL),
	(493, 0, 292209000, 0, 1, 0, 0, NULL, NULL),
	(494, 0, 292209111, 0, 1, 0, 0, NULL, NULL),
	(495, 0, 292309000, 0, 1, 0, 0, NULL, NULL),
	(496, 0, 292309111, 0, 1, 0, 0, NULL, NULL),
	(497, 0, 293109000, 0, 1, 0, 0, NULL, NULL),
	(498, 0, 293109111, 0, 1, 0, 0, NULL, NULL),
	(499, 0, 293209000, 0, 1, 0, 0, NULL, NULL),
	(500, 0, 293209111, 0, 1, 0, 0, NULL, NULL),
	(501, 0, 293309000, 0, 1, 0, 0, NULL, NULL),
	(502, 0, 293309111, 0, 1, 0, 0, NULL, NULL),
	(503, 0, 293409000, 0, 1, 0, 0, NULL, NULL),
	(504, 0, 293409111, 0, 1, 0, 0, NULL, NULL),
	(505, 0, 293509000, 0, 1, 0, 0, NULL, NULL),
	(506, 0, 293509111, 0, 1, 0, 0, NULL, NULL),
	(507, 0, 294109000, 0, 1, 0, 0, NULL, NULL),
	(508, 0, 294109111, 0, 1, 0, 0, NULL, NULL),
	(509, 0, 294209000, 0, 1, 0, 0, NULL, NULL),
	(510, 0, 294209111, 0, 1, 0, 0, NULL, NULL),
	(511, 0, 294309000, 0, 1, 0, 0, NULL, NULL),
	(512, 0, 294309111, 0, 1, 0, 0, NULL, NULL),
	(513, 0, 294409000, 0, 1, 0, 0, NULL, NULL),
	(514, 0, 294409111, 0, 1, 0, 0, NULL, NULL),
	(515, 0, 294509000, 0, 1, 0, 0, NULL, NULL),
	(516, 0, 294509111, 0, 1, 0, 0, NULL, NULL),
	(517, 0, 294609000, 0, 1, 0, 0, NULL, NULL),
	(518, 0, 294609111, 0, 1, 0, 0, NULL, NULL),
	(519, 0, 294709000, 0, 1, 0, 0, NULL, NULL),
	(520, 0, 294709111, 0, 1, 0, 0, NULL, NULL),
	(521, 0, 294809000, 0, 1, 0, 0, NULL, NULL),
	(522, 0, 294809111, 0, 1, 0, 0, NULL, NULL),
	(523, 0, 294919000, 0, 1, 0, 0, NULL, NULL),
	(524, 0, 294919111, 0, 1, 0, 0, NULL, NULL),
	(525, 0, 294929000, 0, 1, 0, 0, NULL, NULL),
	(526, 0, 294929111, 0, 1, 0, 0, NULL, NULL),
	(527, 0, 295109000, 0, 1, 0, 0, NULL, NULL),
	(528, 0, 295109111, 0, 1, 0, 0, NULL, NULL),
	(529, 0, 295209000, 0, 1, 0, 0, NULL, NULL),
	(530, 0, 295209111, 0, 1, 0, 0, NULL, NULL),
	(531, 0, 296509000, 0, 1, 0, 0, NULL, NULL),
	(532, 0, 296509001, 0, 1, 0, 0, NULL, NULL),
	(533, 0, 296509002, 0, 1, 0, 0, NULL, NULL),
	(534, 0, 296509003, 0, 1, 0, 0, NULL, NULL),
	(535, 0, 296509004, 0, 1, 0, 0, NULL, NULL),
	(536, 0, 296509005, 0, 1, 0, 0, NULL, NULL),
	(537, 0, 296509006, 0, 1, 0, 0, NULL, NULL),
	(538, 0, 296509007, 0, 1, 0, 0, NULL, NULL),
	(539, 0, 296509008, 0, 1, 0, 0, NULL, NULL),
	(540, 0, 296509009, 0, 1, 0, 0, NULL, NULL),
	(541, 0, 296509010, 0, 1, 0, 0, NULL, NULL),
	(542, 0, 296509011, 0, 1, 0, 0, NULL, NULL),
	(543, 0, 296509012, 0, 1, 0, 0, NULL, NULL),
	(544, 0, 296509013, 0, 1, 0, 0, NULL, NULL),
	(545, 0, 296509014, 0, 1, 0, 0, NULL, NULL),
	(546, 0, 296509015, 0, 1, 0, 0, NULL, NULL),
	(547, 0, 296509016, 0, 1, 0, 0, NULL, NULL),
	(548, 0, 296509017, 0, 1, 0, 0, NULL, NULL),
	(549, 0, 296509018, 0, 1, 0, 0, NULL, NULL),
	(550, 0, 296509019, 0, 1, 0, 0, NULL, NULL),
	(551, 0, 296509020, 0, 1, 0, 0, NULL, NULL),
	(552, 0, 296509021, 0, 1, 0, 0, NULL, NULL),
	(553, 0, 296509022, 0, 1, 0, 0, NULL, NULL),
	(554, 0, 296509023, 0, 1, 0, 0, NULL, NULL),
	(555, 0, 296509024, 0, 1, 0, 0, NULL, NULL),
	(556, 0, 296509025, 0, 1, 0, 0, NULL, NULL),
	(557, 0, 296509026, 0, 1, 0, 0, NULL, NULL),
	(558, 0, 296509027, 0, 1, 0, 0, NULL, NULL),
	(559, 0, 296509028, 0, 1, 0, 0, NULL, NULL),
	(560, 0, 296509029, 0, 1, 0, 0, NULL, NULL),
	(561, 0, 296509030, 0, 1, 0, 0, NULL, NULL),
	(562, 0, 296509031, 0, 1, 0, 0, NULL, NULL),
	(563, 0, 296509032, 0, 1, 0, 0, NULL, NULL),
	(564, 0, 296509033, 0, 1, 0, 0, NULL, NULL),
	(565, 0, 296509034, 0, 1, 0, 0, NULL, NULL),
	(566, 0, 296509035, 0, 1, 0, 0, NULL, NULL),
	(567, 0, 296509036, 0, 1, 0, 0, NULL, NULL),
	(568, 0, 296509037, 0, 1, 0, 0, NULL, NULL),
	(569, 0, 296509038, 0, 1, 0, 0, NULL, NULL),
	(570, 0, 296509039, 0, 1, 0, 0, NULL, NULL),
	(571, 0, 296509040, 0, 1, 0, 0, NULL, NULL),
	(572, 0, 296509041, 0, 1, 0, 0, NULL, NULL),
	(573, 0, 296509042, 0, 1, 0, 0, NULL, NULL),
	(574, 0, 296509043, 0, 1, 0, 0, NULL, NULL),
	(575, 0, 296509044, 0, 1, 0, 0, NULL, NULL),
	(576, 0, 296509045, 0, 1, 0, 0, NULL, NULL),
	(577, 0, 296509046, 0, 1, 0, 0, NULL, NULL),
	(578, 0, 296509047, 0, 1, 0, 0, NULL, NULL),
	(579, 0, 296509048, 0, 1, 0, 0, NULL, NULL),
	(580, 0, 296509049, 0, 1, 0, 0, NULL, NULL),
	(581, 0, 296509050, 0, 1, 0, 0, NULL, NULL),
	(582, 0, 296509051, 0, 1, 0, 0, NULL, NULL),
	(583, 0, 296509052, 0, 1, 0, 0, NULL, NULL),
	(584, 0, 296509053, 0, 1, 0, 0, NULL, NULL),
	(585, 0, 296509054, 0, 1, 0, 0, NULL, NULL),
	(586, 0, 296509055, 0, 1, 0, 0, NULL, NULL),
	(587, 0, 296509056, 0, 1, 0, 0, NULL, NULL),
	(588, 0, 296509057, 0, 1, 0, 0, NULL, NULL),
	(589, 0, 296509058, 0, 1, 0, 0, NULL, NULL),
	(590, 0, 296509059, 0, 1, 0, 0, NULL, NULL),
	(591, 0, 296509060, 0, 1, 0, 0, NULL, NULL),
	(592, 0, 296509061, 0, 1, 0, 0, NULL, NULL),
	(593, 0, 296509062, 0, 1, 0, 0, NULL, NULL),
	(594, 0, 296509063, 0, 1, 0, 0, NULL, NULL),
	(595, 0, 296509064, 0, 1, 0, 0, NULL, NULL),
	(596, 0, 296509065, 0, 1, 0, 0, NULL, NULL),
	(597, 0, 296509066, 0, 1, 0, 0, NULL, NULL),
	(598, 0, 296509999, 0, 1, 0, 0, NULL, NULL),
	(599, 0, 296609111, 0, 1, 0, 0, NULL, NULL),
	(600, 0, 296709000, 0, 1, 0, 0, NULL, NULL),
	(601, 0, 296709111, 0, 1, 0, 0, NULL, NULL),
	(602, 0, 296709112, 0, 1, 0, 0, NULL, NULL),
	(603, 0, 296709113, 0, 1, 0, 0, NULL, NULL),
	(604, 0, 296709114, 0, 1, 0, 0, NULL, NULL),
	(605, 0, 296709115, 0, 1, 0, 0, NULL, NULL),
	(606, 0, 296709116, 0, 1, 0, 0, NULL, NULL),
	(607, 0, 296709117, 0, 1, 0, 0, NULL, NULL),
	(608, 0, 296709211, 0, 1, 0, 400350, NULL, '2013-08-29 16:14:40'),
	(609, 0, 296809000, 0, 1, 0, 0, NULL, NULL),
	(610, 0, 296809111, 0, 1, 0, 0, NULL, NULL),
	(611, 0, 300009000, 0, 1, 0, 0, NULL, NULL),
	(612, 0, 321109000, 0, 1, 0, 0, NULL, NULL),
	(613, 0, 321109111, 0, 1, 0, 0, NULL, NULL),
	(614, 0, 322109000, 0, 1, 0, 0, NULL, NULL),
	(615, 0, 322109111, 0, 1, 0, 0, NULL, NULL),
	(616, 0, 322209000, 0, 1, 0, -346414, NULL, '2013-08-14 23:42:31'),
	(617, 0, 322209111, 0, 1, 0, 0, NULL, NULL),
	(618, 0, 322309000, 0, 1, 0, 0, NULL, NULL),
	(619, 0, 322309111, 0, 1, 0, 0, NULL, NULL),
	(620, 0, 322409000, 0, 1, 0, 0, NULL, NULL),
	(621, 0, 322409111, 0, 1, 0, 0, NULL, NULL),
	(622, 0, 322909000, 0, 1, 0, 0, NULL, NULL),
	(623, 0, 322909111, 0, 1, 0, 0, NULL, NULL),
	(624, 0, 322909119, 0, 1, 0, 0, NULL, NULL),
	(625, 0, 331109000, 0, 1, 0, 100, NULL, '2013-08-23 10:42:05'),
	(626, 0, 331109111, 0, 1, 0, 0, NULL, NULL),
	(627, 0, 331109112, 0, 1, 0, 0, NULL, NULL),
	(628, 0, 331109113, 0, 1, 0, 0, NULL, NULL),
	(629, 0, 331109114, 0, 1, 0, 0, NULL, NULL),
	(630, 0, 332109000, 0, 1, 0, 0, NULL, NULL),
	(631, 0, 332109111, 0, 1, 0, 0, NULL, NULL),
	(632, 0, 332209000, 0, 1, 0, 0, NULL, NULL),
	(633, 0, 332209111, 0, 1, 0, 0, NULL, NULL),
	(634, 0, 332209112, 0, 1, 0, 0, NULL, NULL),
	(635, 0, 332209113, 0, 1, 0, 0, NULL, NULL),
	(636, 0, 333109000, 0, 1, 0, 0, NULL, NULL),
	(637, 0, 333109111, 0, 1, 0, 0, NULL, NULL),
	(638, 0, 333209000, 0, 1, 0, 0, NULL, NULL),
	(639, 0, 333209111, 0, 1, 0, 0, NULL, NULL),
	(640, 0, 333309000, 0, 1, 0, 0, NULL, NULL),
	(641, 0, 333309111, 0, 1, 0, 0, NULL, NULL),
	(642, 0, 333409000, 0, 1, 0, 0, NULL, NULL),
	(643, 0, 333409111, 0, 1, 0, 0, NULL, NULL),
	(644, 0, 341109000, 0, 1, 0, 0, NULL, NULL),
	(645, 0, 341109111, 0, 1, 0, 0, NULL, NULL),
	(646, 0, 342109000, 0, 1, 0, 0, NULL, NULL),
	(647, 0, 342109111, 0, 1, 0, 0, NULL, NULL),
	(648, 0, 342209000, 0, 1, 0, -44, NULL, '2013-07-21 14:28:41'),
	(649, 0, 342209111, 0, 1, 0, 0, NULL, NULL),
	(650, 0, 342309000, 0, 1, 0, 0, NULL, NULL),
	(651, 0, 342309111, 0, 1, 0, 0, NULL, NULL),
	(652, 0, 342409000, 0, 1, 0, 0, NULL, NULL),
	(653, 0, 342409111, 0, 1, 0, 0, NULL, NULL),
	(654, 0, 342909000, 0, 1, 0, 0, NULL, NULL),
	(655, 0, 342909111, 0, 1, 0, 0, NULL, NULL),
	(656, 0, 571109000, 0, 1, 0, 363411, NULL, '2013-07-16 15:38:03'),
	(657, 0, 343109111, 0, 1, 0, 0, NULL, NULL),
	(658, 0, 343109112, 0, 1, 0, 0, NULL, NULL),
	(659, 0, 343109113, 0, 1, 0, 0, NULL, NULL),
	(660, 0, 343109114, 0, 1, 0, 0, NULL, NULL),
	(661, 0, 343209000, 0, 1, 0, 0, NULL, NULL),
	(662, 0, 343209111, 0, 1, 0, 0, NULL, NULL),
	(663, 0, 343309000, 0, 1, 0, 0, NULL, NULL),
	(664, 0, 343309111, 0, 1, 0, 0, NULL, NULL),
	(665, 0, 344109000, 0, 1, 0, 0, NULL, NULL),
	(666, 0, 344109111, 0, 1, 0, 0, NULL, NULL),
	(667, 0, 344209000, 0, 1, 0, 0, NULL, NULL),
	(668, 0, 344209111, 0, 1, 0, 0, NULL, NULL),
	(669, 0, 344309000, 0, 1, 0, 0, NULL, NULL),
	(670, 0, 344309111, 0, 1, 0, 0, NULL, NULL),
	(671, 0, 344409000, 0, 1, 0, 0, NULL, NULL),
	(672, 0, 344409111, 0, 1, 0, 0, NULL, NULL),
	(673, 0, 361109000, 0, 1, 0, 0, NULL, NULL),
	(674, 0, 361109111, 0, 1, 0, 0, NULL, NULL),
	(675, 0, 361109112, 0, 1, 0, 0, NULL, NULL),
	(676, 0, 361209000, 0, 1, 0, 0, NULL, NULL),
	(677, 0, 361209111, 0, 1, 0, 0, NULL, NULL),
	(678, 0, 361209112, 0, 1, 0, 0, NULL, NULL),
	(679, 0, 361209113, 0, 1, 0, 0, NULL, NULL),
	(680, 0, 361209119, 0, 1, 0, 0, NULL, NULL),
	(681, 0, 361309000, 0, 1, 0, 0, NULL, NULL),
	(682, 0, 361309111, 0, 1, 0, 0, NULL, NULL),
	(683, 0, 361409000, 0, 1, 0, 0, NULL, NULL),
	(684, 0, 361409111, 0, 1, 0, 0, NULL, NULL),
	(685, 0, 361509000, 0, 1, 0, 0, NULL, NULL),
	(686, 0, 361509111, 0, 1, 0, 0, NULL, NULL),
	(687, 0, 361509112, 0, 1, 0, 0, NULL, NULL),
	(688, 0, 361509113, 0, 1, 0, 0, NULL, NULL),
	(689, 0, 361509114, 0, 1, 0, 0, NULL, NULL),
	(690, 0, 361509119, 0, 1, 0, 0, NULL, NULL),
	(691, 0, 361609000, 0, 1, 0, 0, NULL, NULL),
	(692, 0, 361609111, 0, 1, 0, 0, NULL, NULL),
	(693, 0, 362109000, 0, 1, 0, 0, NULL, NULL),
	(694, 0, 362109111, 0, 1, 0, 0, NULL, NULL),
	(695, 0, 362109112, 0, 1, 0, 0, NULL, NULL),
	(696, 0, 362109113, 0, 1, 0, 0, NULL, NULL),
	(697, 0, 362109114, 0, 1, 0, 0, NULL, NULL),
	(698, 0, 362109119, 0, 1, 0, 0, NULL, NULL),
	(699, 0, 363109000, 0, 1, 0, 0, NULL, NULL),
	(700, 0, 363109111, 0, 1, 0, 0, NULL, NULL),
	(701, 0, 363109119, 0, 1, 0, 0, NULL, NULL),
	(702, 0, 372109000, 0, 1, 0, 0, NULL, NULL),
	(703, 0, 372109111, 0, 1, 0, 0, NULL, NULL),
	(704, 0, 373109000, 0, 1, 0, 0, NULL, NULL),
	(705, 0, 373109111, 0, 1, 0, 0, NULL, NULL),
	(706, 0, 381109000, 0, 1, 0, 0, NULL, NULL),
	(707, 0, 381109111, 0, 1, 0, 0, NULL, NULL),
	(708, 0, 381109112, 0, 1, 0, 0, NULL, NULL),
	(709, 0, 381109113, 0, 1, 0, 0, NULL, NULL),
	(710, 0, 381109114, 0, 1, 0, 0, NULL, NULL),
	(711, 0, 381109115, 0, 1, 0, 0, NULL, NULL),
	(712, 0, 381109116, 0, 1, 0, 0, NULL, NULL),
	(713, 0, 381109117, 0, 1, 0, 0, NULL, NULL),
	(714, 0, 381109118, 0, 1, 0, 0, NULL, NULL),
	(715, 0, 381109119, 0, 1, 0, 0, NULL, NULL),
	(716, 0, 382109000, 0, 1, 0, 0, NULL, NULL),
	(717, 0, 382109111, 0, 1, 0, 0, NULL, NULL),
	(718, 0, 383109000, 0, 1, 0, 0, NULL, NULL),
	(719, 0, 383109111, 0, 1, 0, 0, NULL, NULL),
	(720, 0, 384109000, 0, 1, 0, 0, NULL, NULL),
	(721, 0, 384109111, 0, 1, 0, 0, NULL, NULL),
	(722, 0, 384109112, 0, 1, 0, 0, NULL, NULL),
	(723, 0, 384109113, 0, 1, 0, 0, NULL, NULL),
	(724, 0, 384109114, 0, 1, 0, 0, NULL, NULL),
	(725, 0, 384109119, 0, 1, 0, 0, NULL, NULL),
	(726, 0, 385109000, 0, 1, 0, 0, NULL, NULL),
	(727, 0, 385109111, 0, 1, 0, 0, NULL, NULL),
	(728, 0, 386109111, 0, 1, 0, 0, NULL, NULL),
	(729, 0, 389109000, 0, 1, 0, 0, NULL, NULL),
	(730, 0, 389109111, 0, 1, 0, 0, NULL, NULL),
	(731, 0, 389209000, 0, 1, 0, 0, NULL, NULL),
	(732, 0, 389209111, 0, 1, 0, 0, NULL, NULL),
	(733, 0, 389309000, 0, 1, 0, 0, NULL, NULL),
	(734, 0, 389309111, 0, 1, 0, 0, NULL, NULL),
	(735, 0, 389809000, 0, 1, 0, 0, NULL, NULL),
	(736, 0, 389809111, 0, 1, 0, 0, NULL, NULL),
	(737, 0, 389809112, 0, 1, 0, 0, NULL, NULL),
	(738, 0, 389809117, 0, 1, 0, 0, NULL, NULL),
	(739, 0, 389809119, 0, 1, 0, 0, NULL, NULL),
	(740, 0, 389809211, 0, 1, 0, 0, NULL, NULL),
	(741, 0, 389809212, 0, 1, 0, 0, NULL, NULL),
	(742, 0, 389809213, 0, 1, 0, 0, NULL, NULL),
	(743, 0, 389809214, 0, 1, 0, 0, NULL, NULL),
	(744, 0, 389809215, 0, 1, 0, 0, NULL, NULL),
	(745, 0, 389809216, 0, 1, 0, 0, NULL, NULL),
	(746, 0, 389809217, 0, 1, 0, 0, NULL, NULL),
	(747, 0, 389809218, 0, 1, 0, 0, NULL, NULL),
	(748, 0, 389809219, 0, 1, 0, 0, NULL, NULL),
	(749, 0, 389809220, 0, 1, 0, 0, NULL, NULL),
	(750, 0, 389809221, 0, 1, 0, 0, NULL, NULL),
	(751, 0, 389809222, 0, 1, 0, 0, NULL, NULL),
	(752, 0, 389809223, 0, 1, 0, 0, NULL, NULL),
	(753, 0, 389809224, 0, 1, 0, 0, NULL, NULL),
	(754, 0, 389809225, 0, 1, 0, 0, NULL, NULL),
	(755, 0, 389809226, 0, 1, 0, 0, NULL, NULL),
	(756, 0, 389809227, 0, 1, 0, 0, NULL, NULL),
	(757, 0, 389809228, 0, 1, 0, 0, NULL, NULL),
	(758, 0, 389809229, 0, 1, 0, 0, NULL, NULL),
	(759, 0, 389809230, 0, 1, 0, 0, NULL, NULL),
	(760, 0, 389809231, 0, 1, 0, 0, NULL, NULL),
	(761, 0, 389809232, 0, 1, 0, 0, NULL, NULL),
	(762, 0, 389809233, 0, 1, 0, 0, NULL, NULL),
	(763, 0, 389809234, 0, 1, 0, 0, NULL, NULL),
	(764, 0, 389809235, 0, 1, 0, 0, NULL, NULL),
	(765, 0, 389809236, 0, 1, 0, 0, NULL, NULL),
	(766, 0, 389809237, 0, 1, 0, 0, NULL, NULL),
	(767, 0, 389809238, 0, 1, 0, 0, NULL, NULL),
	(768, 0, 389809239, 0, 1, 0, 0, NULL, NULL),
	(769, 0, 389809240, 0, 1, 0, 0, NULL, NULL),
	(770, 0, 389809241, 0, 1, 0, 0, NULL, NULL),
	(771, 0, 389809242, 0, 1, 0, 0, NULL, NULL),
	(772, 0, 389809243, 0, 1, 0, 0, NULL, NULL),
	(773, 0, 389809244, 0, 1, 0, 0, NULL, NULL),
	(774, 0, 389809245, 0, 1, 0, 0, NULL, NULL),
	(775, 0, 389809246, 0, 1, 0, 0, NULL, NULL),
	(776, 0, 389809247, 0, 1, 0, 0, NULL, NULL),
	(777, 0, 389809248, 0, 1, 0, 0, NULL, NULL),
	(778, 0, 389809249, 0, 1, 0, 0, NULL, NULL),
	(779, 0, 389809250, 0, 1, 0, 0, NULL, NULL),
	(780, 0, 389809251, 0, 1, 0, 0, NULL, NULL),
	(781, 0, 389809252, 0, 1, 0, 0, NULL, NULL),
	(782, 0, 389809253, 0, 1, 0, 0, NULL, NULL),
	(783, 0, 389809254, 0, 1, 0, 0, NULL, NULL),
	(784, 0, 389809255, 0, 1, 0, 0, NULL, NULL),
	(785, 0, 389809256, 0, 1, 0, 0, NULL, NULL),
	(786, 0, 389809257, 0, 1, 0, 0, NULL, NULL),
	(787, 0, 389809258, 0, 1, 0, 0, NULL, NULL),
	(788, 0, 389809259, 0, 1, 0, 0, NULL, NULL),
	(789, 0, 389809260, 0, 1, 0, 0, NULL, NULL),
	(790, 0, 389809261, 0, 1, 0, 0, NULL, NULL),
	(791, 0, 389809262, 0, 1, 0, 0, NULL, NULL),
	(792, 0, 389809263, 0, 1, 0, 0, NULL, NULL),
	(793, 0, 389809264, 0, 1, 0, 0, NULL, NULL),
	(794, 0, 389809265, 0, 1, 0, 0, NULL, NULL),
	(795, 0, 389809266, 0, 1, 0, 0, NULL, NULL),
	(796, 0, 389809267, 0, 1, 0, 0, NULL, NULL),
	(797, 0, 389809268, 0, 1, 0, 0, NULL, NULL),
	(798, 0, 389809269, 0, 1, 0, 0, NULL, NULL),
	(799, 0, 389809270, 0, 1, 0, 0, NULL, NULL),
	(800, 0, 389809271, 0, 1, 0, 0, NULL, NULL),
	(801, 0, 389809272, 0, 1, 0, 0, NULL, NULL),
	(802, 0, 389809273, 0, 1, 0, 0, NULL, NULL),
	(803, 0, 389809274, 0, 1, 0, 0, NULL, NULL),
	(804, 0, 389809275, 0, 1, 0, 0, NULL, NULL),
	(805, 0, 389809276, 0, 1, 0, 0, NULL, NULL),
	(806, 0, 389809888, 0, 1, 0, 0, NULL, NULL),
	(807, 0, 389809889, 0, 1, 0, 0, NULL, NULL),
	(808, 0, 400009000, 0, 1, 0, 0, NULL, NULL),
	(809, 0, 401109000, 0, 1, 0, 0, NULL, NULL),
	(810, 0, 401109111, 0, 1, 0, 0, NULL, NULL),
	(811, 0, 401209000, 0, 1, 0, 0, NULL, NULL),
	(812, 0, 401209111, 0, 1, 0, 0, NULL, NULL),
	(813, 0, 401309000, 0, 1, 0, 0, NULL, NULL),
	(814, 0, 401309111, 0, 1, 0, 0, NULL, NULL),
	(815, 0, 401409000, 0, 1, 0, 0, NULL, NULL),
	(816, 0, 401409111, 0, 1, 0, 0, NULL, NULL),
	(817, 0, 402109000, 0, 1, 0, 0, NULL, NULL),
	(818, 0, 402109111, 0, 1, 0, 0, NULL, NULL),
	(819, 0, 402209000, 0, 1, 0, 0, NULL, NULL),
	(820, 0, 402209111, 0, 1, 0, 0, NULL, NULL),
	(821, 0, 404109000, 0, 1, 0, 0, NULL, NULL),
	(822, 0, 404109111, 0, 1, 0, 0, NULL, NULL),
	(823, 0, 404209000, 0, 1, 0, 0, NULL, NULL),
	(824, 0, 404209111, 0, 1, 0, 0, NULL, NULL),
	(825, 0, 404309000, 0, 1, 0, 0, NULL, NULL),
	(826, 0, 404309111, 0, 1, 0, 0, NULL, NULL),
	(827, 0, 404409000, 0, 1, 0, 0, NULL, NULL),
	(828, 0, 404409111, 0, 1, 0, 0, NULL, NULL),
	(829, 0, 405109000, 0, 1, 0, 0, NULL, NULL),
	(830, 0, 405109111, 0, 1, 0, 0, NULL, NULL),
	(831, 0, 405209000, 0, 1, 0, 0, NULL, NULL),
	(832, 0, 405209111, 0, 1, 0, 0, NULL, NULL),
	(833, 0, 405309000, 0, 1, 0, 0, NULL, NULL),
	(834, 0, 405309111, 0, 1, 0, 0, NULL, NULL),
	(835, 0, 405409000, 0, 1, 0, 0, NULL, NULL),
	(836, 0, 405409111, 0, 1, 0, 0, NULL, NULL),
	(837, 0, 405509000, 0, 1, 0, 0, NULL, NULL),
	(838, 0, 405509111, 0, 1, 0, 0, NULL, NULL),
	(839, 0, 407109000, 0, 1, 0, 0, NULL, NULL),
	(840, 0, 407109111, 0, 1, 0, 0, NULL, NULL),
	(841, 0, 408109000, 0, 1, 0, 0, NULL, NULL),
	(842, 0, 408109111, 0, 1, 0, 0, NULL, NULL),
	(843, 0, 500009000, 0, 1, 57964, 26060, NULL, '2013-08-22 23:02:07'),
	(844, 0, 514109000, 0, 1, 0, 0, NULL, '2013-06-24 05:11:32'),
	(845, 0, 514109111, 0, 1, 2200, 0, NULL, '2013-06-27 18:04:50'),
	(846, 0, 514209000, 0, 1, 0, 0, NULL, NULL),
	(847, 0, 514209111, 0, 1, 0, 0, NULL, NULL),
	(848, 0, 514309000, 0, 1, 0, 0, NULL, NULL),
	(849, 0, 514309111, 0, 1, 0, 0, NULL, NULL),
	(850, 0, 514609000, 0, 1, 0, 0, NULL, NULL),
	(851, 0, 514609111, 0, 1, 0, 0, NULL, NULL),
	(852, 0, 515109000, 0, 1, 0, 0, NULL, NULL),
	(853, 0, 515109111, 0, 1, 0, 0, NULL, NULL),
	(854, 0, 515209000, 0, 1, 0, 0, NULL, NULL),
	(855, 0, 515209111, 0, 1, 0, 0, NULL, NULL),
	(856, 0, 515309000, 0, 1, 0, 0, NULL, NULL),
	(857, 0, 515309111, 0, 1, 0, 0, NULL, NULL),
	(858, 0, 515309112, 0, 1, 0, 0, NULL, NULL),
	(859, 0, 515309113, 0, 1, 0, 0, NULL, NULL),
	(860, 0, 515309114, 0, 1, 0, 0, NULL, NULL),
	(861, 0, 516109000, 0, 1, 0, 0, NULL, NULL),
	(862, 0, 516109111, 0, 1, 0, 0, NULL, NULL),
	(863, 0, 516209000, 0, 1, 0, 0, NULL, NULL),
	(864, 0, 516209111, 0, 1, 0, 0, NULL, NULL),
	(865, 0, 516309000, 0, 1, 332, 0, NULL, '2013-06-27 18:04:59'),
	(866, 0, 516309111, 0, 1, 0, 0, NULL, NULL),
	(867, 0, 517109000, 0, 1, 0, 0, NULL, NULL),
	(868, 0, 517109111, 0, 1, 0, 0, NULL, NULL),
	(869, 0, 517209000, 0, 1, 0, 0, NULL, NULL),
	(870, 0, 517209111, 0, 1, 0, 0, NULL, NULL),
	(871, 0, 517309000, 0, 1, 0, 0, NULL, NULL),
	(872, 0, 517309111, 0, 1, 0, 0, NULL, NULL),
	(873, 0, 517409000, 0, 1, 0, 0, NULL, NULL),
	(874, 0, 517409111, 0, 1, 0, 0, NULL, NULL),
	(875, 0, 521109000, 0, 1, 0, 0, NULL, NULL),
	(876, 0, 521109111, 0, 1, 0, 0, NULL, NULL),
	(877, 0, 521209000, 0, 1, 0, 0, NULL, NULL),
	(878, 0, 521209111, 0, 1, 0, 0, NULL, NULL),
	(879, 0, 521209112, 0, 1, 0, 0, NULL, NULL),
	(880, 0, 521309000, 0, 1, 0, 0, NULL, NULL),
	(881, 0, 521309111, 0, 1, 0, 0, NULL, NULL),
	(882, 0, 521309112, 0, 1, 0, 0, NULL, NULL),
	(883, 0, 521409000, 0, 1, 0, 0, NULL, NULL),
	(884, 0, 521409111, 0, 1, 0, 0, NULL, NULL),
	(885, 0, 521409112, 0, 1, 0, 0, NULL, NULL),
	(886, 0, 521519000, 0, 1, 0, 0, NULL, NULL),
	(887, 0, 521519111, 0, 1, 0, 0, NULL, NULL),
	(888, 0, 521519112, 0, 1, 0, 0, NULL, NULL),
	(889, 0, 521529000, 0, 1, 0, 0, NULL, NULL),
	(890, 0, 521529111, 0, 1, 0, 0, NULL, NULL),
	(891, 0, 521529112, 0, 1, 0, 0, NULL, NULL),
	(892, 0, 521539000, 0, 1, 0, 0, NULL, NULL),
	(893, 0, 521539111, 0, 1, 0, 0, NULL, NULL),
	(894, 0, 521539112, 0, 1, 0, 0, NULL, NULL),
	(895, 0, 521549000, 0, 1, 0, 0, NULL, NULL),
	(896, 0, 521549111, 0, 1, 0, 0, NULL, NULL),
	(897, 0, 521549112, 0, 1, 0, 0, NULL, NULL),
	(898, 0, 522109000, 0, 1, 0, 0, NULL, NULL),
	(899, 0, 522109111, 0, 1, 0, 0, NULL, NULL),
	(900, 0, 522209000, 0, 1, 0, 0, NULL, NULL),
	(901, 0, 522209111, 0, 1, 0, 0, NULL, NULL),
	(902, 0, 522309000, 0, 1, 0, 0, NULL, NULL),
	(903, 0, 522309111, 0, 1, 0, 0, NULL, NULL),
	(904, 0, 522409000, 0, 1, 0, 0, NULL, NULL),
	(905, 0, 522409111, 0, 1, 0, 0, NULL, NULL),
	(906, 0, 522519000, 0, 1, 0, 0, NULL, NULL),
	(907, 0, 522519111, 0, 1, 0, 0, NULL, NULL),
	(908, 0, 522529000, 0, 1, 0, 0, NULL, NULL),
	(909, 0, 522529111, 0, 1, 0, 0, NULL, NULL),
	(910, 0, 522539000, 0, 1, 0, 0, NULL, NULL),
	(911, 0, 522539111, 0, 1, 0, 0, NULL, NULL),
	(912, 0, 522549000, 0, 1, 0, 0, NULL, NULL),
	(913, 0, 522549111, 0, 1, 0, 0, NULL, NULL),
	(914, 0, 523109000, 0, 1, 0, 0, NULL, NULL),
	(915, 0, 523109111, 0, 1, 0, 0, NULL, NULL),
	(916, 0, 523209000, 0, 1, 0, 0, NULL, NULL),
	(917, 0, 523209111, 0, 1, 0, 0, NULL, NULL),
	(918, 0, 523209112, 0, 1, 0, 0, NULL, NULL),
	(919, 0, 523309000, 0, 1, 0, 0, NULL, NULL),
	(920, 0, 523309111, 0, 1, 0, 0, NULL, NULL),
	(921, 0, 523309112, 0, 1, 0, 0, NULL, NULL),
	(922, 0, 523409000, 0, 1, 0, 0, NULL, NULL),
	(923, 0, 523409111, 0, 1, 0, 0, NULL, NULL),
	(924, 0, 523409112, 0, 1, 0, 0, NULL, NULL),
	(925, 0, 523519000, 0, 1, 0, 0, NULL, NULL),
	(926, 0, 523519111, 0, 1, 0, 0, NULL, NULL),
	(927, 0, 523519112, 0, 1, 0, 0, NULL, NULL),
	(928, 0, 523529000, 0, 1, 0, 0, NULL, NULL),
	(929, 0, 523529111, 0, 1, 0, 0, NULL, NULL),
	(930, 0, 523529112, 0, 1, 0, 0, NULL, NULL),
	(931, 0, 523539000, 0, 1, 0, 0, NULL, NULL),
	(932, 0, 523539111, 0, 1, 0, 0, NULL, NULL),
	(933, 0, 523539112, 0, 1, 0, 0, NULL, NULL),
	(934, 0, 523549000, 0, 1, 0, 0, NULL, NULL),
	(935, 0, 523549111, 0, 1, 0, 0, NULL, NULL),
	(936, 0, 523549112, 0, 1, 0, 0, NULL, NULL),
	(937, 0, 524109000, 0, 1, 0, 0, NULL, NULL),
	(938, 0, 524109111, 0, 1, 0, 0, NULL, NULL),
	(939, 0, 524209000, 0, 1, 0, 0, NULL, NULL),
	(940, 0, 524209111, 0, 1, 0, 0, NULL, NULL),
	(941, 0, 524309000, 0, 1, 0, 0, NULL, NULL),
	(942, 0, 524309111, 0, 1, 0, 0, NULL, NULL),
	(943, 0, 524409000, 0, 1, 0, 0, NULL, NULL),
	(944, 0, 524409111, 0, 1, 0, 0, NULL, NULL),
	(945, 0, 524519000, 0, 1, 0, 0, NULL, NULL),
	(946, 0, 524519111, 0, 1, 0, 0, NULL, NULL),
	(947, 0, 524529000, 0, 1, 0, 0, NULL, NULL),
	(948, 0, 524529111, 0, 1, 0, 0, NULL, NULL),
	(949, 0, 524539000, 0, 1, 0, 0, NULL, NULL),
	(950, 0, 524539111, 0, 1, 0, 0, NULL, NULL),
	(951, 0, 524549000, 0, 1, 0, 0, NULL, NULL),
	(952, 0, 524549111, 0, 1, 0, 0, NULL, NULL),
	(953, 0, 525109000, 0, 1, 0, 0, NULL, NULL),
	(954, 0, 525109111, 0, 1, 0, 0, NULL, NULL),
	(955, 0, 525209000, 0, 1, 0, 0, NULL, NULL),
	(956, 0, 525209111, 0, 1, 0, 0, NULL, NULL),
	(957, 0, 525209112, 0, 1, 0, 0, NULL, NULL),
	(958, 0, 525309000, 0, 1, 0, 0, NULL, NULL),
	(959, 0, 525309111, 0, 1, 0, 0, NULL, NULL),
	(960, 0, 525309112, 0, 1, 0, 0, NULL, NULL),
	(961, 0, 525409000, 0, 1, 0, 0, NULL, NULL),
	(962, 0, 525409111, 0, 1, 0, 0, NULL, NULL),
	(963, 0, 525409112, 0, 1, 0, 0, NULL, NULL),
	(964, 0, 525519000, 0, 1, 0, 0, NULL, NULL),
	(965, 0, 525519111, 0, 1, 0, 0, NULL, NULL),
	(966, 0, 525519112, 0, 1, 0, 0, NULL, NULL),
	(967, 0, 525529000, 0, 1, 0, 0, NULL, NULL),
	(968, 0, 525529111, 0, 1, 0, 0, NULL, NULL),
	(969, 0, 525529112, 0, 1, 0, 0, NULL, NULL),
	(970, 0, 525539000, 0, 1, 0, 0, NULL, NULL),
	(971, 0, 525539111, 0, 1, 0, 0, NULL, NULL),
	(972, 0, 525539112, 0, 1, 0, 0, NULL, NULL),
	(973, 0, 525549000, 0, 1, 0, 0, NULL, NULL),
	(974, 0, 525549111, 0, 1, 0, 0, NULL, NULL),
	(975, 0, 525549112, 0, 1, 0, 0, NULL, NULL),
	(976, 0, 526109000, 0, 1, 0, 0, NULL, NULL),
	(977, 0, 526109111, 0, 1, 0, 0, NULL, NULL),
	(978, 0, 526209000, 0, 1, 0, 0, NULL, NULL),
	(979, 0, 526209111, 0, 1, 0, 0, NULL, NULL),
	(980, 0, 526309000, 0, 1, 0, 0, NULL, NULL),
	(981, 0, 526309111, 0, 1, 0, 0, NULL, NULL),
	(982, 0, 526409000, 0, 1, 0, 0, NULL, NULL),
	(983, 0, 526409111, 0, 1, 0, 0, NULL, NULL),
	(984, 0, 526519000, 0, 1, 0, 0, NULL, NULL),
	(985, 0, 526519111, 0, 1, 0, 0, NULL, NULL),
	(986, 0, 526529000, 0, 1, 0, 0, NULL, NULL),
	(987, 0, 526529111, 0, 1, 0, 0, NULL, NULL),
	(988, 0, 526539000, 0, 1, 0, 0, NULL, NULL),
	(989, 0, 526539111, 0, 1, 0, 0, NULL, NULL),
	(990, 0, 526549000, 0, 1, 0, 0, NULL, NULL),
	(991, 0, 526549111, 0, 1, 0, 0, NULL, NULL),
	(992, 0, 527109000, 0, 1, 0, 0, NULL, NULL),
	(993, 0, 527109111, 0, 1, 0, 0, NULL, NULL),
	(994, 0, 527209000, 0, 1, 0, 0, NULL, NULL),
	(995, 0, 527209111, 0, 1, 0, 0, NULL, NULL),
	(996, 0, 527209112, 0, 1, 0, 0, NULL, NULL),
	(997, 0, 527309000, 0, 1, 0, 0, NULL, NULL),
	(998, 0, 527309111, 0, 1, 0, 0, NULL, NULL),
	(999, 0, 527309112, 0, 1, 0, 0, NULL, NULL),
	(1000, 0, 527409000, 0, 1, 0, 0, NULL, NULL),
	(1001, 0, 527409111, 0, 1, 0, 0, NULL, NULL),
	(1002, 0, 527409112, 0, 1, 0, 0, NULL, NULL),
	(1003, 0, 527519000, 0, 1, 0, 0, NULL, NULL),
	(1004, 0, 527519111, 0, 1, 0, 0, NULL, NULL),
	(1005, 0, 527519112, 0, 1, 0, 0, NULL, NULL),
	(1006, 0, 527529000, 0, 1, 0, 0, NULL, NULL),
	(1007, 0, 527529111, 0, 1, 0, 0, NULL, NULL),
	(1008, 0, 527529112, 0, 1, 0, 0, NULL, NULL),
	(1009, 0, 527539000, 0, 1, 0, 0, NULL, NULL),
	(1010, 0, 527539111, 0, 1, 0, 0, NULL, NULL),
	(1011, 0, 527539112, 0, 1, 0, 0, NULL, NULL),
	(1012, 0, 527549000, 0, 1, 0, 0, NULL, NULL),
	(1013, 0, 527549111, 0, 1, 0, 0, NULL, NULL),
	(1014, 0, 527549112, 0, 1, 0, 0, NULL, NULL),
	(1015, 0, 528109000, 0, 1, 0, 0, NULL, NULL),
	(1016, 0, 528109111, 0, 1, 0, 0, NULL, NULL),
	(1017, 0, 528209000, 0, 1, 0, 0, NULL, NULL),
	(1018, 0, 528209111, 0, 1, 0, 0, NULL, NULL),
	(1019, 0, 528309000, 0, 1, 0, 0, NULL, NULL),
	(1020, 0, 528309111, 0, 1, 0, 0, NULL, NULL),
	(1021, 0, 528409000, 0, 1, 0, 0, NULL, NULL),
	(1022, 0, 528409111, 0, 1, 0, 0, NULL, NULL),
	(1023, 0, 528519000, 0, 1, 0, 0, NULL, NULL),
	(1024, 0, 528519111, 0, 1, 0, 0, NULL, NULL),
	(1025, 0, 528529000, 0, 1, 0, 0, NULL, NULL),
	(1026, 0, 528529111, 0, 1, 0, 0, NULL, NULL),
	(1027, 0, 528539000, 0, 1, 0, 0, NULL, NULL),
	(1028, 0, 528539111, 0, 1, 0, 0, NULL, NULL),
	(1029, 0, 528549000, 0, 1, 0, 0, NULL, NULL),
	(1030, 0, 528549111, 0, 1, 0, 0, NULL, NULL),
	(1031, 0, 531109000, 0, 1, 0, 0, NULL, NULL),
	(1032, 0, 531109111, 0, 1, 0, 0, NULL, NULL),
	(1033, 0, 532109000, 0, 1, 0, 0, NULL, NULL),
	(1034, 0, 532109111, 0, 1, 0, 0, NULL, NULL),
	(1035, 0, 533109000, 0, 1, 0, 0, NULL, NULL),
	(1036, 0, 533109111, 0, 1, 0, 0, NULL, NULL),
	(1037, 0, 564109000, 0, 1, 0, 0, NULL, NULL),
	(1038, 0, 564109111, 0, 1, 0, 0, NULL, NULL),
	(1039, 0, 564109112, 0, 1, 0, 0, NULL, NULL),
	(1040, 0, 564109113, 0, 1, 0, 0, NULL, NULL),
	(1041, 0, 564109114, 0, 1, 0, 0, NULL, NULL),
	(1042, 0, 564109119, 0, 1, 0, 0, NULL, NULL),
	(1043, 0, 571109000, 0, 1, 0, 360100, NULL, '2013-07-16 15:38:03'),
	(1044, 0, 571109111, 0, 1, 0, 0, NULL, NULL),
	(1045, 0, 571209000, 0, 1, 0, 0, NULL, NULL),
	(1046, 0, 571209111, 0, 1, 0, 0, NULL, NULL),
	(1047, 0, 571209112, 0, 1, 0, 0, NULL, NULL),
	(1048, 0, 571209113, 0, 1, 0, 0, NULL, NULL),
	(1049, 0, 571209114, 0, 1, 0, 0, NULL, NULL),
	(1050, 0, 572109000, 0, 1, 0, 0, NULL, NULL),
	(1051, 0, 572109111, 0, 1, 0, 0, NULL, NULL),
	(1052, 0, 573109000, 0, 1, 0, 0, NULL, NULL),
	(1053, 0, 573109111, 0, 1, 0, 0, NULL, NULL),
	(1054, 0, 573109112, 0, 1, 0, 0, NULL, NULL),
	(1055, 0, 573109118, 0, 1, 0, 0, NULL, NULL),
	(1056, 0, 573109119, 0, 1, 0, 0, NULL, NULL),
	(1057, 0, 574109000, 0, 1, 0, 0, NULL, NULL),
	(1058, 0, 574109111, 0, 1, 0, 0, NULL, NULL),
	(1059, 0, 574109112, 0, 1, 0, 0, NULL, NULL),
	(1060, 0, 574209000, 0, 1, 0, 0, NULL, NULL),
	(1061, 0, 574209111, 0, 1, 0, 0, NULL, NULL),
	(1062, 0, 574309000, 0, 1, 0, 0, NULL, NULL),
	(1063, 0, 574309111, 0, 1, 0, 0, NULL, NULL),
	(1064, 0, 574409000, 0, 1, 0, 0, NULL, NULL),
	(1065, 0, 574409111, 0, 1, 0, 0, NULL, NULL),
	(1066, 0, 574509000, 0, 1, 0, 0, NULL, NULL),
	(1067, 0, 574509111, 0, 1, 0, 0, NULL, NULL),
	(1068, 0, 585109000, 0, 1, 0, 0, NULL, NULL),
	(1069, 0, 585109111, 0, 1, 0, 0, NULL, NULL),
	(1070, 0, 585209000, 0, 1, 0, 0, NULL, NULL),
	(1071, 0, 585209111, 0, 1, 0, 0, NULL, NULL),
	(1072, 0, 585309000, 0, 1, 0, 0, NULL, NULL),
	(1073, 0, 585309111, 0, 1, 0, 0, NULL, NULL),
	(1074, 0, 600009000, 0, 1, 0, 0, NULL, NULL),
	(1075, 0, 611109000, 0, 1, 0, 0, NULL, NULL),
	(1076, 0, 611109111, 0, 1, 0, 0, NULL, NULL),
	(1077, 0, 612109000, 0, 1, 0, 0, NULL, NULL),
	(1078, 0, 612109111, 0, 1, 0, 0, NULL, NULL),
	(1079, 0, 612209000, 0, 1, 0, 0, NULL, NULL),
	(1080, 0, 612209111, 0, 1, 0, 0, NULL, NULL),
	(1081, 0, 612309000, 0, 1, 0, 0, NULL, NULL),
	(1082, 0, 612309111, 0, 1, 0, 0, NULL, NULL),
	(1083, 0, 612409000, 0, 1, 0, 0, NULL, NULL),
	(1084, 0, 612409111, 0, 1, 0, 0, NULL, NULL),
	(1085, 0, 612909000, 0, 1, 0, 0, NULL, NULL),
	(1086, 0, 612909111, 0, 1, 0, 0, NULL, NULL),
	(1087, 0, 621109000, 0, 1, 0, 0, NULL, NULL),
	(1088, 0, 621109111, 0, 1, 0, 0, NULL, NULL),
	(1089, 0, 621109112, 0, 1, 0, 0, NULL, NULL),
	(1090, 0, 621109121, 0, 1, 0, 0, NULL, NULL),
	(1091, 0, 621109122, 0, 1, 0, 0, NULL, NULL),
	(1092, 0, 621109131, 0, 1, 0, 0, NULL, NULL),
	(1093, 0, 621109132, 0, 1, 0, 0, NULL, NULL),
	(1094, 0, 621109141, 0, 1, 0, 0, NULL, NULL),
	(1095, 0, 621109142, 0, 1, 0, 0, NULL, NULL),
	(1096, 0, 622209000, 0, 1, 0, 0, NULL, NULL),
	(1097, 0, 622209111, 0, 1, 0, 0, NULL, NULL),
	(1098, 0, 622209112, 0, 1, 0, 0, NULL, NULL),
	(1099, 0, 622309000, 0, 1, 0, 0, NULL, NULL),
	(1100, 0, 622309111, 0, 1, 0, 0, NULL, NULL),
	(1101, 0, 622309112, 0, 1, 0, 0, NULL, NULL),
	(1102, 0, 622309113, 0, 1, 0, 0, NULL, NULL),
	(1103, 0, 622309114, 0, 1, 0, 0, NULL, NULL),
	(1104, 0, 623109000, 0, 1, 0, 0, NULL, NULL),
	(1105, 0, 623109111, 0, 1, 0, 0, NULL, NULL),
	(1106, 0, 623109112, 0, 1, 0, 0, NULL, NULL),
	(1107, 0, 623209000, 0, 1, 0, 0, NULL, NULL),
	(1108, 0, 623209111, 0, 1, 0, 0, NULL, NULL),
	(1109, 0, 623209112, 0, 1, 0, 0, NULL, NULL),
	(1110, 0, 623309000, 0, 1, 0, 0, NULL, NULL),
	(1111, 0, 623309111, 0, 1, 0, 0, NULL, NULL),
	(1112, 0, 623309112, 0, 1, 0, 0, NULL, NULL),
	(1113, 0, 623409000, 0, 1, 0, 0, NULL, NULL),
	(1114, 0, 623409111, 0, 1, 0, 0, NULL, NULL),
	(1115, 0, 623409112, 0, 1, 0, 0, NULL, NULL),
	(1116, 0, 629109000, 0, 1, 0, 0, NULL, NULL),
	(1117, 0, 629109111, 0, 1, 0, 0, NULL, NULL),
	(1118, 0, 629109112, 0, 1, 0, 0, NULL, NULL),
	(1119, 0, 631109000, 0, 1, 0, 0, NULL, NULL),
	(1120, 0, 631109111, 0, 1, 0, 0, NULL, NULL),
	(1121, 0, 631109112, 0, 1, 0, 0, NULL, NULL),
	(1122, 0, 631109113, 0, 1, 0, 0, NULL, NULL),
	(1123, 0, 631109114, 0, 1, 0, 0, NULL, NULL),
	(1124, 0, 631109199, 0, 1, 0, 0, NULL, NULL),
	(1125, 0, 631209000, 0, 1, 0, 0, NULL, NULL),
	(1126, 0, 631209111, 0, 1, 0, 0, NULL, NULL),
	(1127, 0, 631309000, 0, 1, 0, 0, NULL, NULL),
	(1128, 0, 631309111, 0, 1, 0, 0, NULL, NULL),
	(1129, 0, 631309112, 0, 1, 0, 0, NULL, NULL),
	(1130, 0, 631309113, 0, 1, 0, 0, NULL, NULL),
	(1131, 0, 631409000, 0, 1, 0, 0, NULL, NULL),
	(1132, 0, 631409111, 0, 1, 0, 0, NULL, NULL),
	(1133, 0, 631809000, 0, 1, 0, 0, NULL, NULL),
	(1134, 0, 631809111, 0, 1, 0, 0, NULL, NULL),
	(1135, 0, 631909000, 0, 1, 0, 0, NULL, NULL),
	(1136, 0, 631909111, 0, 1, 0, 0, NULL, NULL),
	(1137, 0, 631909112, 0, 1, 0, 0, NULL, NULL),
	(1138, 0, 631909113, 0, 1, 0, 0, NULL, NULL),
	(1139, 0, 631909114, 0, 1, 0, 0, NULL, NULL),
	(1140, 0, 631909119, 0, 1, 0, 0, NULL, NULL),
	(1141, 0, 642109000, 0, 1, 0, 0, NULL, NULL),
	(1142, 0, 642109111, 0, 1, 0, 0, NULL, NULL),
	(1143, 0, 642209000, 0, 1, 0, 0, NULL, NULL),
	(1144, 0, 642209111, 0, 1, 0, 0, NULL, NULL),
	(1145, 0, 642309000, 0, 1, 0, 0, NULL, NULL),
	(1146, 0, 642309111, 0, 1, 0, 0, NULL, NULL),
	(1147, 0, 642359000, 0, 1, 0, 0, NULL, NULL),
	(1148, 0, 642359111, 0, 1, 0, 0, NULL, NULL),
	(1149, 0, 642409000, 0, 1, 0, 0, NULL, NULL),
	(1150, 0, 642409111, 0, 1, 0, 0, NULL, NULL),
	(1151, 0, 642509000, 0, 1, 0, 0, NULL, NULL),
	(1152, 0, 642509111, 0, 1, 0, 0, NULL, NULL),
	(1153, 0, 642609000, 0, 1, 0, 0, NULL, NULL),
	(1154, 0, 642609111, 0, 1, 0, 0, NULL, NULL),
	(1155, 0, 642709000, 0, 1, 0, 0, NULL, NULL),
	(1156, 0, 642709111, 0, 1, 0, 0, NULL, NULL),
	(1157, 0, 643109000, 0, 1, 0, 0, NULL, NULL),
	(1158, 0, 643109111, 0, 1, 0, 0, NULL, NULL),
	(1159, 0, 643209000, 0, 1, 0, 0, NULL, NULL),
	(1160, 0, 643209111, 0, 1, 0, 0, NULL, NULL),
	(1161, 0, 653109000, 0, 1, 0, 0, NULL, NULL),
	(1162, 0, 653109111, 0, 1, 0, 0, NULL, NULL),
	(1163, 0, 653109112, 0, 1, 0, 0, NULL, NULL),
	(1164, 0, 653109113, 0, 1, 0, 0, NULL, NULL),
	(1165, 0, 653109114, 0, 1, 0, 0, NULL, NULL),
	(1166, 0, 653109115, 0, 1, 0, 0, NULL, NULL),
	(1167, 0, 653109119, 0, 1, 0, 0, NULL, NULL),
	(1168, 0, 653209000, 0, 1, 0, 0, NULL, NULL),
	(1169, 0, 653209111, 0, 1, 0, 0, NULL, NULL),
	(1170, 0, 653209112, 0, 1, 0, 0, NULL, NULL),
	(1171, 0, 653209119, 0, 1, 0, 0, NULL, NULL),
	(1172, 0, 653309000, 0, 1, 0, 0, NULL, NULL),
	(1173, 0, 653309111, 0, 1, 0, 0, NULL, NULL),
	(1174, 0, 653309112, 0, 1, 0, 0, NULL, NULL),
	(1175, 0, 653309119, 0, 1, 0, 0, NULL, NULL),
	(1176, 0, 653409000, 0, 1, 0, 0, NULL, NULL),
	(1177, 0, 653409111, 0, 1, 0, 0, NULL, NULL),
	(1178, 0, 653409112, 0, 1, 0, 0, NULL, NULL),
	(1179, 0, 653409119, 0, 1, 0, 0, NULL, NULL),
	(1180, 0, 654109000, 0, 1, 0, 0, NULL, NULL),
	(1181, 0, 654109111, 0, 1, 0, 0, NULL, NULL),
	(1182, 0, 654109112, 0, 1, 0, 0, NULL, NULL),
	(1183, 0, 654109113, 0, 1, 0, 0, NULL, NULL),
	(1184, 0, 654109114, 0, 1, 0, 0, NULL, NULL),
	(1185, 0, 654109115, 0, 1, 0, 0, NULL, NULL),
	(1186, 0, 654109119, 0, 1, 0, 0, NULL, NULL),
	(1187, 0, 654209000, 0, 1, 0, 0, NULL, NULL),
	(1188, 0, 654209111, 0, 1, 0, 0, NULL, NULL),
	(1189, 0, 654209112, 0, 1, 0, 0, NULL, NULL),
	(1190, 0, 654209119, 0, 1, 0, 0, NULL, NULL),
	(1191, 0, 654309000, 0, 1, 0, 0, NULL, NULL),
	(1192, 0, 654309111, 0, 1, 0, 0, NULL, NULL),
	(1193, 0, 654309112, 0, 1, 0, 0, NULL, NULL),
	(1194, 0, 654309113, 0, 1, 0, 0, NULL, NULL),
	(1195, 0, 654309119, 0, 1, 0, 0, NULL, NULL),
	(1196, 0, 654409000, 0, 1, 0, 0, NULL, NULL),
	(1197, 0, 654409111, 0, 1, 0, 0, NULL, NULL),
	(1198, 0, 654409112, 0, 1, 0, 0, NULL, NULL),
	(1199, 0, 654509000, 0, 1, 0, 0, NULL, NULL),
	(1200, 0, 654509111, 0, 1, 0, 0, NULL, NULL),
	(1201, 0, 654509112, 0, 1, 0, 0, NULL, NULL),
	(1202, 0, 654509119, 0, 1, 0, 0, NULL, NULL),
	(1203, 0, 655109000, 0, 1, 0, 0, NULL, NULL),
	(1204, 0, 655109111, 0, 1, 0, 0, NULL, NULL),
	(1205, 0, 655109112, 0, 1, 0, 0, NULL, NULL),
	(1206, 0, 655109113, 0, 1, 0, 0, NULL, NULL),
	(1207, 0, 655109114, 0, 1, 0, 0, NULL, NULL),
	(1208, 0, 655109115, 0, 1, 0, 0, NULL, NULL),
	(1209, 0, 655109116, 0, 1, 0, 0, NULL, NULL),
	(1210, 0, 655109117, 0, 1, 0, 0, NULL, NULL),
	(1211, 0, 655109119, 0, 1, 0, 0, NULL, NULL),
	(1212, 0, 655209000, 0, 1, 0, 0, NULL, NULL),
	(1213, 0, 655209111, 0, 1, 0, 0, NULL, NULL),
	(1214, 0, 655209112, 0, 1, 0, 0, NULL, NULL),
	(1215, 0, 655209113, 0, 1, 0, 0, NULL, NULL),
	(1216, 0, 655209119, 0, 1, 0, 0, NULL, NULL),
	(1217, 0, 655309000, 0, 1, 0, 0, NULL, NULL),
	(1218, 0, 655309111, 0, 1, 0, 0, NULL, NULL),
	(1219, 0, 655309112, 0, 1, 0, 0, NULL, NULL),
	(1220, 0, 655309113, 0, 1, 0, 0, NULL, NULL),
	(1221, 0, 655309114, 0, 1, 0, 0, NULL, NULL),
	(1222, 0, 655309119, 0, 1, 0, 0, NULL, NULL),
	(1223, 0, 657109000, 0, 1, 0, 0, NULL, NULL),
	(1224, 0, 657109111, 0, 1, 0, 0, NULL, NULL),
	(1225, 0, 657209000, 0, 1, 0, 0, NULL, NULL),
	(1226, 0, 657209111, 0, 1, 0, 0, NULL, NULL),
	(1227, 0, 658109000, 0, 1, 0, 0, NULL, NULL),
	(1228, 0, 658109111, 0, 1, 0, 0, NULL, NULL),
	(1229, 0, 658909000, 0, 1, 0, 0, NULL, NULL),
	(1230, 0, 658909111, 0, 1, 0, 0, NULL, NULL),
	(1231, 0, 661109000, 0, 1, 0, 0, NULL, NULL),
	(1232, 0, 661109111, 0, 1, 0, 0, NULL, NULL),
	(1233, 0, 661109112, 0, 1, 0, 0, NULL, NULL),
	(1234, 0, 661109119, 0, 1, 0, 0, NULL, NULL),
	(1235, 0, 662109000, 0, 1, 0, 0, NULL, NULL),
	(1236, 0, 662109111, 0, 1, 0, 0, NULL, NULL),
	(1237, 0, 662209000, 0, 1, 0, 0, NULL, NULL),
	(1238, 0, 662209111, 0, 1, 0, 0, NULL, NULL),
	(1239, 0, 663109000, 0, 1, 0, 0, NULL, NULL),
	(1240, 0, 663109111, 0, 1, 0, 0, NULL, NULL),
	(1241, 0, 664109000, 0, 1, 0, 0, NULL, NULL),
	(1242, 0, 664109111, 0, 1, 0, 0, NULL, NULL),
	(1243, 0, 666109000, 0, 1, 0, 0, NULL, NULL),
	(1244, 0, 666109111, 0, 1, 0, 0, NULL, NULL),
	(1245, 0, 668109000, 0, 1, 0, 0, NULL, NULL),
	(1246, 0, 668109111, 0, 1, 0, 0, NULL, NULL),
	(1247, 0, 668109112, 0, 1, 0, 0, NULL, NULL),
	(1248, 0, 668109113, 0, 1, 0, 0, NULL, NULL),
	(1249, 0, 668109119, 0, 1, 0, 0, NULL, NULL),
	(1250, 0, 669109000, 0, 1, 0, 0, NULL, NULL),
	(1251, 0, 669109111, 0, 1, 0, 0, NULL, NULL),
	(1252, 0, 669109112, 0, 1, 0, 0, NULL, NULL),
	(1253, 0, 669909000, 0, 1, 0, 0, NULL, NULL),
	(1254, 0, 669909111, 0, 1, 0, 0, NULL, NULL),
	(1255, 0, 671109000, 0, 1, 0, 0, NULL, NULL),
	(1256, 0, 671109111, 0, 1, 0, 0, NULL, NULL),
	(1257, 0, 671109112, 0, 1, 0, 0, NULL, NULL),
	(1258, 0, 671109113, 0, 1, 0, 0, NULL, NULL),
	(1259, 0, 671109114, 0, 1, 0, 0, NULL, NULL),
	(1260, 0, 671109119, 0, 1, 0, 0, NULL, NULL),
	(1261, 0, 671109120, 0, 1, 0, 0, NULL, NULL),
	(1262, 0, 671309000, 0, 1, 0, 0, NULL, NULL),
	(1263, 0, 671309111, 0, 1, 0, 0, NULL, NULL),
	(1264, 0, 671409000, 0, 1, 0, 0, NULL, NULL),
	(1265, 0, 671409111, 0, 1, 0, 0, NULL, NULL),
	(1266, 0, 671509000, 0, 1, 0, 0, NULL, NULL),
	(1267, 0, 671509111, 0, 1, 0, 0, NULL, NULL),
	(1268, 0, 671509112, 0, 1, 0, 0, NULL, NULL),
	(1269, 0, 671609000, 0, 1, 0, 0, NULL, NULL),
	(1270, 0, 671609111, 0, 1, 0, 0, NULL, NULL),
	(1271, 0, 681109000, 0, 1, 0, 0, NULL, NULL),
	(1272, 0, 681109111, 0, 1, 0, 0, NULL, NULL),
	(1273, 0, 681109112, 0, 1, 0, 0, NULL, NULL),
	(1274, 0, 681409000, 0, 1, 0, 0, NULL, NULL),
	(1275, 0, 681409111, 0, 1, 0, 0, NULL, NULL),
	(1276, 0, 681609000, 0, 1, 0, 0, NULL, NULL),
	(1277, 0, 681609111, 0, 1, 0, 0, NULL, NULL),
	(1278, 0, 691109000, 0, 1, 0, 0, NULL, NULL),
	(1279, 0, 691109111, 0, 1, 0, 0, NULL, NULL),
	(1280, 0, 691209000, 0, 1, 0, 0, NULL, NULL),
	(1281, 0, 691209111, 0, 1, 0, 0, NULL, NULL),
	(1282, 0, 900000000, 0, 1, 0, 0, NULL, NULL),
	(1283, 0, 900009000, 0, 1, 0, 0, NULL, NULL),
	(1284, 0, 911109000, 0, 1, 0, 0, NULL, NULL),
	(1285, 0, 911109111, 0, 1, 0, 0, NULL, NULL),
	(1286, 0, 921109000, 0, 1, 0, 0, NULL, NULL),
	(1287, 0, 921109111, 0, 1, 0, 0, NULL, NULL),
	(1288, 0, 921209000, 0, 1, 0, 0, NULL, NULL),
	(1289, 0, 921209111, 0, 1, 0, 0, NULL, NULL),
	(1290, 0, 931109000, 0, 1, 0, 0, NULL, NULL),
	(1291, 0, 931109111, 0, 1, 0, 0, NULL, NULL),
	(1292, 0, 931209000, 0, 1, 0, 0, NULL, NULL),
	(1293, 0, 931209111, 0, 1, 0, 0, NULL, NULL),
	(1294, 0, 931309000, 0, 1, 0, 0, NULL, NULL),
	(1295, 0, 931309111, 0, 1, 0, 0, NULL, NULL),
	(1296, 0, 941109000, 0, 1, 0, 0, NULL, NULL),
	(1297, 0, 941109111, 0, 1, 0, 0, NULL, NULL),
	(1298, 0, 941209000, 0, 1, 0, 0, NULL, NULL),
	(1299, 0, 941209111, 0, 1, 0, 0, NULL, NULL),
	(1300, 0, 941309000, 0, 1, 0, 0, NULL, NULL),
	(1301, 0, 941309111, 0, 1, 0, 0, NULL, NULL),
	(1302, 0, 941409000, 0, 1, 0, 0, NULL, NULL),
	(1303, 0, 941409111, 0, 1, 0, 0, NULL, NULL),
	(1304, 0, 981109000, 0, 1, 0, 0, NULL, NULL),
	(1305, 0, 981109111, 0, 1, 0, 0, NULL, NULL),
	(1306, 0, 991109000, 0, 1, 0, 0, NULL, NULL),
	(1307, 0, 991109111, 0, 1, 0, 0, NULL, NULL),
	(1308, 0, 992109000, 0, 1, 0, 0, NULL, NULL),
	(1309, 0, 992109111, 0, 1, 0, 0, NULL, NULL),
	(1310, 0, 993109000, 0, 1, 0, 0, NULL, NULL),
	(1311, 0, 993109111, 0, 1, 0, 0, NULL, NULL),
	(1312, 0, 994109000, 0, 1, 0, 0, NULL, NULL),
	(1313, 0, 994109111, 0, 1, 0, 0, NULL, NULL),
	(1314, 0, 995109000, 0, 1, 0, 0, NULL, NULL),
	(1315, 0, 995109111, 0, 1, 0, 0, NULL, NULL),
	(1316, 0, 996109000, 0, 1, 0, 0, NULL, NULL),
	(1317, 0, 996109111, 0, 1, 0, 0, NULL, NULL),
	(1318, 0, 997109000, 0, 1, 0, 0, NULL, NULL),
	(1319, 0, 997109111, 0, 1, 0, 0, NULL, NULL),
	(1320, 0, 997209000, 0, 1, 0, 0, NULL, NULL),
	(1321, 0, 997209111, 0, 1, 0, 0, NULL, NULL),
	(1322, 0, 997309000, 0, 1, 0, 0, NULL, NULL),
	(1323, 0, 997309111, 0, 1, 0, 0, NULL, NULL),
	(1324, 0, 997409000, 0, 1, 0, 0, NULL, NULL),
	(1325, 0, 997409111, 0, 1, 0, 0, NULL, NULL),
	(1326, 0, 998109000, 0, 1, 0, 0, NULL, NULL),
	(1327, 0, 998109111, 0, 1, 0, 0, NULL, NULL),
	(1328, 0, 999109000, 0, 1, 0, 0, NULL, NULL),
	(1329, 0, 999109111, 0, 1, 0, 0, NULL, NULL),
	(1330, 0, 100009000, 0, 2, 0, 0, NULL, NULL),
	(1331, 0, 111109000, 0, 2, 0, 0, NULL, NULL),
	(1332, 0, 111109111, 0, 2, 0, 500, NULL, NULL),
	(1333, 0, 111109112, 0, 2, 0, 0, NULL, NULL),
	(1334, 0, 111109113, 0, 2, 0, 0, NULL, NULL),
	(1335, 0, 111109114, 0, 2, 0, 0, NULL, NULL),
	(1336, 0, 111109121, 0, 2, 0, 0, NULL, NULL),
	(1337, 0, 111109131, 0, 2, 0, 0, NULL, NULL),
	(1338, 0, 111209000, 0, 2, 0, 0, NULL, NULL),
	(1339, 0, 111209111, 0, 2, 0, 0, NULL, NULL),
	(1340, 0, 111209112, 0, 2, 0, 0, NULL, NULL),
	(1341, 0, 111209113, 0, 2, 0, 0, NULL, NULL),
	(1342, 0, 111209119, 0, 2, 0, 0, NULL, NULL),
	(1343, 0, 111309000, 0, 2, 0, 0, NULL, NULL),
	(1344, 0, 111309111, 0, 2, 0, 0, NULL, NULL),
	(1345, 0, 111309112, 0, 2, 0, 0, NULL, NULL),
	(1346, 0, 111309119, 0, 2, 0, 0, NULL, NULL),
	(1347, 0, 114109000, 0, 2, 0, 0, NULL, NULL),
	(1348, 0, 114109111, 0, 2, 0, 0, NULL, NULL),
	(1349, 0, 114209000, 0, 2, 0, 0, NULL, NULL),
	(1350, 0, 114209111, 0, 2, 0, 0, NULL, NULL),
	(1351, 0, 114309000, 0, 2, 0, 0, NULL, NULL),
	(1352, 0, 114309111, 0, 2, 0, 0, NULL, NULL),
	(1353, 0, 114409000, 0, 2, 0, 0, NULL, NULL),
	(1354, 0, 114409111, 0, 2, 0, 0, NULL, NULL),
	(1355, 0, 114609000, 0, 2, 0, 0, NULL, NULL),
	(1356, 0, 114609111, 0, 2, 0, 0, NULL, NULL),
	(1357, 0, 115109000, 0, 2, 0, 0, NULL, NULL),
	(1358, 0, 115109111, 0, 2, 0, 0, NULL, NULL),
	(1359, 0, 115209000, 0, 2, 0, 0, NULL, NULL),
	(1360, 0, 115209111, 0, 2, 0, 0, NULL, NULL),
	(1361, 0, 115309000, 0, 2, 0, 0, NULL, NULL),
	(1362, 0, 115309100, 0, 2, 0, 0, NULL, NULL),
	(1363, 0, 115309101, 0, 2, 0, 0, NULL, NULL),
	(1364, 0, 115309102, 0, 2, 0, 0, NULL, NULL),
	(1365, 0, 115309103, 0, 2, 0, 0, NULL, NULL),
	(1366, 0, 115309111, 0, 2, 0, 0, NULL, NULL),
	(1367, 0, 115309112, 0, 2, 0, 0, NULL, NULL),
	(1368, 0, 115309113, 0, 2, 0, 0, NULL, NULL),
	(1369, 0, 115309114, 0, 2, 0, 0, NULL, NULL),
	(1370, 0, 115309119, 0, 2, 0, 0, NULL, NULL),
	(1371, 0, 116109000, 0, 2, 0, 0, NULL, NULL),
	(1372, 0, 116109111, 0, 2, 0, 0, NULL, NULL),
	(1373, 0, 116209000, 0, 2, 0, 0, NULL, NULL),
	(1374, 0, 116209111, 0, 2, 0, 0, NULL, NULL),
	(1375, 0, 116309000, 0, 2, 0, 0, NULL, NULL),
	(1376, 0, 116309100, 0, 2, 0, 0, NULL, NULL),
	(1377, 0, 116309101, 0, 2, 0, 0, NULL, NULL),
	(1378, 0, 116309102, 0, 2, 0, 0, NULL, NULL),
	(1379, 0, 116309103, 0, 2, 0, 0, NULL, NULL),
	(1380, 0, 116309111, 0, 2, 0, 0, NULL, NULL),
	(1381, 0, 116309112, 0, 2, 0, 0, NULL, NULL),
	(1382, 0, 116309113, 0, 2, 0, 0, NULL, NULL),
	(1383, 0, 121109000, 0, 2, 0, 0, NULL, NULL),
	(1384, 0, 121109111, 0, 2, 0, 0, NULL, NULL),
	(1385, 0, 121209000, 0, 2, 0, 0, NULL, NULL),
	(1386, 0, 121209111, 0, 2, 0, 0, NULL, NULL),
	(1387, 0, 121309000, 0, 2, 0, 0, NULL, NULL),
	(1388, 0, 121309111, 0, 2, 0, 0, NULL, NULL),
	(1389, 0, 122109000, 0, 2, 0, 0, NULL, NULL),
	(1390, 0, 122109111, 0, 2, 0, 0, NULL, NULL),
	(1391, 0, 122209000, 0, 2, 0, 0, NULL, NULL),
	(1392, 0, 122209111, 0, 2, 0, 0, NULL, NULL),
	(1393, 0, 122309000, 0, 2, 0, 0, NULL, NULL),
	(1394, 0, 122309111, 0, 2, 0, 0, NULL, NULL),
	(1395, 0, 122409000, 0, 2, 0, 0, NULL, NULL),
	(1396, 0, 122409111, 0, 2, 0, 0, NULL, NULL),
	(1397, 0, 131109000, 0, 2, 0, 0, NULL, NULL),
	(1398, 0, 131109111, 0, 2, 0, 0, NULL, NULL),
	(1399, 0, 131109112, 0, 2, 0, 0, NULL, NULL),
	(1400, 0, 131209000, 0, 2, 0, 0, NULL, NULL),
	(1401, 0, 131209111, 0, 2, 0, 0, NULL, NULL),
	(1402, 0, 131209112, 0, 2, 0, 0, NULL, NULL),
	(1403, 0, 131209113, 0, 2, 0, 0, NULL, NULL),
	(1404, 0, 131309000, 0, 2, 0, 0, NULL, NULL),
	(1405, 0, 131309111, 0, 2, 0, 0, NULL, NULL),
	(1406, 0, 131309112, 0, 2, 0, 0, NULL, NULL),
	(1407, 0, 131309113, 0, 2, 0, 0, NULL, NULL),
	(1408, 0, 131409000, 0, 2, 0, 0, NULL, NULL),
	(1409, 0, 131409111, 0, 2, 0, 0, NULL, NULL),
	(1410, 0, 131409112, 0, 2, 0, 0, NULL, NULL),
	(1411, 0, 131409113, 0, 2, 0, 0, NULL, NULL),
	(1412, 0, 131519000, 0, 2, 0, 0, NULL, NULL),
	(1413, 0, 131519111, 0, 2, 0, 0, NULL, NULL),
	(1414, 0, 131519112, 0, 2, 0, 0, NULL, NULL),
	(1415, 0, 131519113, 0, 2, 0, 0, NULL, NULL),
	(1416, 0, 131529000, 0, 2, 0, 0, NULL, NULL),
	(1417, 0, 131529111, 0, 2, 0, 0, NULL, NULL),
	(1418, 0, 131529112, 0, 2, 0, 0, NULL, NULL),
	(1419, 0, 131529113, 0, 2, 0, 0, NULL, NULL),
	(1420, 0, 131539000, 0, 2, 0, 0, NULL, NULL),
	(1421, 0, 131539111, 0, 2, 0, 0, NULL, NULL),
	(1422, 0, 131539112, 0, 2, 0, 0, NULL, NULL),
	(1423, 0, 131539113, 0, 2, 0, 0, NULL, NULL),
	(1424, 0, 131549000, 0, 2, 0, 0, NULL, NULL),
	(1425, 0, 131549111, 0, 2, 0, 0, NULL, NULL),
	(1426, 0, 131549112, 0, 2, 0, 0, NULL, NULL),
	(1427, 0, 131549113, 0, 2, 0, 0, NULL, NULL),
	(1428, 0, 132109000, 0, 2, 0, 0, NULL, NULL),
	(1429, 0, 132109111, 0, 2, 0, 0, NULL, NULL),
	(1430, 0, 132109112, 0, 2, 0, 0, NULL, NULL),
	(1431, 0, 132209000, 0, 2, 0, 0, NULL, NULL),
	(1432, 0, 132209111, 0, 2, 0, 0, NULL, NULL),
	(1433, 0, 132209112, 0, 2, 0, 0, NULL, NULL),
	(1434, 0, 132309000, 0, 2, 0, 0, NULL, NULL),
	(1435, 0, 132309111, 0, 2, 0, 0, NULL, NULL),
	(1436, 0, 132309112, 0, 2, 0, 0, NULL, NULL),
	(1437, 0, 132409000, 0, 2, 0, 0, NULL, NULL),
	(1438, 0, 132409111, 0, 2, 0, 0, NULL, NULL),
	(1439, 0, 132409112, 0, 2, 0, 0, NULL, NULL),
	(1440, 0, 132519000, 0, 2, 0, 0, NULL, NULL),
	(1441, 0, 132519111, 0, 2, 0, 0, NULL, NULL),
	(1442, 0, 132519112, 0, 2, 0, 0, NULL, NULL),
	(1443, 0, 132529000, 0, 2, 0, 0, NULL, NULL),
	(1444, 0, 132529111, 0, 2, 0, 0, NULL, NULL),
	(1445, 0, 132529112, 0, 2, 0, 0, NULL, NULL),
	(1446, 0, 132539000, 0, 2, 0, 0, NULL, NULL),
	(1447, 0, 132539111, 0, 2, 0, 0, NULL, NULL),
	(1448, 0, 132539112, 0, 2, 0, 0, NULL, NULL),
	(1449, 0, 132549000, 0, 2, 0, 0, NULL, NULL),
	(1450, 0, 132549111, 0, 2, 0, 0, NULL, NULL),
	(1451, 0, 132549112, 0, 2, 0, 0, NULL, NULL),
	(1452, 0, 141109000, 0, 2, 0, 0, NULL, NULL),
	(1453, 0, 141109111, 0, 2, 0, 0, NULL, NULL),
	(1454, 0, 141209000, 0, 2, 0, 0, NULL, NULL),
	(1455, 0, 141209111, 0, 2, 0, 0, NULL, NULL),
	(1456, 0, 141209112, 0, 2, 0, 0, NULL, NULL),
	(1457, 0, 141309000, 0, 2, 0, 0, NULL, NULL),
	(1458, 0, 141309111, 0, 2, 0, 0, NULL, NULL),
	(1459, 0, 141309112, 0, 2, 0, 0, NULL, NULL),
	(1460, 0, 141409000, 0, 2, 0, 0, NULL, NULL),
	(1461, 0, 141409111, 0, 2, 0, 0, NULL, NULL),
	(1462, 0, 141409112, 0, 2, 0, 0, NULL, NULL),
	(1463, 0, 141519000, 0, 2, 0, 0, NULL, NULL),
	(1464, 0, 141519111, 0, 2, 0, 0, NULL, NULL),
	(1465, 0, 141519112, 0, 2, 0, 0, NULL, NULL),
	(1466, 0, 141529000, 0, 2, 0, 0, NULL, NULL),
	(1467, 0, 141529111, 0, 2, 0, 0, NULL, NULL),
	(1468, 0, 141529112, 0, 2, 0, 0, NULL, NULL),
	(1469, 0, 141539000, 0, 2, 0, 0, NULL, NULL),
	(1470, 0, 141539111, 0, 2, 0, 0, NULL, NULL),
	(1471, 0, 141539112, 0, 2, 0, 0, NULL, NULL),
	(1472, 0, 141549000, 0, 2, 0, 0, NULL, NULL),
	(1473, 0, 141549111, 0, 2, 0, 0, NULL, NULL),
	(1474, 0, 141549112, 0, 2, 0, 0, NULL, NULL),
	(1475, 0, 142109000, 0, 2, 0, 0, NULL, NULL),
	(1476, 0, 142109111, 0, 2, 0, 0, NULL, NULL),
	(1477, 0, 142209000, 0, 2, 0, 0, NULL, NULL),
	(1478, 0, 142209111, 0, 2, 0, 0, NULL, NULL),
	(1479, 0, 142309000, 0, 2, 0, 0, NULL, NULL),
	(1480, 0, 142309111, 0, 2, 0, 0, NULL, NULL),
	(1481, 0, 142409000, 0, 2, 0, 0, NULL, NULL),
	(1482, 0, 142409111, 0, 2, 0, 0, NULL, NULL),
	(1483, 0, 142519000, 0, 2, 0, 0, NULL, NULL),
	(1484, 0, 142519111, 0, 2, 0, 0, NULL, NULL),
	(1485, 0, 142529000, 0, 2, 0, 0, NULL, NULL),
	(1486, 0, 142529111, 0, 2, 0, 0, NULL, NULL),
	(1487, 0, 142539000, 0, 2, 0, 0, NULL, NULL),
	(1488, 0, 142539111, 0, 2, 0, 0, NULL, NULL),
	(1489, 0, 142549000, 0, 2, 0, 0, NULL, NULL),
	(1490, 0, 142549111, 0, 2, 0, 0, NULL, NULL),
	(1491, 0, 151109000, 0, 2, 0, 0, NULL, NULL),
	(1492, 0, 151109111, 0, 2, 0, 0, NULL, NULL),
	(1493, 0, 151209000, 0, 2, 0, 0, NULL, NULL),
	(1494, 0, 151209111, 0, 2, 0, 0, NULL, NULL),
	(1495, 0, 151209112, 0, 2, 0, 0, NULL, NULL),
	(1496, 0, 151309000, 0, 2, 0, 0, NULL, NULL),
	(1497, 0, 151309111, 0, 2, 0, 0, NULL, NULL),
	(1498, 0, 151309112, 0, 2, 0, 0, NULL, NULL),
	(1499, 0, 151409000, 0, 2, 0, 0, NULL, NULL),
	(1500, 0, 151409111, 0, 2, 0, 0, NULL, NULL),
	(1501, 0, 151409112, 0, 2, 0, 0, NULL, NULL),
	(1502, 0, 151519000, 0, 2, 0, 0, NULL, NULL),
	(1503, 0, 151519111, 0, 2, 0, 0, NULL, NULL),
	(1504, 0, 151519112, 0, 2, 0, 0, NULL, NULL),
	(1505, 0, 151529000, 0, 2, 0, 0, NULL, NULL),
	(1506, 0, 151529111, 0, 2, 0, 0, NULL, NULL),
	(1507, 0, 151529112, 0, 2, 0, 0, NULL, NULL),
	(1508, 0, 151539000, 0, 2, 0, 0, NULL, NULL),
	(1509, 0, 151539111, 0, 2, 0, 0, NULL, NULL),
	(1510, 0, 151539112, 0, 2, 0, 0, NULL, NULL),
	(1511, 0, 151549000, 0, 2, 0, 0, NULL, NULL),
	(1512, 0, 151549111, 0, 2, 0, 0, NULL, NULL),
	(1513, 0, 151549112, 0, 2, 0, 0, NULL, NULL),
	(1514, 0, 152109000, 0, 2, 0, 0, NULL, NULL),
	(1515, 0, 152109111, 0, 2, 0, 0, NULL, NULL),
	(1516, 0, 152209000, 0, 2, 0, 0, NULL, NULL),
	(1517, 0, 152209111, 0, 2, 0, 0, NULL, NULL),
	(1518, 0, 152309000, 0, 2, 0, 0, NULL, NULL),
	(1519, 0, 152309111, 0, 2, 0, 0, NULL, NULL),
	(1520, 0, 152409000, 0, 2, 0, 0, NULL, NULL),
	(1521, 0, 152409111, 0, 2, 0, 0, NULL, NULL),
	(1522, 0, 152519000, 0, 2, 0, 0, NULL, NULL),
	(1523, 0, 152519111, 0, 2, 0, 0, NULL, NULL),
	(1524, 0, 152529000, 0, 2, 0, 0, NULL, NULL),
	(1525, 0, 152529111, 0, 2, 0, 0, NULL, NULL),
	(1526, 0, 152539000, 0, 2, 0, 0, NULL, NULL),
	(1527, 0, 152539111, 0, 2, 0, 0, NULL, NULL),
	(1528, 0, 152549000, 0, 2, 0, 0, NULL, NULL),
	(1529, 0, 152549111, 0, 2, 0, 0, NULL, NULL),
	(1530, 0, 161109000, 0, 2, 0, 0, NULL, NULL),
	(1531, 0, 161109111, 0, 2, 0, 0, NULL, NULL),
	(1532, 0, 161209000, 0, 2, 0, 0, NULL, NULL),
	(1533, 0, 161209111, 0, 2, 0, 0, NULL, NULL),
	(1534, 0, 161209112, 0, 2, 0, 0, NULL, NULL),
	(1535, 0, 161309000, 0, 2, 0, 0, NULL, NULL),
	(1536, 0, 161309111, 0, 2, 0, 0, NULL, NULL),
	(1537, 0, 161309112, 0, 2, 0, 0, NULL, NULL),
	(1538, 0, 161409000, 0, 2, 0, 0, NULL, NULL),
	(1539, 0, 161409111, 0, 2, 0, 0, NULL, NULL),
	(1540, 0, 161409112, 0, 2, 0, 0, NULL, NULL),
	(1541, 0, 161519000, 0, 2, 0, 0, NULL, NULL),
	(1542, 0, 161519111, 0, 2, 0, 0, NULL, NULL),
	(1543, 0, 161519112, 0, 2, 0, 0, NULL, NULL),
	(1544, 0, 161529000, 0, 2, 0, 0, NULL, NULL),
	(1545, 0, 161529111, 0, 2, 0, 0, NULL, NULL),
	(1546, 0, 161529112, 0, 2, 0, 0, NULL, NULL),
	(1547, 0, 161539000, 0, 2, 0, 0, NULL, NULL),
	(1548, 0, 161539111, 0, 2, 0, 0, NULL, NULL),
	(1549, 0, 161539112, 0, 2, 0, 0, NULL, NULL),
	(1550, 0, 161549000, 0, 2, 0, 0, NULL, NULL),
	(1551, 0, 161549111, 0, 2, 0, 0, NULL, NULL),
	(1552, 0, 161549112, 0, 2, 0, 0, NULL, NULL),
	(1553, 0, 162109000, 0, 2, 0, 0, NULL, NULL),
	(1554, 0, 162109111, 0, 2, 0, 0, NULL, NULL),
	(1555, 0, 162209000, 0, 2, 0, 0, NULL, NULL),
	(1556, 0, 162209111, 0, 2, 0, 0, NULL, NULL),
	(1557, 0, 162309000, 0, 2, 0, 0, NULL, NULL),
	(1558, 0, 162309111, 0, 2, 0, 0, NULL, NULL),
	(1559, 0, 162409000, 0, 2, 0, 0, NULL, NULL),
	(1560, 0, 162409111, 0, 2, 0, 0, NULL, NULL),
	(1561, 0, 162519000, 0, 2, 0, 0, NULL, NULL),
	(1562, 0, 162519111, 0, 2, 0, 0, NULL, NULL),
	(1563, 0, 162529000, 0, 2, 0, 0, NULL, NULL),
	(1564, 0, 162529111, 0, 2, 0, 0, NULL, NULL),
	(1565, 0, 162539000, 0, 2, 0, 0, NULL, NULL),
	(1566, 0, 162539111, 0, 2, 0, 0, NULL, NULL),
	(1567, 0, 162549000, 0, 2, 0, 0, NULL, NULL),
	(1568, 0, 162549111, 0, 2, 0, 0, NULL, NULL),
	(1569, 0, 171109000, 0, 2, 0, 0, NULL, NULL),
	(1570, 0, 171109111, 0, 2, 0, 0, NULL, NULL),
	(1571, 0, 171109112, 0, 2, 0, 0, NULL, NULL),
	(1572, 0, 171109113, 0, 2, 0, 0, NULL, NULL),
	(1573, 0, 171109114, 0, 2, 0, 0, NULL, NULL),
	(1574, 0, 171109115, 0, 2, 0, 0, NULL, NULL),
	(1575, 0, 171109119, 0, 2, 0, 0, NULL, NULL),
	(1576, 0, 171209000, 0, 2, 0, 0, NULL, NULL),
	(1577, 0, 171209111, 0, 2, 0, 0, NULL, NULL),
	(1578, 0, 171209112, 0, 2, 0, 0, NULL, NULL),
	(1579, 0, 171209113, 0, 2, 0, 0, NULL, NULL),
	(1580, 0, 171209114, 0, 2, 0, 0, NULL, NULL),
	(1581, 0, 171209115, 0, 2, 0, 0, NULL, NULL),
	(1582, 0, 171209119, 0, 2, 0, 0, NULL, NULL),
	(1583, 0, 200009000, 0, 2, 0, 0, NULL, NULL),
	(1584, 0, 211009000, 0, 2, 0, 0, NULL, NULL),
	(1585, 0, 211009111, 0, 2, 0, 0, NULL, NULL),
	(1586, 0, 211609000, 0, 2, 0, 0, NULL, NULL),
	(1587, 0, 211609111, 0, 2, 0, 0, NULL, NULL),
	(1588, 0, 212009000, 0, 2, 0, 0, NULL, NULL),
	(1589, 0, 212009111, 0, 2, 0, 0, NULL, NULL),
	(1590, 0, 212609000, 0, 2, 0, 0, NULL, NULL),
	(1591, 0, 212609111, 0, 2, 0, 0, NULL, NULL),
	(1592, 0, 213809000, 0, 2, 0, 0, NULL, NULL),
	(1593, 0, 213809111, 0, 2, 0, 0, NULL, NULL),
	(1594, 0, 214909000, 0, 2, 0, 0, NULL, NULL),
	(1595, 0, 214909111, 0, 2, 0, 0, NULL, NULL),
	(1596, 0, 215609000, 0, 2, 0, 0, NULL, NULL),
	(1597, 0, 215609111, 0, 2, 0, 0, NULL, NULL),
	(1598, 0, 221109000, 0, 2, 0, 0, NULL, NULL),
	(1599, 0, 221109111, 0, 2, 0, 0, NULL, NULL),
	(1600, 0, 221209000, 0, 2, 0, 0, NULL, NULL),
	(1601, 0, 221209111, 0, 2, 0, 0, NULL, NULL),
	(1602, 0, 221309000, 0, 2, 0, 0, NULL, NULL),
	(1603, 0, 221309111, 0, 2, 0, 0, NULL, NULL),
	(1604, 0, 221409000, 0, 2, 0, 0, NULL, NULL),
	(1605, 0, 221409111, 0, 2, 0, 0, NULL, NULL),
	(1606, 0, 221509000, 0, 2, 0, 0, NULL, NULL),
	(1607, 0, 221509111, 0, 2, 0, 0, NULL, NULL),
	(1608, 0, 221609000, 0, 2, 0, 0, NULL, NULL),
	(1609, 0, 221609111, 0, 2, 0, 0, NULL, NULL),
	(1610, 0, 222309000, 0, 2, 0, 0, NULL, NULL),
	(1611, 0, 222309111, 0, 2, 0, 0, NULL, NULL),
	(1612, 0, 222309112, 0, 2, 0, 0, NULL, NULL),
	(1613, 0, 222309113, 0, 2, 0, 0, NULL, NULL),
	(1614, 0, 222309119, 0, 2, 0, 0, NULL, NULL),
	(1615, 0, 222409000, 0, 2, 0, 0, NULL, NULL),
	(1616, 0, 222409111, 0, 2, 0, 0, NULL, NULL),
	(1617, 0, 222509000, 0, 2, 0, 0, NULL, NULL),
	(1618, 0, 222509111, 0, 2, 0, 0, NULL, NULL),
	(1619, 0, 231109000, 0, 2, 0, 0, NULL, NULL),
	(1620, 0, 231109111, 0, 2, 0, 0, NULL, NULL),
	(1621, 0, 231209000, 0, 2, 0, 0, NULL, NULL),
	(1622, 0, 231209111, 0, 2, 0, 0, NULL, NULL),
	(1623, 0, 231309000, 0, 2, 0, 0, NULL, NULL),
	(1624, 0, 231309112, 0, 2, 0, 0, NULL, NULL),
	(1625, 0, 231609000, 0, 2, 0, 0, NULL, NULL),
	(1626, 0, 231609113, 0, 2, 0, 0, NULL, NULL),
	(1627, 0, 232109000, 0, 2, 0, 0, NULL, NULL),
	(1628, 0, 232109111, 0, 2, 0, 0, NULL, NULL),
	(1629, 0, 232209000, 0, 2, 0, 0, NULL, NULL),
	(1630, 0, 232209111, 0, 2, 0, 0, NULL, NULL),
	(1631, 0, 232309000, 0, 2, 0, 0, NULL, NULL),
	(1632, 0, 232309111, 0, 2, 0, 0, NULL, NULL),
	(1633, 0, 233109000, 0, 2, 0, 0, NULL, NULL),
	(1634, 0, 233109111, 0, 2, 0, 0, NULL, NULL),
	(1635, 0, 233209000, 0, 2, 0, 0, NULL, NULL),
	(1636, 0, 233209111, 0, 2, 0, 0, NULL, NULL),
	(1637, 0, 233309000, 0, 2, 0, 0, NULL, NULL),
	(1638, 0, 233309111, 0, 2, 0, 0, NULL, NULL),
	(1639, 0, 234109000, 0, 2, 0, 0, NULL, NULL),
	(1640, 0, 234109111, 0, 2, 0, 0, NULL, NULL),
	(1641, 0, 234209000, 0, 2, 0, 0, NULL, NULL),
	(1642, 0, 234209111, 0, 2, 0, 0, NULL, NULL),
	(1643, 0, 234309000, 0, 2, 0, 0, NULL, NULL),
	(1644, 0, 234309111, 0, 2, 0, 0, NULL, NULL),
	(1645, 0, 234409000, 0, 2, 0, 0, NULL, NULL),
	(1646, 0, 234409111, 0, 2, 0, 0, NULL, NULL),
	(1647, 0, 241009000, 0, 2, 0, 0, NULL, NULL),
	(1648, 0, 241009111, 0, 2, 0, 0, NULL, NULL),
	(1649, 0, 242009000, 0, 2, 0, 0, NULL, NULL),
	(1650, 0, 242009111, 0, 2, 0, 0, NULL, NULL),
	(1651, 0, 243009000, 0, 2, 0, 0, NULL, NULL),
	(1652, 0, 243009111, 0, 2, 0, 0, NULL, NULL),
	(1653, 0, 251109000, 0, 2, 0, 0, NULL, NULL),
	(1654, 0, 251109111, 0, 2, 0, 0, NULL, NULL),
	(1655, 0, 251209000, 0, 2, 0, 0, NULL, NULL),
	(1656, 0, 251209111, 0, 2, 0, 0, NULL, NULL),
	(1657, 0, 251209112, 0, 2, 0, 0, NULL, NULL),
	(1658, 0, 251309000, 0, 2, 0, 0, NULL, NULL),
	(1659, 0, 251309111, 0, 2, 0, 0, NULL, NULL),
	(1660, 0, 251309112, 0, 2, 0, 0, NULL, NULL),
	(1661, 0, 251409000, 0, 2, 0, 0, NULL, NULL),
	(1662, 0, 251409111, 0, 2, 0, 0, NULL, NULL),
	(1663, 0, 251409112, 0, 2, 0, 0, NULL, NULL),
	(1664, 0, 251519000, 0, 2, 0, 0, NULL, NULL),
	(1665, 0, 251519111, 0, 2, 0, 0, NULL, NULL),
	(1666, 0, 251519112, 0, 2, 0, 0, NULL, NULL),
	(1667, 0, 251529000, 0, 2, 0, 0, NULL, NULL),
	(1668, 0, 251529111, 0, 2, 0, 0, NULL, NULL),
	(1669, 0, 251529112, 0, 2, 0, 0, NULL, NULL),
	(1670, 0, 251539000, 0, 2, 0, 0, NULL, NULL),
	(1671, 0, 251539111, 0, 2, 0, 0, NULL, NULL),
	(1672, 0, 251539112, 0, 2, 0, 0, NULL, NULL),
	(1673, 0, 251549000, 0, 2, 0, 0, NULL, NULL),
	(1674, 0, 251549111, 0, 2, 0, 0, NULL, NULL),
	(1675, 0, 251549112, 0, 2, 0, 0, NULL, NULL),
	(1676, 0, 252109000, 0, 2, 0, 0, NULL, NULL),
	(1677, 0, 252109111, 0, 2, 0, 0, NULL, NULL),
	(1678, 0, 252209000, 0, 2, 0, 0, NULL, NULL),
	(1679, 0, 252209111, 0, 2, 0, 0, NULL, NULL),
	(1680, 0, 252309000, 0, 2, 0, 0, NULL, NULL),
	(1681, 0, 252309111, 0, 2, 0, 0, NULL, NULL),
	(1682, 0, 252409000, 0, 2, 0, 0, NULL, NULL),
	(1683, 0, 252409111, 0, 2, 0, 0, NULL, NULL),
	(1684, 0, 252519000, 0, 2, 0, 0, NULL, NULL),
	(1685, 0, 252519111, 0, 2, 0, 0, NULL, NULL),
	(1686, 0, 252529000, 0, 2, 0, 0, NULL, NULL),
	(1687, 0, 252529111, 0, 2, 0, 0, NULL, NULL),
	(1688, 0, 252539000, 0, 2, 0, 0, NULL, NULL),
	(1689, 0, 252539111, 0, 2, 0, 0, NULL, NULL),
	(1690, 0, 252549000, 0, 2, 0, 0, NULL, NULL),
	(1691, 0, 252549111, 0, 2, 0, 0, NULL, NULL),
	(1692, 0, 261109000, 0, 2, 0, 0, NULL, NULL),
	(1693, 0, 261109111, 0, 2, 0, 0, NULL, NULL),
	(1694, 0, 261209000, 0, 2, 0, 0, NULL, NULL),
	(1695, 0, 261209111, 0, 2, 0, 0, NULL, NULL),
	(1696, 0, 261209112, 0, 2, 0, 0, NULL, NULL),
	(1697, 0, 261309000, 0, 2, 0, 0, NULL, NULL),
	(1698, 0, 261309111, 0, 2, 0, 0, NULL, NULL),
	(1699, 0, 261309112, 0, 2, 0, 0, NULL, NULL),
	(1700, 0, 261409000, 0, 2, 0, 0, NULL, NULL),
	(1701, 0, 261409111, 0, 2, 0, 0, NULL, NULL),
	(1702, 0, 261409112, 0, 2, 0, 0, NULL, NULL),
	(1703, 0, 261519000, 0, 2, 0, 0, NULL, NULL),
	(1704, 0, 261519111, 0, 2, 0, 0, NULL, NULL),
	(1705, 0, 261519112, 0, 2, 0, 0, NULL, NULL),
	(1706, 0, 261529000, 0, 2, 0, 0, NULL, NULL),
	(1707, 0, 261529111, 0, 2, 0, 0, NULL, NULL),
	(1708, 0, 261529112, 0, 2, 0, 0, NULL, NULL),
	(1709, 0, 261539000, 0, 2, 0, 0, NULL, NULL),
	(1710, 0, 261539111, 0, 2, 0, 0, NULL, NULL),
	(1711, 0, 261539112, 0, 2, 0, 0, NULL, NULL),
	(1712, 0, 261549000, 0, 2, 0, 0, NULL, NULL),
	(1713, 0, 261549111, 0, 2, 0, 0, NULL, NULL),
	(1714, 0, 261549112, 0, 2, 0, 0, NULL, NULL),
	(1715, 0, 262109000, 0, 2, 0, 0, NULL, NULL),
	(1716, 0, 262109111, 0, 2, 0, 0, NULL, NULL),
	(1717, 0, 262209000, 0, 2, 0, 0, NULL, NULL),
	(1718, 0, 262209111, 0, 2, 0, 0, NULL, NULL),
	(1719, 0, 262309000, 0, 2, 0, 0, NULL, NULL),
	(1720, 0, 262309111, 0, 2, 0, 0, NULL, NULL),
	(1721, 0, 262409000, 0, 2, 0, 0, NULL, NULL),
	(1722, 0, 262409111, 0, 2, 0, 0, NULL, NULL),
	(1723, 0, 262519000, 0, 2, 0, 0, NULL, NULL),
	(1724, 0, 262519111, 0, 2, 0, 0, NULL, NULL),
	(1725, 0, 262529000, 0, 2, 0, 0, NULL, NULL),
	(1726, 0, 262529111, 0, 2, 0, 0, NULL, NULL),
	(1727, 0, 262539000, 0, 2, 0, 0, NULL, NULL),
	(1728, 0, 262539111, 0, 2, 0, 0, NULL, NULL),
	(1729, 0, 262549000, 0, 2, 0, 0, NULL, NULL),
	(1730, 0, 262549111, 0, 2, 0, 0, NULL, NULL),
	(1731, 0, 271109000, 0, 2, 0, 0, NULL, NULL),
	(1732, 0, 271109111, 0, 2, 0, 0, NULL, NULL),
	(1733, 0, 271209000, 0, 2, 0, 0, NULL, NULL),
	(1734, 0, 271209111, 0, 2, 0, 0, NULL, NULL),
	(1735, 0, 271209112, 0, 2, 0, 0, NULL, NULL),
	(1736, 0, 271309000, 0, 2, 0, 0, NULL, NULL),
	(1737, 0, 271309111, 0, 2, 0, 0, NULL, NULL),
	(1738, 0, 271309112, 0, 2, 0, 0, NULL, NULL),
	(1739, 0, 271409000, 0, 2, 0, 0, NULL, NULL),
	(1740, 0, 271409111, 0, 2, 0, 0, NULL, NULL),
	(1741, 0, 271409112, 0, 2, 0, 0, NULL, NULL),
	(1742, 0, 271519000, 0, 2, 0, 0, NULL, NULL),
	(1743, 0, 271519111, 0, 2, 0, 0, NULL, NULL),
	(1744, 0, 271519112, 0, 2, 0, 0, NULL, NULL),
	(1745, 0, 271529000, 0, 2, 0, 0, NULL, NULL),
	(1746, 0, 271529111, 0, 2, 0, 0, NULL, NULL),
	(1747, 0, 271529112, 0, 2, 0, 0, NULL, NULL),
	(1748, 0, 271539000, 0, 2, 0, 0, NULL, NULL),
	(1749, 0, 271539111, 0, 2, 0, 0, NULL, NULL),
	(1750, 0, 271539112, 0, 2, 0, 0, NULL, NULL),
	(1751, 0, 271549000, 0, 2, 0, 0, NULL, NULL),
	(1752, 0, 271549111, 0, 2, 0, 0, NULL, NULL),
	(1753, 0, 271549112, 0, 2, 0, 0, NULL, NULL),
	(1754, 0, 272109000, 0, 2, 0, 0, NULL, NULL),
	(1755, 0, 272109111, 0, 2, 0, 0, NULL, NULL),
	(1756, 0, 272209000, 0, 2, 0, 0, NULL, NULL),
	(1757, 0, 272209111, 0, 2, 0, 0, NULL, NULL),
	(1758, 0, 272309000, 0, 2, 0, 0, NULL, NULL),
	(1759, 0, 272309111, 0, 2, 0, 0, NULL, NULL),
	(1760, 0, 272409000, 0, 2, 0, 0, NULL, NULL),
	(1761, 0, 272409111, 0, 2, 0, 0, NULL, NULL),
	(1762, 0, 272519000, 0, 2, 0, 0, NULL, NULL),
	(1763, 0, 272519111, 0, 2, 0, 0, NULL, NULL),
	(1764, 0, 272529000, 0, 2, 0, 0, NULL, NULL),
	(1765, 0, 272529111, 0, 2, 0, 0, NULL, NULL),
	(1766, 0, 272539000, 0, 2, 0, 0, NULL, NULL),
	(1767, 0, 272539111, 0, 2, 0, 0, NULL, NULL),
	(1768, 0, 272549000, 0, 2, 0, 0, NULL, NULL),
	(1769, 0, 272549111, 0, 2, 0, 0, NULL, NULL),
	(1770, 0, 281109000, 0, 2, 0, 0, NULL, NULL),
	(1771, 0, 281109111, 0, 2, 0, 0, NULL, NULL),
	(1772, 0, 281209000, 0, 2, 0, 0, NULL, NULL),
	(1773, 0, 281209111, 0, 2, 0, 0, NULL, NULL),
	(1774, 0, 281209112, 0, 2, 0, 0, NULL, NULL),
	(1775, 0, 281309000, 0, 2, 0, 0, NULL, NULL),
	(1776, 0, 281309111, 0, 2, 0, 0, NULL, NULL),
	(1777, 0, 281309112, 0, 2, 0, 0, NULL, NULL),
	(1778, 0, 281409000, 0, 2, 0, 0, NULL, NULL),
	(1779, 0, 281409111, 0, 2, 0, 0, NULL, NULL),
	(1780, 0, 281409112, 0, 2, 0, 0, NULL, NULL),
	(1781, 0, 281519000, 0, 2, 0, 0, NULL, NULL),
	(1782, 0, 281519111, 0, 2, 0, 0, NULL, NULL),
	(1783, 0, 281519112, 0, 2, 0, 0, NULL, NULL),
	(1784, 0, 281529000, 0, 2, 0, 0, NULL, NULL),
	(1785, 0, 281529111, 0, 2, 0, 0, NULL, NULL),
	(1786, 0, 281529112, 0, 2, 0, 0, NULL, NULL),
	(1787, 0, 281539000, 0, 2, 0, 0, NULL, NULL),
	(1788, 0, 281539111, 0, 2, 0, 0, NULL, NULL),
	(1789, 0, 281539112, 0, 2, 0, 0, NULL, NULL),
	(1790, 0, 281549000, 0, 2, 0, 0, NULL, NULL),
	(1791, 0, 281549111, 0, 2, 0, 0, NULL, NULL),
	(1792, 0, 281549112, 0, 2, 0, 0, NULL, NULL),
	(1793, 0, 282109000, 0, 2, 0, 0, NULL, NULL),
	(1794, 0, 282109111, 0, 2, 0, 0, NULL, NULL),
	(1795, 0, 282209000, 0, 2, 0, 0, NULL, NULL),
	(1796, 0, 282209111, 0, 2, 0, 0, NULL, NULL),
	(1797, 0, 282309000, 0, 2, 0, 0, NULL, NULL),
	(1798, 0, 282309111, 0, 2, 0, 0, NULL, NULL),
	(1799, 0, 282409000, 0, 2, 0, 0, NULL, NULL),
	(1800, 0, 282409111, 0, 2, 0, 0, NULL, NULL),
	(1801, 0, 282519000, 0, 2, 0, 0, NULL, NULL),
	(1802, 0, 282519111, 0, 2, 0, 0, NULL, NULL),
	(1803, 0, 282529000, 0, 2, 0, 0, NULL, NULL),
	(1804, 0, 282529111, 0, 2, 0, 0, NULL, NULL),
	(1805, 0, 282539000, 0, 2, 0, 0, NULL, NULL),
	(1806, 0, 282539111, 0, 2, 0, 0, NULL, NULL),
	(1807, 0, 282549000, 0, 2, 0, 0, NULL, NULL),
	(1808, 0, 282549111, 0, 2, 0, 0, NULL, NULL),
	(1809, 0, 289709000, 0, 2, 0, 0, NULL, NULL),
	(1810, 0, 289709111, 0, 2, 0, 0, NULL, NULL),
	(1811, 0, 289709112, 0, 2, 0, 0, NULL, NULL),
	(1812, 0, 289809000, 0, 2, 0, 0, NULL, NULL),
	(1813, 0, 289809111, 0, 2, 0, 0, NULL, NULL),
	(1814, 0, 289909000, 0, 2, 0, 0, NULL, NULL),
	(1815, 0, 289909111, 0, 2, 0, 0, NULL, NULL),
	(1816, 0, 291109000, 0, 2, 0, 0, NULL, NULL),
	(1817, 0, 291109111, 0, 2, 0, 0, NULL, NULL),
	(1818, 0, 291209000, 0, 2, 0, 0, NULL, NULL),
	(1819, 0, 291209111, 0, 2, 0, 0, NULL, NULL),
	(1820, 0, 292109000, 0, 2, 0, 0, NULL, NULL),
	(1821, 0, 292109111, 0, 2, 0, 0, NULL, NULL),
	(1822, 0, 292209000, 0, 2, 0, 0, NULL, NULL),
	(1823, 0, 292209111, 0, 2, 0, 0, NULL, NULL),
	(1824, 0, 292309000, 0, 2, 0, 0, NULL, NULL),
	(1825, 0, 292309111, 0, 2, 0, 0, NULL, NULL),
	(1826, 0, 293109000, 0, 2, 0, 0, NULL, NULL),
	(1827, 0, 293109111, 0, 2, 0, 0, NULL, NULL),
	(1828, 0, 293209000, 0, 2, 0, 0, NULL, NULL),
	(1829, 0, 293209111, 0, 2, 0, 0, NULL, NULL),
	(1830, 0, 293309000, 0, 2, 0, 0, NULL, NULL),
	(1831, 0, 293309111, 0, 2, 0, 0, NULL, NULL),
	(1832, 0, 293409000, 0, 2, 0, 0, NULL, NULL),
	(1833, 0, 293409111, 0, 2, 0, 0, NULL, NULL),
	(1834, 0, 293509000, 0, 2, 0, 0, NULL, NULL),
	(1835, 0, 293509111, 0, 2, 0, 0, NULL, NULL),
	(1836, 0, 294109000, 0, 2, 0, 0, NULL, NULL),
	(1837, 0, 294109111, 0, 2, 0, 0, NULL, NULL),
	(1838, 0, 294209000, 0, 2, 0, 0, NULL, NULL),
	(1839, 0, 294209111, 0, 2, 0, 0, NULL, NULL),
	(1840, 0, 294309000, 0, 2, 0, 0, NULL, NULL),
	(1841, 0, 294309111, 0, 2, 0, 0, NULL, NULL),
	(1842, 0, 294409000, 0, 2, 0, 0, NULL, NULL),
	(1843, 0, 294409111, 0, 2, 0, 0, NULL, NULL),
	(1844, 0, 294509000, 0, 2, 0, 0, NULL, NULL),
	(1845, 0, 294509111, 0, 2, 0, 0, NULL, NULL),
	(1846, 0, 294609000, 0, 2, 0, 0, NULL, NULL),
	(1847, 0, 294609111, 0, 2, 0, 0, NULL, NULL),
	(1848, 0, 294709000, 0, 2, 0, 0, NULL, NULL),
	(1849, 0, 294709111, 0, 2, 0, 0, NULL, NULL),
	(1850, 0, 294809000, 0, 2, 0, 0, NULL, NULL),
	(1851, 0, 294809111, 0, 2, 0, 0, NULL, NULL),
	(1852, 0, 294919000, 0, 2, 0, 0, NULL, NULL),
	(1853, 0, 294919111, 0, 2, 0, 0, NULL, NULL),
	(1854, 0, 294929000, 0, 2, 0, 0, NULL, NULL),
	(1855, 0, 294929111, 0, 2, 0, 0, NULL, NULL),
	(1856, 0, 295109000, 0, 2, 0, 0, NULL, NULL),
	(1857, 0, 295109111, 0, 2, 0, 0, NULL, NULL),
	(1858, 0, 295209000, 0, 2, 0, 0, NULL, NULL),
	(1859, 0, 295209111, 0, 2, 0, 0, NULL, NULL),
	(1860, 0, 296509000, 0, 2, 0, 0, NULL, NULL),
	(1861, 0, 296509001, 0, 2, 0, 0, NULL, NULL),
	(1862, 0, 296509002, 0, 2, 0, 0, NULL, NULL),
	(1863, 0, 296509003, 0, 2, 0, 0, NULL, NULL),
	(1864, 0, 296509004, 0, 2, 0, 0, NULL, NULL),
	(1865, 0, 296509005, 0, 2, 0, 0, NULL, NULL),
	(1866, 0, 296509006, 0, 2, 0, 0, NULL, NULL),
	(1867, 0, 296509007, 0, 2, 0, 0, NULL, NULL),
	(1868, 0, 296509008, 0, 2, 0, 0, NULL, NULL),
	(1869, 0, 296509009, 0, 2, 0, 0, NULL, NULL),
	(1870, 0, 296509010, 0, 2, 0, 0, NULL, NULL),
	(1871, 0, 296509011, 0, 2, 0, 0, NULL, NULL),
	(1872, 0, 296509012, 0, 2, 0, 0, NULL, NULL),
	(1873, 0, 296509013, 0, 2, 0, 0, NULL, NULL),
	(1874, 0, 296509014, 0, 2, 0, 0, NULL, NULL),
	(1875, 0, 296509015, 0, 2, 0, 0, NULL, NULL),
	(1876, 0, 296509016, 0, 2, 0, 0, NULL, NULL),
	(1877, 0, 296509017, 0, 2, 0, 0, NULL, NULL),
	(1878, 0, 296509018, 0, 2, 0, 0, NULL, NULL),
	(1879, 0, 296509019, 0, 2, 0, 0, NULL, NULL),
	(1880, 0, 296509020, 0, 2, 0, 0, NULL, NULL),
	(1881, 0, 296509021, 0, 2, 0, 0, NULL, NULL),
	(1882, 0, 296509022, 0, 2, 0, 0, NULL, NULL),
	(1883, 0, 296509023, 0, 2, 0, 0, NULL, NULL),
	(1884, 0, 296509024, 0, 2, 0, 0, NULL, NULL),
	(1885, 0, 296509025, 0, 2, 0, 0, NULL, NULL),
	(1886, 0, 296509026, 0, 2, 0, 0, NULL, NULL),
	(1887, 0, 296509027, 0, 2, 0, 0, NULL, NULL),
	(1888, 0, 296509028, 0, 2, 0, 0, NULL, NULL),
	(1889, 0, 296509029, 0, 2, 0, 0, NULL, NULL),
	(1890, 0, 296509030, 0, 2, 0, 0, NULL, NULL),
	(1891, 0, 296509031, 0, 2, 0, 0, NULL, NULL),
	(1892, 0, 296509032, 0, 2, 0, 0, NULL, NULL),
	(1893, 0, 296509033, 0, 2, 0, 0, NULL, NULL),
	(1894, 0, 296509034, 0, 2, 0, 0, NULL, NULL),
	(1895, 0, 296509035, 0, 2, 0, 0, NULL, NULL),
	(1896, 0, 296509036, 0, 2, 0, 0, NULL, NULL),
	(1897, 0, 296509037, 0, 2, 0, 0, NULL, NULL),
	(1898, 0, 296509038, 0, 2, 0, 0, NULL, NULL),
	(1899, 0, 296509039, 0, 2, 0, 0, NULL, NULL),
	(1900, 0, 296509040, 0, 2, 0, 0, NULL, NULL),
	(1901, 0, 296509041, 0, 2, 0, 0, NULL, NULL),
	(1902, 0, 296509042, 0, 2, 0, 0, NULL, NULL),
	(1903, 0, 296509043, 0, 2, 0, 0, NULL, NULL),
	(1904, 0, 296509044, 0, 2, 0, 0, NULL, NULL),
	(1905, 0, 296509045, 0, 2, 0, 0, NULL, NULL),
	(1906, 0, 296509046, 0, 2, 0, 0, NULL, NULL),
	(1907, 0, 296509047, 0, 2, 0, 0, NULL, NULL),
	(1908, 0, 296509048, 0, 2, 0, 0, NULL, NULL),
	(1909, 0, 296509049, 0, 2, 0, 0, NULL, NULL),
	(1910, 0, 296509050, 0, 2, 0, 0, NULL, NULL),
	(1911, 0, 296509051, 0, 2, 0, 0, NULL, NULL),
	(1912, 0, 296509052, 0, 2, 0, 0, NULL, NULL),
	(1913, 0, 296509053, 0, 2, 0, 0, NULL, NULL),
	(1914, 0, 296509054, 0, 2, 0, 0, NULL, NULL),
	(1915, 0, 296509055, 0, 2, 0, 0, NULL, NULL),
	(1916, 0, 296509056, 0, 2, 0, 0, NULL, NULL),
	(1917, 0, 296509057, 0, 2, 0, 0, NULL, NULL),
	(1918, 0, 296509058, 0, 2, 0, 0, NULL, NULL),
	(1919, 0, 296509059, 0, 2, 0, 0, NULL, NULL),
	(1920, 0, 296509060, 0, 2, 0, 0, NULL, NULL),
	(1921, 0, 296509061, 0, 2, 0, 0, NULL, NULL),
	(1922, 0, 296509062, 0, 2, 0, 0, NULL, NULL),
	(1923, 0, 296509063, 0, 2, 0, 0, NULL, NULL),
	(1924, 0, 296509064, 0, 2, 0, 0, NULL, NULL),
	(1925, 0, 296509065, 0, 2, 0, 0, NULL, NULL),
	(1926, 0, 296509066, 0, 2, 0, 0, NULL, NULL),
	(1927, 0, 296509999, 0, 2, 0, 0, NULL, NULL),
	(1928, 0, 296609111, 0, 2, 0, 0, NULL, NULL),
	(1929, 0, 296709000, 0, 2, 0, 0, NULL, NULL),
	(1930, 0, 296709111, 0, 2, 0, 0, NULL, NULL),
	(1931, 0, 296709112, 0, 2, 0, 0, NULL, NULL),
	(1932, 0, 296709113, 0, 2, 0, 0, NULL, NULL),
	(1933, 0, 296709114, 0, 2, 0, 0, NULL, NULL),
	(1934, 0, 296709115, 0, 2, 0, 0, NULL, NULL),
	(1935, 0, 296709116, 0, 2, 0, 0, NULL, NULL),
	(1936, 0, 296709117, 0, 2, 0, 0, NULL, NULL),
	(1937, 0, 296709211, 0, 2, 0, 0, NULL, NULL),
	(1938, 0, 296809000, 0, 2, 0, 0, NULL, NULL),
	(1939, 0, 296809111, 0, 2, 0, 0, NULL, NULL),
	(1940, 0, 300009000, 0, 2, 0, 0, NULL, NULL),
	(1941, 0, 321109000, 0, 2, 0, 0, NULL, NULL),
	(1942, 0, 321109111, 0, 2, 0, 0, NULL, NULL),
	(1943, 0, 322109000, 0, 2, 0, 0, NULL, NULL),
	(1944, 0, 322109111, 0, 2, 0, 0, NULL, NULL),
	(1945, 0, 322209000, 0, 2, 0, 0, NULL, NULL),
	(1946, 0, 322209111, 0, 2, 0, 0, NULL, NULL),
	(1947, 0, 322309000, 0, 2, 0, 0, NULL, NULL),
	(1948, 0, 322309111, 0, 2, 0, 0, NULL, NULL),
	(1949, 0, 322409000, 0, 2, 0, 0, NULL, NULL),
	(1950, 0, 322409111, 0, 2, 0, 0, NULL, NULL),
	(1951, 0, 322909000, 0, 2, 0, 0, NULL, NULL),
	(1952, 0, 322909111, 0, 2, 0, 0, NULL, NULL),
	(1953, 0, 322909119, 0, 2, 0, 0, NULL, NULL),
	(1954, 0, 331109000, 0, 2, 0, 0, NULL, NULL),
	(1955, 0, 331109111, 0, 2, 0, 0, NULL, NULL),
	(1956, 0, 331109112, 0, 2, 0, 0, NULL, NULL),
	(1957, 0, 331109113, 0, 2, 0, 0, NULL, NULL),
	(1958, 0, 331109114, 0, 2, 0, 0, NULL, NULL),
	(1959, 0, 332109000, 0, 2, 0, 0, NULL, NULL),
	(1960, 0, 332109111, 0, 2, 0, 0, NULL, NULL),
	(1961, 0, 332209000, 0, 2, 0, 0, NULL, NULL),
	(1962, 0, 332209111, 0, 2, 0, 0, NULL, NULL),
	(1963, 0, 332209112, 0, 2, 0, 0, NULL, NULL),
	(1964, 0, 332209113, 0, 2, 0, 0, NULL, NULL),
	(1965, 0, 333109000, 0, 2, 0, 0, NULL, NULL),
	(1966, 0, 333109111, 0, 2, 0, 0, NULL, NULL),
	(1967, 0, 333209000, 0, 2, 0, 0, NULL, NULL),
	(1968, 0, 333209111, 0, 2, 0, 0, NULL, NULL),
	(1969, 0, 333309000, 0, 2, 0, 0, NULL, NULL),
	(1970, 0, 333309111, 0, 2, 0, 0, NULL, NULL),
	(1971, 0, 333409000, 0, 2, 0, 0, NULL, NULL),
	(1972, 0, 333409111, 0, 2, 0, 0, NULL, NULL),
	(1973, 0, 341109000, 0, 2, 0, 0, NULL, NULL),
	(1974, 0, 341109111, 0, 2, 0, 0, NULL, NULL),
	(1975, 0, 342109000, 0, 2, 0, 0, NULL, NULL),
	(1976, 0, 342109111, 0, 2, 0, 0, NULL, NULL),
	(1977, 0, 342209000, 0, 2, 0, 0, NULL, NULL),
	(1978, 0, 342209111, 0, 2, 0, 0, NULL, NULL),
	(1979, 0, 342309000, 0, 2, 0, 0, NULL, NULL),
	(1980, 0, 342309111, 0, 2, 0, 0, NULL, NULL),
	(1981, 0, 342409000, 0, 2, 0, 0, NULL, NULL),
	(1982, 0, 342409111, 0, 2, 0, 0, NULL, NULL),
	(1983, 0, 342909000, 0, 2, 0, 0, NULL, NULL),
	(1984, 0, 342909111, 0, 2, 0, 0, NULL, NULL),
	(1985, 0, 343109000, 0, 2, 0, 0, NULL, NULL),
	(1986, 0, 343109111, 0, 2, 0, 0, NULL, NULL),
	(1987, 0, 343109112, 0, 2, 0, 0, NULL, NULL),
	(1988, 0, 343109113, 0, 2, 0, 0, NULL, NULL),
	(1989, 0, 343109114, 0, 2, 0, 0, NULL, NULL),
	(1990, 0, 343209000, 0, 2, 0, 0, NULL, NULL),
	(1991, 0, 343209111, 0, 2, 0, 0, NULL, NULL),
	(1992, 0, 343309000, 0, 2, 0, 0, NULL, NULL),
	(1993, 0, 343309111, 0, 2, 0, 0, NULL, NULL),
	(1994, 0, 344109000, 0, 2, 0, 0, NULL, NULL),
	(1995, 0, 344109111, 0, 2, 0, 0, NULL, NULL),
	(1996, 0, 344209000, 0, 2, 0, 0, NULL, NULL),
	(1997, 0, 344209111, 0, 2, 0, 0, NULL, NULL),
	(1998, 0, 344309000, 0, 2, 0, 0, NULL, NULL),
	(1999, 0, 344309111, 0, 2, 0, 0, NULL, NULL),
	(2000, 0, 344409000, 0, 2, 0, 0, NULL, NULL),
	(2001, 0, 344409111, 0, 2, 0, 0, NULL, NULL),
	(2002, 0, 361109000, 0, 2, 0, 0, NULL, NULL),
	(2003, 0, 361109111, 0, 2, 0, 0, NULL, NULL),
	(2004, 0, 361109112, 0, 2, 0, 0, NULL, NULL),
	(2005, 0, 361209000, 0, 2, 0, 0, NULL, NULL),
	(2006, 0, 361209111, 0, 2, 0, 0, NULL, NULL),
	(2007, 0, 361209112, 0, 2, 0, 0, NULL, NULL),
	(2008, 0, 361209113, 0, 2, 0, 0, NULL, NULL),
	(2009, 0, 361209119, 0, 2, 0, 0, NULL, NULL),
	(2010, 0, 361309000, 0, 2, 0, 0, NULL, NULL),
	(2011, 0, 361309111, 0, 2, 0, 0, NULL, NULL),
	(2012, 0, 361409000, 0, 2, 0, 0, NULL, NULL),
	(2013, 0, 361409111, 0, 2, 0, 0, NULL, NULL),
	(2014, 0, 361509000, 0, 2, 0, 0, NULL, NULL),
	(2015, 0, 361509111, 0, 2, 0, 0, NULL, NULL),
	(2016, 0, 361509112, 0, 2, 0, 0, NULL, NULL),
	(2017, 0, 361509113, 0, 2, 0, 0, NULL, NULL),
	(2018, 0, 361509114, 0, 2, 0, 0, NULL, NULL),
	(2019, 0, 361509119, 0, 2, 0, 0, NULL, NULL),
	(2020, 0, 361609000, 0, 2, 0, 0, NULL, NULL),
	(2021, 0, 361609111, 0, 2, 0, 0, NULL, NULL),
	(2022, 0, 362109000, 0, 2, 0, 0, NULL, NULL),
	(2023, 0, 362109111, 0, 2, 0, 0, NULL, NULL),
	(2024, 0, 362109112, 0, 2, 0, 0, NULL, NULL),
	(2025, 0, 362109113, 0, 2, 0, 0, NULL, NULL),
	(2026, 0, 362109114, 0, 2, 0, 0, NULL, NULL),
	(2027, 0, 362109119, 0, 2, 0, 0, NULL, NULL),
	(2028, 0, 363109000, 0, 2, 0, 0, NULL, NULL),
	(2029, 0, 363109111, 0, 2, 0, 0, NULL, NULL),
	(2030, 0, 363109119, 0, 2, 0, 0, NULL, NULL),
	(2031, 0, 372109000, 0, 2, 0, 0, NULL, NULL),
	(2032, 0, 372109111, 0, 2, 0, 0, NULL, NULL),
	(2033, 0, 373109000, 0, 2, 0, 0, NULL, NULL),
	(2034, 0, 373109111, 0, 2, 0, 0, NULL, NULL),
	(2035, 0, 381109000, 0, 2, 0, 0, NULL, NULL),
	(2036, 0, 381109111, 0, 2, 0, 0, NULL, NULL),
	(2037, 0, 381109112, 0, 2, 0, 0, NULL, NULL),
	(2038, 0, 381109113, 0, 2, 0, 0, NULL, NULL),
	(2039, 0, 381109114, 0, 2, 0, 0, NULL, NULL),
	(2040, 0, 381109115, 0, 2, 0, 0, NULL, NULL),
	(2041, 0, 381109116, 0, 2, 0, 0, NULL, NULL),
	(2042, 0, 381109117, 0, 2, 0, 0, NULL, NULL),
	(2043, 0, 381109118, 0, 2, 0, 0, NULL, NULL),
	(2044, 0, 381109119, 0, 2, 0, 0, NULL, NULL),
	(2045, 0, 382109000, 0, 2, 0, 0, NULL, NULL),
	(2046, 0, 382109111, 0, 2, 0, 0, NULL, NULL),
	(2047, 0, 383109000, 0, 2, 0, 0, NULL, NULL),
	(2048, 0, 383109111, 0, 2, 0, 0, NULL, NULL),
	(2049, 0, 384109000, 0, 2, 0, 0, NULL, NULL),
	(2050, 0, 384109111, 0, 2, 0, 0, NULL, NULL),
	(2051, 0, 384109112, 0, 2, 0, 0, NULL, NULL),
	(2052, 0, 384109113, 0, 2, 0, 0, NULL, NULL),
	(2053, 0, 384109114, 0, 2, 0, 0, NULL, NULL),
	(2054, 0, 384109119, 0, 2, 0, 0, NULL, NULL),
	(2055, 0, 385109000, 0, 2, 0, 0, NULL, NULL),
	(2056, 0, 385109111, 0, 2, 0, 0, NULL, NULL),
	(2057, 0, 386109111, 0, 2, 0, 0, NULL, NULL),
	(2058, 0, 389109000, 0, 2, 0, 0, NULL, NULL),
	(2059, 0, 389109111, 0, 2, 0, 0, NULL, NULL),
	(2060, 0, 389209000, 0, 2, 0, 0, NULL, NULL),
	(2061, 0, 389209111, 0, 2, 0, 0, NULL, NULL),
	(2062, 0, 389309000, 0, 2, 0, 0, NULL, NULL),
	(2063, 0, 389309111, 0, 2, 0, 0, NULL, NULL),
	(2064, 0, 389809000, 0, 2, 0, 0, NULL, NULL),
	(2065, 0, 389809111, 0, 2, 0, 0, NULL, NULL),
	(2066, 0, 389809112, 0, 2, 0, 0, NULL, NULL),
	(2067, 0, 389809117, 0, 2, 0, 0, NULL, NULL),
	(2068, 0, 389809119, 0, 2, 0, 0, NULL, NULL),
	(2069, 0, 389809211, 0, 2, 0, 0, NULL, NULL),
	(2070, 0, 389809212, 0, 2, 0, 0, NULL, NULL),
	(2071, 0, 389809213, 0, 2, 0, 0, NULL, NULL),
	(2072, 0, 389809214, 0, 2, 0, 0, NULL, NULL),
	(2073, 0, 389809215, 0, 2, 0, 0, NULL, NULL),
	(2074, 0, 389809216, 0, 2, 0, 0, NULL, NULL),
	(2075, 0, 389809217, 0, 2, 0, 0, NULL, NULL),
	(2076, 0, 389809218, 0, 2, 0, 0, NULL, NULL),
	(2077, 0, 389809219, 0, 2, 0, 0, NULL, NULL),
	(2078, 0, 389809220, 0, 2, 0, 0, NULL, NULL),
	(2079, 0, 389809221, 0, 2, 0, 0, NULL, NULL),
	(2080, 0, 389809222, 0, 2, 0, 0, NULL, NULL),
	(2081, 0, 389809223, 0, 2, 0, 0, NULL, NULL),
	(2082, 0, 389809224, 0, 2, 0, 0, NULL, NULL),
	(2083, 0, 389809225, 0, 2, 0, 0, NULL, NULL),
	(2084, 0, 389809226, 0, 2, 0, 0, NULL, NULL),
	(2085, 0, 389809227, 0, 2, 0, 0, NULL, NULL),
	(2086, 0, 389809228, 0, 2, 0, 0, NULL, NULL),
	(2087, 0, 389809229, 0, 2, 0, 0, NULL, NULL),
	(2088, 0, 389809230, 0, 2, 0, 0, NULL, NULL),
	(2089, 0, 389809231, 0, 2, 0, 0, NULL, NULL),
	(2090, 0, 389809232, 0, 2, 0, 0, NULL, NULL),
	(2091, 0, 389809233, 0, 2, 0, 0, NULL, NULL),
	(2092, 0, 389809234, 0, 2, 0, 0, NULL, NULL),
	(2093, 0, 389809235, 0, 2, 0, 0, NULL, NULL),
	(2094, 0, 389809236, 0, 2, 0, 0, NULL, NULL),
	(2095, 0, 389809237, 0, 2, 0, 0, NULL, NULL),
	(2096, 0, 389809238, 0, 2, 0, 0, NULL, NULL),
	(2097, 0, 389809239, 0, 2, 0, 0, NULL, NULL),
	(2098, 0, 389809240, 0, 2, 0, 0, NULL, NULL),
	(2099, 0, 389809241, 0, 2, 0, 0, NULL, NULL),
	(2100, 0, 389809242, 0, 2, 0, 0, NULL, NULL),
	(2101, 0, 389809243, 0, 2, 0, 0, NULL, NULL),
	(2102, 0, 389809244, 0, 2, 0, 0, NULL, NULL),
	(2103, 0, 389809245, 0, 2, 0, 0, NULL, NULL),
	(2104, 0, 389809246, 0, 2, 0, 0, NULL, NULL),
	(2105, 0, 389809247, 0, 2, 0, 0, NULL, NULL),
	(2106, 0, 389809248, 0, 2, 0, 0, NULL, NULL),
	(2107, 0, 389809249, 0, 2, 0, 0, NULL, NULL),
	(2108, 0, 389809250, 0, 2, 0, 0, NULL, NULL),
	(2109, 0, 389809251, 0, 2, 0, 0, NULL, NULL),
	(2110, 0, 389809252, 0, 2, 0, 0, NULL, NULL),
	(2111, 0, 389809253, 0, 2, 0, 0, NULL, NULL),
	(2112, 0, 389809254, 0, 2, 0, 0, NULL, NULL),
	(2113, 0, 389809255, 0, 2, 0, 0, NULL, NULL),
	(2114, 0, 389809256, 0, 2, 0, 0, NULL, NULL),
	(2115, 0, 389809257, 0, 2, 0, 0, NULL, NULL),
	(2116, 0, 389809258, 0, 2, 0, 0, NULL, NULL),
	(2117, 0, 389809259, 0, 2, 0, 0, NULL, NULL),
	(2118, 0, 389809260, 0, 2, 0, 0, NULL, NULL),
	(2119, 0, 389809261, 0, 2, 0, 0, NULL, NULL),
	(2120, 0, 389809262, 0, 2, 0, 0, NULL, NULL),
	(2121, 0, 389809263, 0, 2, 0, 0, NULL, NULL),
	(2122, 0, 389809264, 0, 2, 0, 0, NULL, NULL),
	(2123, 0, 389809265, 0, 2, 0, 0, NULL, NULL),
	(2124, 0, 389809266, 0, 2, 0, 0, NULL, NULL),
	(2125, 0, 389809267, 0, 2, 0, 0, NULL, NULL),
	(2126, 0, 389809268, 0, 2, 0, 0, NULL, NULL),
	(2127, 0, 389809269, 0, 2, 0, 0, NULL, NULL),
	(2128, 0, 389809270, 0, 2, 0, 0, NULL, NULL),
	(2129, 0, 389809271, 0, 2, 0, 0, NULL, NULL),
	(2130, 0, 389809272, 0, 2, 0, 0, NULL, NULL),
	(2131, 0, 389809273, 0, 2, 0, 0, NULL, NULL),
	(2132, 0, 389809274, 0, 2, 0, 0, NULL, NULL),
	(2133, 0, 389809275, 0, 2, 0, 0, NULL, NULL),
	(2134, 0, 389809276, 0, 2, 0, 0, NULL, NULL),
	(2135, 0, 389809888, 0, 2, 0, 0, NULL, NULL),
	(2136, 0, 389809889, 0, 2, 0, 0, NULL, NULL),
	(2137, 0, 400009000, 0, 2, 0, 0, NULL, NULL),
	(2138, 0, 401109000, 0, 2, 0, 0, NULL, NULL),
	(2139, 0, 401109111, 0, 2, 0, 0, NULL, NULL),
	(2140, 0, 401209000, 0, 2, 0, 0, NULL, NULL),
	(2141, 0, 401209111, 0, 2, 0, 0, NULL, NULL),
	(2142, 0, 401309000, 0, 2, 0, 0, NULL, NULL),
	(2143, 0, 401309111, 0, 2, 0, 0, NULL, NULL),
	(2144, 0, 401409000, 0, 2, 0, 0, NULL, NULL),
	(2145, 0, 401409111, 0, 2, 0, 0, NULL, NULL),
	(2146, 0, 402109000, 0, 2, 0, 0, NULL, NULL),
	(2147, 0, 402109111, 0, 2, 0, 0, NULL, NULL),
	(2148, 0, 402209000, 0, 2, 0, 0, NULL, NULL),
	(2149, 0, 402209111, 0, 2, 0, 0, NULL, NULL),
	(2150, 0, 404109000, 0, 2, 0, 0, NULL, NULL),
	(2151, 0, 404109111, 0, 2, 0, 0, NULL, NULL),
	(2152, 0, 404209000, 0, 2, 0, 0, NULL, NULL),
	(2153, 0, 404209111, 0, 2, 0, 0, NULL, NULL),
	(2154, 0, 404309000, 0, 2, 0, 0, NULL, NULL),
	(2155, 0, 404309111, 0, 2, 0, 0, NULL, NULL),
	(2156, 0, 404409000, 0, 2, 0, 0, NULL, NULL),
	(2157, 0, 404409111, 0, 2, 0, 0, NULL, NULL),
	(2158, 0, 405109000, 0, 2, 0, 0, NULL, NULL),
	(2159, 0, 405109111, 0, 2, 0, 0, NULL, NULL),
	(2160, 0, 405209000, 0, 2, 0, 0, NULL, NULL),
	(2161, 0, 405209111, 0, 2, 0, 0, NULL, NULL),
	(2162, 0, 405309000, 0, 2, 0, 0, NULL, NULL),
	(2163, 0, 405309111, 0, 2, 0, 0, NULL, NULL),
	(2164, 0, 405409000, 0, 2, 0, 0, NULL, NULL),
	(2165, 0, 405409111, 0, 2, 0, 0, NULL, NULL),
	(2166, 0, 405509000, 0, 2, 0, 0, NULL, NULL),
	(2167, 0, 405509111, 0, 2, 0, 0, NULL, NULL),
	(2168, 0, 407109000, 0, 2, 0, 0, NULL, NULL),
	(2169, 0, 407109111, 0, 2, 0, 0, NULL, NULL),
	(2170, 0, 408109000, 0, 2, 0, 0, NULL, NULL),
	(2171, 0, 408109111, 0, 2, 0, 0, NULL, NULL),
	(2172, 0, 500009000, 0, 2, 0, 0, NULL, NULL),
	(2173, 0, 514109000, 0, 2, 0, 0, NULL, NULL),
	(2174, 0, 514109111, 0, 2, 0, 0, NULL, NULL),
	(2175, 0, 514209000, 0, 2, 0, 0, NULL, NULL),
	(2176, 0, 514209111, 0, 2, 0, 0, NULL, NULL),
	(2177, 0, 514309000, 0, 2, 0, 0, NULL, NULL),
	(2178, 0, 514309111, 0, 2, 0, 0, NULL, NULL),
	(2179, 0, 514609000, 0, 2, 0, 0, NULL, NULL),
	(2180, 0, 514609111, 0, 2, 0, 0, NULL, NULL),
	(2181, 0, 515109000, 0, 2, 0, 0, NULL, NULL),
	(2182, 0, 515109111, 0, 2, 0, 0, NULL, NULL),
	(2183, 0, 515209000, 0, 2, 0, 0, NULL, NULL),
	(2184, 0, 515209111, 0, 2, 0, 0, NULL, NULL),
	(2185, 0, 515309000, 0, 2, 0, 0, NULL, NULL),
	(2186, 0, 515309111, 0, 2, 0, 0, NULL, NULL),
	(2187, 0, 515309112, 0, 2, 0, 0, NULL, NULL),
	(2188, 0, 515309113, 0, 2, 0, 0, NULL, NULL),
	(2189, 0, 515309114, 0, 2, 0, 0, NULL, NULL),
	(2190, 0, 516109000, 0, 2, 0, 0, NULL, NULL),
	(2191, 0, 516109111, 0, 2, 0, 0, NULL, NULL),
	(2192, 0, 516209000, 0, 2, 0, 0, NULL, NULL),
	(2193, 0, 516209111, 0, 2, 0, 0, NULL, NULL),
	(2194, 0, 516309000, 0, 2, 0, 0, NULL, NULL),
	(2195, 0, 516309111, 0, 2, 0, 0, NULL, NULL),
	(2196, 0, 517109000, 0, 2, 0, 0, NULL, NULL),
	(2197, 0, 517109111, 0, 2, 0, 0, NULL, NULL),
	(2198, 0, 517209000, 0, 2, 0, 0, NULL, NULL),
	(2199, 0, 517209111, 0, 2, 0, 0, NULL, NULL),
	(2200, 0, 517309000, 0, 2, 0, 0, NULL, NULL),
	(2201, 0, 517309111, 0, 2, 0, 0, NULL, NULL),
	(2202, 0, 517409000, 0, 2, 0, 0, NULL, NULL),
	(2203, 0, 517409111, 0, 2, 0, 0, NULL, NULL),
	(2204, 0, 521109000, 0, 2, 0, 0, NULL, NULL),
	(2205, 0, 521109111, 0, 2, 0, 0, NULL, NULL),
	(2206, 0, 521209000, 0, 2, 0, 0, NULL, NULL),
	(2207, 0, 521209111, 0, 2, 0, 0, NULL, NULL),
	(2208, 0, 521209112, 0, 2, 0, 0, NULL, NULL),
	(2209, 0, 521309000, 0, 2, 0, 0, NULL, NULL),
	(2210, 0, 521309111, 0, 2, 0, 0, NULL, NULL),
	(2211, 0, 521309112, 0, 2, 0, 0, NULL, NULL),
	(2212, 0, 521409000, 0, 2, 0, 0, NULL, NULL),
	(2213, 0, 521409111, 0, 2, 0, 0, NULL, NULL),
	(2214, 0, 521409112, 0, 2, 0, 0, NULL, NULL),
	(2215, 0, 521519000, 0, 2, 0, 0, NULL, NULL),
	(2216, 0, 521519111, 0, 2, 0, 0, NULL, NULL),
	(2217, 0, 521519112, 0, 2, 0, 0, NULL, NULL),
	(2218, 0, 521529000, 0, 2, 0, 0, NULL, NULL),
	(2219, 0, 521529111, 0, 2, 0, 0, NULL, NULL),
	(2220, 0, 521529112, 0, 2, 0, 0, NULL, NULL),
	(2221, 0, 521539000, 0, 2, 0, 0, NULL, NULL),
	(2222, 0, 521539111, 0, 2, 0, 0, NULL, NULL),
	(2223, 0, 521539112, 0, 2, 0, 0, NULL, NULL),
	(2224, 0, 521549000, 0, 2, 0, 0, NULL, NULL),
	(2225, 0, 521549111, 0, 2, 0, 0, NULL, NULL),
	(2226, 0, 521549112, 0, 2, 0, 0, NULL, NULL),
	(2227, 0, 522109000, 0, 2, 0, 0, NULL, NULL),
	(2228, 0, 522109111, 0, 2, 0, 0, NULL, NULL),
	(2229, 0, 522209000, 0, 2, 0, 0, NULL, NULL),
	(2230, 0, 522209111, 0, 2, 0, 0, NULL, NULL),
	(2231, 0, 522309000, 0, 2, 0, 0, NULL, NULL),
	(2232, 0, 522309111, 0, 2, 0, 0, NULL, NULL),
	(2233, 0, 522409000, 0, 2, 0, 0, NULL, NULL),
	(2234, 0, 522409111, 0, 2, 0, 0, NULL, NULL),
	(2235, 0, 522519000, 0, 2, 0, 0, NULL, NULL),
	(2236, 0, 522519111, 0, 2, 0, 0, NULL, NULL),
	(2237, 0, 522529000, 0, 2, 0, 0, NULL, NULL),
	(2238, 0, 522529111, 0, 2, 0, 0, NULL, NULL),
	(2239, 0, 522539000, 0, 2, 0, 0, NULL, NULL),
	(2240, 0, 522539111, 0, 2, 0, 0, NULL, NULL),
	(2241, 0, 522549000, 0, 2, 0, 0, NULL, NULL),
	(2242, 0, 522549111, 0, 2, 0, 0, NULL, NULL),
	(2243, 0, 523109000, 0, 2, 0, 0, NULL, NULL),
	(2244, 0, 523109111, 0, 2, 0, 0, NULL, NULL),
	(2245, 0, 523209000, 0, 2, 0, 0, NULL, NULL),
	(2246, 0, 523209111, 0, 2, 0, 0, NULL, NULL),
	(2247, 0, 523209112, 0, 2, 0, 0, NULL, NULL),
	(2248, 0, 523309000, 0, 2, 0, 0, NULL, NULL),
	(2249, 0, 523309111, 0, 2, 0, 0, NULL, NULL),
	(2250, 0, 523309112, 0, 2, 0, 0, NULL, NULL),
	(2251, 0, 523409000, 0, 2, 0, 0, NULL, NULL),
	(2252, 0, 523409111, 0, 2, 0, 0, NULL, NULL),
	(2253, 0, 523409112, 0, 2, 0, 0, NULL, NULL),
	(2254, 0, 523519000, 0, 2, 0, 0, NULL, NULL),
	(2255, 0, 523519111, 0, 2, 0, 0, NULL, NULL),
	(2256, 0, 523519112, 0, 2, 0, 0, NULL, NULL),
	(2257, 0, 523529000, 0, 2, 0, 0, NULL, NULL),
	(2258, 0, 523529111, 0, 2, 0, 0, NULL, NULL),
	(2259, 0, 523529112, 0, 2, 0, 0, NULL, NULL),
	(2260, 0, 523539000, 0, 2, 0, 0, NULL, NULL),
	(2261, 0, 523539111, 0, 2, 0, 0, NULL, NULL),
	(2262, 0, 523539112, 0, 2, 0, 0, NULL, NULL),
	(2263, 0, 523549000, 0, 2, 0, 0, NULL, NULL),
	(2264, 0, 523549111, 0, 2, 0, 0, NULL, NULL),
	(2265, 0, 523549112, 0, 2, 0, 0, NULL, NULL),
	(2266, 0, 524109000, 0, 2, 0, 0, NULL, NULL),
	(2267, 0, 524109111, 0, 2, 0, 0, NULL, NULL),
	(2268, 0, 524209000, 0, 2, 0, 0, NULL, NULL),
	(2269, 0, 524209111, 0, 2, 0, 0, NULL, NULL),
	(2270, 0, 524309000, 0, 2, 0, 0, NULL, NULL),
	(2271, 0, 524309111, 0, 2, 0, 0, NULL, NULL),
	(2272, 0, 524409000, 0, 2, 0, 0, NULL, NULL),
	(2273, 0, 524409111, 0, 2, 0, 0, NULL, NULL),
	(2274, 0, 524519000, 0, 2, 0, 0, NULL, NULL),
	(2275, 0, 524519111, 0, 2, 0, 0, NULL, NULL),
	(2276, 0, 524529000, 0, 2, 0, 0, NULL, NULL),
	(2277, 0, 524529111, 0, 2, 0, 0, NULL, NULL),
	(2278, 0, 524539000, 0, 2, 0, 0, NULL, NULL),
	(2279, 0, 524539111, 0, 2, 0, 0, NULL, NULL),
	(2280, 0, 524549000, 0, 2, 0, 0, NULL, NULL),
	(2281, 0, 524549111, 0, 2, 0, 0, NULL, NULL),
	(2282, 0, 525109000, 0, 2, 0, 0, NULL, NULL),
	(2283, 0, 525109111, 0, 2, 0, 0, NULL, NULL),
	(2284, 0, 525209000, 0, 2, 0, 0, NULL, NULL),
	(2285, 0, 525209111, 0, 2, 0, 0, NULL, NULL),
	(2286, 0, 525209112, 0, 2, 0, 0, NULL, NULL),
	(2287, 0, 525309000, 0, 2, 0, 0, NULL, NULL),
	(2288, 0, 525309111, 0, 2, 0, 0, NULL, NULL),
	(2289, 0, 525309112, 0, 2, 0, 0, NULL, NULL),
	(2290, 0, 525409000, 0, 2, 0, 0, NULL, NULL),
	(2291, 0, 525409111, 0, 2, 0, 0, NULL, NULL),
	(2292, 0, 525409112, 0, 2, 0, 0, NULL, NULL),
	(2293, 0, 525519000, 0, 2, 0, 0, NULL, NULL),
	(2294, 0, 525519111, 0, 2, 0, 0, NULL, NULL),
	(2295, 0, 525519112, 0, 2, 0, 0, NULL, NULL),
	(2296, 0, 525529000, 0, 2, 0, 0, NULL, NULL),
	(2297, 0, 525529111, 0, 2, 0, 0, NULL, NULL),
	(2298, 0, 525529112, 0, 2, 0, 0, NULL, NULL),
	(2299, 0, 525539000, 0, 2, 0, 0, NULL, NULL),
	(2300, 0, 525539111, 0, 2, 0, 0, NULL, NULL),
	(2301, 0, 525539112, 0, 2, 0, 0, NULL, NULL),
	(2302, 0, 525549000, 0, 2, 0, 0, NULL, NULL),
	(2303, 0, 525549111, 0, 2, 0, 0, NULL, NULL),
	(2304, 0, 525549112, 0, 2, 0, 0, NULL, NULL),
	(2305, 0, 526109000, 0, 2, 0, 0, NULL, NULL),
	(2306, 0, 526109111, 0, 2, 0, 0, NULL, NULL),
	(2307, 0, 526209000, 0, 2, 0, 0, NULL, NULL),
	(2308, 0, 526209111, 0, 2, 0, 0, NULL, NULL),
	(2309, 0, 526309000, 0, 2, 0, 0, NULL, NULL),
	(2310, 0, 526309111, 0, 2, 0, 0, NULL, NULL),
	(2311, 0, 526409000, 0, 2, 0, 0, NULL, NULL),
	(2312, 0, 526409111, 0, 2, 0, 0, NULL, NULL),
	(2313, 0, 526519000, 0, 2, 0, 0, NULL, NULL),
	(2314, 0, 526519111, 0, 2, 0, 0, NULL, NULL),
	(2315, 0, 526529000, 0, 2, 0, 0, NULL, NULL),
	(2316, 0, 526529111, 0, 2, 0, 0, NULL, NULL),
	(2317, 0, 526539000, 0, 2, 0, 0, NULL, NULL),
	(2318, 0, 526539111, 0, 2, 0, 0, NULL, NULL),
	(2319, 0, 526549000, 0, 2, 0, 0, NULL, NULL),
	(2320, 0, 526549111, 0, 2, 0, 0, NULL, NULL),
	(2321, 0, 527109000, 0, 2, 0, 0, NULL, NULL),
	(2322, 0, 527109111, 0, 2, 0, 0, NULL, NULL),
	(2323, 0, 527209000, 0, 2, 0, 0, NULL, NULL),
	(2324, 0, 527209111, 0, 2, 0, 0, NULL, NULL),
	(2325, 0, 527209112, 0, 2, 0, 0, NULL, NULL),
	(2326, 0, 527309000, 0, 2, 0, 0, NULL, NULL),
	(2327, 0, 527309111, 0, 2, 0, 0, NULL, NULL),
	(2328, 0, 527309112, 0, 2, 0, 0, NULL, NULL),
	(2329, 0, 527409000, 0, 2, 0, 0, NULL, NULL),
	(2330, 0, 527409111, 0, 2, 0, 0, NULL, NULL),
	(2331, 0, 527409112, 0, 2, 0, 0, NULL, NULL),
	(2332, 0, 527519000, 0, 2, 0, 0, NULL, NULL),
	(2333, 0, 527519111, 0, 2, 0, 0, NULL, NULL),
	(2334, 0, 527519112, 0, 2, 0, 0, NULL, NULL),
	(2335, 0, 527529000, 0, 2, 0, 0, NULL, NULL),
	(2336, 0, 527529111, 0, 2, 0, 0, NULL, NULL),
	(2337, 0, 527529112, 0, 2, 0, 0, NULL, NULL),
	(2338, 0, 527539000, 0, 2, 0, 0, NULL, NULL),
	(2339, 0, 527539111, 0, 2, 0, 0, NULL, NULL),
	(2340, 0, 527539112, 0, 2, 0, 0, NULL, NULL),
	(2341, 0, 527549000, 0, 2, 0, 0, NULL, NULL),
	(2342, 0, 527549111, 0, 2, 0, 0, NULL, NULL),
	(2343, 0, 527549112, 0, 2, 0, 0, NULL, NULL),
	(2344, 0, 528109000, 0, 2, 0, 0, NULL, NULL),
	(2345, 0, 528109111, 0, 2, 0, 0, NULL, NULL),
	(2346, 0, 528209000, 0, 2, 0, 0, NULL, NULL),
	(2347, 0, 528209111, 0, 2, 0, 0, NULL, NULL),
	(2348, 0, 528309000, 0, 2, 0, 0, NULL, NULL),
	(2349, 0, 528309111, 0, 2, 0, 0, NULL, NULL),
	(2350, 0, 528409000, 0, 2, 0, 0, NULL, NULL),
	(2351, 0, 528409111, 0, 2, 0, 0, NULL, NULL),
	(2352, 0, 528519000, 0, 2, 0, 0, NULL, NULL),
	(2353, 0, 528519111, 0, 2, 0, 0, NULL, NULL),
	(2354, 0, 528529000, 0, 2, 0, 0, NULL, NULL),
	(2355, 0, 528529111, 0, 2, 0, 0, NULL, NULL),
	(2356, 0, 528539000, 0, 2, 0, 0, NULL, NULL),
	(2357, 0, 528539111, 0, 2, 0, 0, NULL, NULL),
	(2358, 0, 528549000, 0, 2, 0, 0, NULL, NULL),
	(2359, 0, 528549111, 0, 2, 0, 0, NULL, NULL),
	(2360, 0, 531109000, 0, 2, 0, 0, NULL, NULL),
	(2361, 0, 531109111, 0, 2, 0, 0, NULL, NULL),
	(2362, 0, 532109000, 0, 2, 0, 0, NULL, NULL),
	(2363, 0, 532109111, 0, 2, 0, 0, NULL, NULL),
	(2364, 0, 533109000, 0, 2, 0, 0, NULL, NULL),
	(2365, 0, 533109111, 0, 2, 0, 0, NULL, NULL),
	(2366, 0, 564109000, 0, 2, 0, 0, NULL, NULL),
	(2367, 0, 564109111, 0, 2, 0, 0, NULL, NULL),
	(2368, 0, 564109112, 0, 2, 0, 0, NULL, NULL),
	(2369, 0, 564109113, 0, 2, 0, 0, NULL, NULL),
	(2370, 0, 564109114, 0, 2, 0, 0, NULL, NULL),
	(2371, 0, 564109119, 0, 2, 0, 0, NULL, NULL),
	(2372, 0, 571109000, 0, 2, 0, 0, NULL, NULL),
	(2373, 0, 571109111, 0, 2, 0, 0, NULL, NULL),
	(2374, 0, 571209000, 0, 2, 0, 0, NULL, NULL),
	(2375, 0, 571209111, 0, 2, 0, 0, NULL, NULL),
	(2376, 0, 571209112, 0, 2, 0, 0, NULL, NULL),
	(2377, 0, 571209113, 0, 2, 0, 0, NULL, NULL),
	(2378, 0, 571209114, 0, 2, 0, 0, NULL, NULL),
	(2379, 0, 572109000, 0, 2, 0, 0, NULL, NULL),
	(2380, 0, 572109111, 0, 2, 0, 0, NULL, NULL),
	(2381, 0, 573109000, 0, 2, 0, 0, NULL, NULL),
	(2382, 0, 573109111, 0, 2, 0, 0, NULL, NULL),
	(2383, 0, 573109112, 0, 2, 0, 0, NULL, NULL),
	(2384, 0, 573109118, 0, 2, 0, 0, NULL, NULL),
	(2385, 0, 573109119, 0, 2, 0, 0, NULL, NULL),
	(2386, 0, 574109000, 0, 2, 0, 0, NULL, NULL),
	(2387, 0, 574109111, 0, 2, 0, 0, NULL, NULL),
	(2388, 0, 574109112, 0, 2, 0, 0, NULL, NULL),
	(2389, 0, 574209000, 0, 2, 0, 0, NULL, NULL),
	(2390, 0, 574209111, 0, 2, 0, 0, NULL, NULL),
	(2391, 0, 574309000, 0, 2, 0, 0, NULL, NULL),
	(2392, 0, 574309111, 0, 2, 0, 0, NULL, NULL),
	(2393, 0, 574409000, 0, 2, 0, 0, NULL, NULL),
	(2394, 0, 574409111, 0, 2, 0, 0, NULL, NULL),
	(2395, 0, 574509000, 0, 2, 0, 0, NULL, NULL),
	(2396, 0, 574509111, 0, 2, 0, 0, NULL, NULL),
	(2397, 0, 585109000, 0, 2, 0, 0, NULL, NULL),
	(2398, 0, 585109111, 0, 2, 0, 0, NULL, NULL),
	(2399, 0, 585209000, 0, 2, 0, 0, NULL, NULL),
	(2400, 0, 585209111, 0, 2, 0, 0, NULL, NULL),
	(2401, 0, 585309000, 0, 2, 0, 0, NULL, NULL),
	(2402, 0, 585309111, 0, 2, 0, 0, NULL, NULL),
	(2403, 0, 600009000, 0, 2, 0, 0, NULL, NULL),
	(2404, 0, 611109000, 0, 2, 0, 0, NULL, NULL),
	(2405, 0, 611109111, 0, 2, 0, 0, NULL, NULL),
	(2406, 0, 612109000, 0, 2, 0, 0, NULL, NULL),
	(2407, 0, 612109111, 0, 2, 0, 0, NULL, NULL),
	(2408, 0, 612209000, 0, 2, 0, 0, NULL, NULL),
	(2409, 0, 612209111, 0, 2, 0, 0, NULL, NULL),
	(2410, 0, 612309000, 0, 2, 0, 0, NULL, NULL),
	(2411, 0, 612309111, 0, 2, 0, 0, NULL, NULL),
	(2412, 0, 612409000, 0, 2, 0, 0, NULL, NULL),
	(2413, 0, 612409111, 0, 2, 0, 0, NULL, NULL),
	(2414, 0, 612909000, 0, 2, 0, 0, NULL, NULL),
	(2415, 0, 612909111, 0, 2, 0, 0, NULL, NULL),
	(2416, 0, 621109000, 0, 2, 0, 0, NULL, NULL),
	(2417, 0, 621109111, 0, 2, 0, 0, NULL, NULL),
	(2418, 0, 621109112, 0, 2, 0, 0, NULL, NULL),
	(2419, 0, 621109121, 0, 2, 0, 0, NULL, NULL),
	(2420, 0, 621109122, 0, 2, 0, 0, NULL, NULL),
	(2421, 0, 621109131, 0, 2, 0, 0, NULL, NULL),
	(2422, 0, 621109132, 0, 2, 0, 0, NULL, NULL),
	(2423, 0, 621109141, 0, 2, 0, 0, NULL, NULL),
	(2424, 0, 621109142, 0, 2, 0, 0, NULL, NULL),
	(2425, 0, 622209000, 0, 2, 0, 0, NULL, NULL),
	(2426, 0, 622209111, 0, 2, 0, 0, NULL, NULL),
	(2427, 0, 622209112, 0, 2, 0, 0, NULL, NULL),
	(2428, 0, 622309000, 0, 2, 0, 0, NULL, NULL),
	(2429, 0, 622309111, 0, 2, 0, 0, NULL, NULL),
	(2430, 0, 622309112, 0, 2, 0, 0, NULL, NULL),
	(2431, 0, 622309113, 0, 2, 0, 0, NULL, NULL),
	(2432, 0, 622309114, 0, 2, 0, 0, NULL, NULL),
	(2433, 0, 623109000, 0, 2, 0, 0, NULL, NULL),
	(2434, 0, 623109111, 0, 2, 0, 0, NULL, NULL),
	(2435, 0, 623109112, 0, 2, 0, 0, NULL, NULL),
	(2436, 0, 623209000, 0, 2, 0, 0, NULL, NULL),
	(2437, 0, 623209111, 0, 2, 0, 0, NULL, NULL),
	(2438, 0, 623209112, 0, 2, 0, 0, NULL, NULL),
	(2439, 0, 623309000, 0, 2, 0, 0, NULL, NULL),
	(2440, 0, 623309111, 0, 2, 0, 0, NULL, NULL),
	(2441, 0, 623309112, 0, 2, 0, 0, NULL, NULL),
	(2442, 0, 623409000, 0, 2, 0, 0, NULL, NULL),
	(2443, 0, 623409111, 0, 2, 0, 0, NULL, NULL),
	(2444, 0, 623409112, 0, 2, 0, 0, NULL, NULL),
	(2445, 0, 629109000, 0, 2, 0, 0, NULL, NULL),
	(2446, 0, 629109111, 0, 2, 0, 0, NULL, NULL),
	(2447, 0, 629109112, 0, 2, 0, 0, NULL, NULL),
	(2448, 0, 631109000, 0, 2, 0, 0, NULL, NULL),
	(2449, 0, 631109111, 0, 2, 0, 0, NULL, NULL),
	(2450, 0, 631109112, 0, 2, 0, 0, NULL, NULL),
	(2451, 0, 631109113, 0, 2, 0, 0, NULL, NULL),
	(2452, 0, 631109114, 0, 2, 0, 0, NULL, NULL),
	(2453, 0, 631109199, 0, 2, 0, 0, NULL, NULL),
	(2454, 0, 631209000, 0, 2, 0, 0, NULL, NULL),
	(2455, 0, 631209111, 0, 2, 0, 0, NULL, NULL),
	(2456, 0, 631309000, 0, 2, 0, 0, NULL, NULL),
	(2457, 0, 631309111, 0, 2, 0, 0, NULL, NULL),
	(2458, 0, 631309112, 0, 2, 0, 0, NULL, NULL),
	(2459, 0, 631309113, 0, 2, 0, 0, NULL, NULL),
	(2460, 0, 631409000, 0, 2, 0, 0, NULL, NULL),
	(2461, 0, 631409111, 0, 2, 0, 0, NULL, NULL),
	(2462, 0, 631809000, 0, 2, 0, 0, NULL, NULL),
	(2463, 0, 631809111, 0, 2, 0, 0, NULL, NULL),
	(2464, 0, 631909000, 0, 2, 0, 0, NULL, NULL),
	(2465, 0, 631909111, 0, 2, 0, 0, NULL, NULL),
	(2466, 0, 631909112, 0, 2, 0, 0, NULL, NULL),
	(2467, 0, 631909113, 0, 2, 0, 0, NULL, NULL),
	(2468, 0, 631909114, 0, 2, 0, 0, NULL, NULL),
	(2469, 0, 631909119, 0, 2, 0, 0, NULL, NULL),
	(2470, 0, 642109000, 0, 2, 0, 0, NULL, NULL),
	(2471, 0, 642109111, 0, 2, 0, 0, NULL, NULL),
	(2472, 0, 642209000, 0, 2, 0, 0, NULL, NULL),
	(2473, 0, 642209111, 0, 2, 0, 0, NULL, NULL),
	(2474, 0, 642309000, 0, 2, 0, 0, NULL, NULL),
	(2475, 0, 642309111, 0, 2, 0, 0, NULL, NULL),
	(2476, 0, 642359000, 0, 2, 0, 0, NULL, NULL),
	(2477, 0, 642359111, 0, 2, 0, 0, NULL, NULL),
	(2478, 0, 642409000, 0, 2, 0, 0, NULL, NULL),
	(2479, 0, 642409111, 0, 2, 0, 0, NULL, NULL),
	(2480, 0, 642509000, 0, 2, 0, 0, NULL, NULL),
	(2481, 0, 642509111, 0, 2, 0, 0, NULL, NULL),
	(2482, 0, 642609000, 0, 2, 0, 0, NULL, NULL),
	(2483, 0, 642609111, 0, 2, 0, 0, NULL, NULL),
	(2484, 0, 642709000, 0, 2, 0, 0, NULL, NULL),
	(2485, 0, 642709111, 0, 2, 0, 0, NULL, NULL),
	(2486, 0, 643109000, 0, 2, 0, 0, NULL, NULL),
	(2487, 0, 643109111, 0, 2, 0, 0, NULL, NULL),
	(2488, 0, 643209000, 0, 2, 0, 0, NULL, NULL),
	(2489, 0, 643209111, 0, 2, 0, 0, NULL, NULL),
	(2490, 0, 653109000, 0, 2, 0, 0, NULL, NULL),
	(2491, 0, 653109111, 0, 2, 0, 0, NULL, NULL),
	(2492, 0, 653109112, 0, 2, 0, 0, NULL, NULL),
	(2493, 0, 653109113, 0, 2, 0, 0, NULL, NULL),
	(2494, 0, 653109114, 0, 2, 0, 0, NULL, NULL),
	(2495, 0, 653109115, 0, 2, 0, 0, NULL, NULL),
	(2496, 0, 653109119, 0, 2, 0, 0, NULL, NULL),
	(2497, 0, 653209000, 0, 2, 0, 0, NULL, NULL),
	(2498, 0, 653209111, 0, 2, 0, 0, NULL, NULL),
	(2499, 0, 653209112, 0, 2, 0, 0, NULL, NULL),
	(2500, 0, 653209119, 0, 2, 0, 0, NULL, NULL),
	(2501, 0, 653309000, 0, 2, 0, 0, NULL, NULL),
	(2502, 0, 653309111, 0, 2, 0, 0, NULL, NULL),
	(2503, 0, 653309112, 0, 2, 0, 0, NULL, NULL),
	(2504, 0, 653309119, 0, 2, 0, 0, NULL, NULL),
	(2505, 0, 653409000, 0, 2, 0, 0, NULL, NULL),
	(2506, 0, 653409111, 0, 2, 0, 0, NULL, NULL),
	(2507, 0, 653409112, 0, 2, 0, 0, NULL, NULL),
	(2508, 0, 653409119, 0, 2, 0, 0, NULL, NULL),
	(2509, 0, 654109000, 0, 2, 0, 0, NULL, NULL),
	(2510, 0, 654109111, 0, 2, 0, 0, NULL, NULL),
	(2511, 0, 654109112, 0, 2, 0, 0, NULL, NULL),
	(2512, 0, 654109113, 0, 2, 0, 0, NULL, NULL),
	(2513, 0, 654109114, 0, 2, 0, 0, NULL, NULL),
	(2514, 0, 654109115, 0, 2, 0, 0, NULL, NULL),
	(2515, 0, 654109119, 0, 2, 0, 0, NULL, NULL),
	(2516, 0, 654209000, 0, 2, 0, 0, NULL, NULL),
	(2517, 0, 654209111, 0, 2, 0, 0, NULL, NULL),
	(2518, 0, 654209112, 0, 2, 0, 0, NULL, NULL),
	(2519, 0, 654209119, 0, 2, 0, 0, NULL, NULL),
	(2520, 0, 654309000, 0, 2, 0, 0, NULL, NULL),
	(2521, 0, 654309111, 0, 2, 0, 0, NULL, NULL),
	(2522, 0, 654309112, 0, 2, 0, 0, NULL, NULL),
	(2523, 0, 654309113, 0, 2, 0, 0, NULL, NULL),
	(2524, 0, 654309119, 0, 2, 0, 0, NULL, NULL),
	(2525, 0, 654409000, 0, 2, 0, 0, NULL, NULL),
	(2526, 0, 654409111, 0, 2, 0, 0, NULL, NULL),
	(2527, 0, 654409112, 0, 2, 0, 0, NULL, NULL),
	(2528, 0, 654509000, 0, 2, 0, 0, NULL, NULL),
	(2529, 0, 654509111, 0, 2, 0, 0, NULL, NULL),
	(2530, 0, 654509112, 0, 2, 0, 0, NULL, NULL),
	(2531, 0, 654509119, 0, 2, 0, 0, NULL, NULL),
	(2532, 0, 655109000, 0, 2, 0, 0, NULL, NULL),
	(2533, 0, 655109111, 0, 2, 0, 0, NULL, NULL),
	(2534, 0, 655109112, 0, 2, 0, 0, NULL, NULL),
	(2535, 0, 655109113, 0, 2, 0, 0, NULL, NULL),
	(2536, 0, 655109114, 0, 2, 0, 0, NULL, NULL),
	(2537, 0, 655109115, 0, 2, 0, 0, NULL, NULL),
	(2538, 0, 655109116, 0, 2, 0, 0, NULL, NULL),
	(2539, 0, 655109117, 0, 2, 0, 0, NULL, NULL),
	(2540, 0, 655109119, 0, 2, 0, 0, NULL, NULL),
	(2541, 0, 655209000, 0, 2, 0, 0, NULL, NULL),
	(2542, 0, 655209111, 0, 2, 0, 0, NULL, NULL),
	(2543, 0, 655209112, 0, 2, 0, 0, NULL, NULL),
	(2544, 0, 655209113, 0, 2, 0, 0, NULL, NULL),
	(2545, 0, 655209119, 0, 2, 0, 0, NULL, NULL),
	(2546, 0, 655309000, 0, 2, 0, 0, NULL, NULL),
	(2547, 0, 655309111, 0, 2, 0, 0, NULL, NULL),
	(2548, 0, 655309112, 0, 2, 0, 0, NULL, NULL),
	(2549, 0, 655309113, 0, 2, 0, 0, NULL, NULL),
	(2550, 0, 655309114, 0, 2, 0, 0, NULL, NULL),
	(2551, 0, 655309119, 0, 2, 0, 0, NULL, NULL),
	(2552, 0, 657109000, 0, 2, 0, 0, NULL, NULL),
	(2553, 0, 657109111, 0, 2, 0, 0, NULL, NULL),
	(2554, 0, 657209000, 0, 2, 0, 0, NULL, NULL),
	(2555, 0, 657209111, 0, 2, 0, 0, NULL, NULL),
	(2556, 0, 658109000, 0, 2, 0, 0, NULL, NULL),
	(2557, 0, 658109111, 0, 2, 0, 0, NULL, NULL),
	(2558, 0, 658909000, 0, 2, 0, 0, NULL, NULL),
	(2559, 0, 658909111, 0, 2, 0, 0, NULL, NULL),
	(2560, 0, 661109000, 0, 2, 0, 0, NULL, NULL),
	(2561, 0, 661109111, 0, 2, 0, 0, NULL, NULL),
	(2562, 0, 661109112, 0, 2, 0, 0, NULL, NULL),
	(2563, 0, 661109119, 0, 2, 0, 0, NULL, NULL),
	(2564, 0, 662109000, 0, 2, 0, 0, NULL, NULL),
	(2565, 0, 662109111, 0, 2, 0, 0, NULL, NULL),
	(2566, 0, 662209000, 0, 2, 0, 0, NULL, NULL),
	(2567, 0, 662209111, 0, 2, 0, 0, NULL, NULL),
	(2568, 0, 663109000, 0, 2, 0, 0, NULL, NULL),
	(2569, 0, 663109111, 0, 2, 0, 0, NULL, NULL),
	(2570, 0, 664109000, 0, 2, 0, 0, NULL, NULL),
	(2571, 0, 664109111, 0, 2, 0, 0, NULL, NULL),
	(2572, 0, 666109000, 0, 2, 0, 0, NULL, NULL),
	(2573, 0, 666109111, 0, 2, 0, 0, NULL, NULL),
	(2574, 0, 668109000, 0, 2, 0, 0, NULL, NULL),
	(2575, 0, 668109111, 0, 2, 0, 0, NULL, NULL),
	(2576, 0, 668109112, 0, 2, 0, 0, NULL, NULL),
	(2577, 0, 668109113, 0, 2, 0, 0, NULL, NULL),
	(2578, 0, 668109119, 0, 2, 0, 0, NULL, NULL),
	(2579, 0, 669109000, 0, 2, 0, 0, NULL, NULL),
	(2580, 0, 669109111, 0, 2, 0, 0, NULL, NULL),
	(2581, 0, 669109112, 0, 2, 0, 0, NULL, NULL),
	(2582, 0, 669909000, 0, 2, 0, 0, NULL, NULL),
	(2583, 0, 669909111, 0, 2, 0, 0, NULL, NULL),
	(2584, 0, 671109000, 0, 2, 0, 0, NULL, NULL),
	(2585, 0, 671109111, 0, 2, 0, 0, NULL, NULL),
	(2586, 0, 671109112, 0, 2, 0, 0, NULL, NULL),
	(2587, 0, 671109113, 0, 2, 0, 0, NULL, NULL),
	(2588, 0, 671109114, 0, 2, 0, 0, NULL, NULL),
	(2589, 0, 671109119, 0, 2, 0, 0, NULL, NULL),
	(2590, 0, 671109120, 0, 2, 0, 0, NULL, NULL),
	(2591, 0, 671309000, 0, 2, 0, 0, NULL, NULL),
	(2592, 0, 671309111, 0, 2, 0, 0, NULL, NULL),
	(2593, 0, 671409000, 0, 2, 0, 0, NULL, NULL),
	(2594, 0, 671409111, 0, 2, 0, 0, NULL, NULL),
	(2595, 0, 671509000, 0, 2, 0, 0, NULL, NULL),
	(2596, 0, 671509111, 0, 2, 0, 0, NULL, NULL),
	(2597, 0, 671509112, 0, 2, 0, 0, NULL, NULL),
	(2598, 0, 671609000, 0, 2, 0, 0, NULL, NULL),
	(2599, 0, 671609111, 0, 2, 0, 0, NULL, NULL),
	(2600, 0, 681109000, 0, 2, 0, 0, NULL, NULL),
	(2601, 0, 681109111, 0, 2, 0, 0, NULL, NULL),
	(2602, 0, 681109112, 0, 2, 0, 0, NULL, NULL),
	(2603, 0, 681409000, 0, 2, 0, 0, NULL, NULL),
	(2604, 0, 681409111, 0, 2, 0, 0, NULL, NULL),
	(2605, 0, 681609000, 0, 2, 0, 0, NULL, NULL),
	(2606, 0, 681609111, 0, 2, 0, 0, NULL, NULL),
	(2607, 0, 691109000, 0, 2, 0, 0, NULL, NULL),
	(2608, 0, 691109111, 0, 2, 0, 0, NULL, NULL),
	(2609, 0, 691209000, 0, 2, 0, 0, NULL, NULL),
	(2610, 0, 691209111, 0, 2, 0, 0, NULL, NULL),
	(2611, 0, 900000000, 0, 2, 0, 0, NULL, NULL),
	(2612, 0, 900009000, 0, 2, 0, 0, NULL, NULL),
	(2613, 0, 911109000, 0, 2, 0, 0, NULL, NULL),
	(2614, 0, 911109111, 0, 2, 0, 0, NULL, NULL),
	(2615, 0, 921109000, 0, 2, 0, 0, NULL, NULL),
	(2616, 0, 921109111, 0, 2, 0, 0, NULL, NULL),
	(2617, 0, 921209000, 0, 2, 0, 0, NULL, NULL),
	(2618, 0, 921209111, 0, 2, 0, 0, NULL, NULL),
	(2619, 0, 931109000, 0, 2, 0, 0, NULL, NULL),
	(2620, 0, 931109111, 0, 2, 0, 0, NULL, NULL),
	(2621, 0, 931209000, 0, 2, 0, 0, NULL, NULL),
	(2622, 0, 931209111, 0, 2, 0, 0, NULL, NULL),
	(2623, 0, 931309000, 0, 2, 0, 0, NULL, NULL),
	(2624, 0, 931309111, 0, 2, 0, 0, NULL, NULL),
	(2625, 0, 941109000, 0, 2, 0, 0, NULL, NULL),
	(2626, 0, 941109111, 0, 2, 0, 0, NULL, NULL),
	(2627, 0, 941209000, 0, 2, 0, 0, NULL, NULL),
	(2628, 0, 941209111, 0, 2, 0, 0, NULL, NULL),
	(2629, 0, 941309000, 0, 2, 0, 0, NULL, NULL),
	(2630, 0, 941309111, 0, 2, 0, 0, NULL, NULL),
	(2631, 0, 941409000, 0, 2, 0, 0, NULL, NULL),
	(2632, 0, 941409111, 0, 2, 0, 0, NULL, NULL),
	(2633, 0, 981109000, 0, 2, 0, 0, NULL, NULL),
	(2634, 0, 981109111, 0, 2, 0, 0, NULL, NULL),
	(2635, 0, 991109000, 0, 2, 0, 0, NULL, NULL),
	(2636, 0, 991109111, 0, 2, 0, 0, NULL, NULL),
	(2637, 0, 992109000, 0, 2, 0, 0, NULL, NULL),
	(2638, 0, 992109111, 0, 2, 0, 0, NULL, NULL),
	(2639, 0, 993109000, 0, 2, 0, 0, NULL, NULL),
	(2640, 0, 993109111, 0, 2, 0, 0, NULL, NULL),
	(2641, 0, 994109000, 0, 2, 0, 0, NULL, NULL),
	(2642, 0, 994109111, 0, 2, 0, 0, NULL, NULL),
	(2643, 0, 995109000, 0, 2, 0, 0, NULL, NULL),
	(2644, 0, 995109111, 0, 2, 0, 0, NULL, NULL),
	(2645, 0, 996109000, 0, 2, 0, 0, NULL, NULL),
	(2646, 0, 996109111, 0, 2, 0, 0, NULL, NULL),
	(2647, 0, 997109000, 0, 2, 0, 0, NULL, NULL),
	(2648, 0, 997109111, 0, 2, 0, 0, NULL, NULL),
	(2649, 0, 997209000, 0, 2, 0, 0, NULL, NULL),
	(2650, 0, 997209111, 0, 2, 0, 0, NULL, NULL),
	(2651, 0, 997309000, 0, 2, 0, 0, NULL, NULL),
	(2652, 0, 997309111, 0, 2, 0, 0, NULL, NULL),
	(2653, 0, 997409000, 0, 2, 0, 0, NULL, NULL),
	(2654, 0, 997409111, 0, 2, 0, 0, NULL, NULL),
	(2655, 0, 998109000, 0, 2, 0, 0, NULL, NULL),
	(2656, 0, 998109111, 0, 2, 0, 0, NULL, NULL),
	(2657, 0, 999109000, 0, 2, 0, 0, NULL, NULL),
	(2658, 0, 999109111, 0, 2, 0, 0, NULL, NULL),
	(2659, 0, 100009000, 0, 3, 0, 0, NULL, NULL),
	(2660, 0, 111109000, 0, 3, 0, 0, NULL, NULL),
	(2661, 0, 111109111, 0, 3, 0, 0, NULL, NULL),
	(2662, 0, 111109112, 0, 3, 0, 0, NULL, NULL),
	(2663, 0, 111109113, 0, 3, 0, 0, NULL, NULL),
	(2664, 0, 111109114, 0, 3, 0, 0, NULL, NULL),
	(2665, 0, 111109121, 0, 3, 0, 0, NULL, NULL),
	(2666, 0, 111109131, 0, 3, 0, 0, NULL, NULL),
	(2667, 0, 111209000, 0, 3, 0, 0, NULL, NULL),
	(2668, 0, 111209111, 0, 3, 0, 0, NULL, NULL),
	(2669, 0, 111209112, 0, 3, 0, 0, NULL, NULL),
	(2670, 0, 111209113, 0, 3, 0, 0, NULL, NULL),
	(2671, 0, 111209119, 0, 3, 0, 0, NULL, NULL),
	(2672, 0, 111309000, 0, 3, 0, 0, NULL, NULL),
	(2673, 0, 111309111, 0, 3, 0, 0, NULL, NULL),
	(2674, 0, 111309112, 0, 3, 0, 0, NULL, NULL),
	(2675, 0, 111309119, 0, 3, 0, 0, NULL, NULL),
	(2676, 0, 114109000, 0, 3, 0, 0, NULL, NULL),
	(2677, 0, 114109111, 0, 3, 0, 0, NULL, NULL),
	(2678, 0, 114209000, 0, 3, 0, 0, NULL, NULL),
	(2679, 0, 114209111, 0, 3, 0, 0, NULL, NULL),
	(2680, 0, 114309000, 0, 3, 0, 0, NULL, NULL),
	(2681, 0, 114309111, 0, 3, 0, 0, NULL, NULL),
	(2682, 0, 114409000, 0, 3, 0, 0, NULL, NULL),
	(2683, 0, 114409111, 0, 3, 0, 0, NULL, NULL),
	(2684, 0, 114609000, 0, 3, 0, 0, NULL, NULL),
	(2685, 0, 114609111, 0, 3, 0, 0, NULL, NULL),
	(2686, 0, 115109000, 0, 3, 0, 0, NULL, NULL),
	(2687, 0, 115109111, 0, 3, 0, 0, NULL, NULL),
	(2688, 0, 115209000, 0, 3, 0, 0, NULL, NULL),
	(2689, 0, 115209111, 0, 3, 0, 0, NULL, NULL),
	(2690, 0, 115309000, 0, 3, 0, 0, NULL, NULL),
	(2691, 0, 115309100, 0, 3, 0, 0, NULL, NULL),
	(2692, 0, 115309101, 0, 3, 0, 0, NULL, NULL),
	(2693, 0, 115309102, 0, 3, 0, 0, NULL, NULL),
	(2694, 0, 115309103, 0, 3, 0, 0, NULL, NULL),
	(2695, 0, 115309111, 0, 3, 0, 0, NULL, NULL),
	(2696, 0, 115309112, 0, 3, 0, 0, NULL, NULL),
	(2697, 0, 115309113, 0, 3, 0, 0, NULL, NULL),
	(2698, 0, 115309114, 0, 3, 0, 0, NULL, NULL),
	(2699, 0, 115309119, 0, 3, 0, 0, NULL, NULL),
	(2700, 0, 116109000, 0, 3, 0, 0, NULL, NULL),
	(2701, 0, 116109111, 0, 3, 0, 0, NULL, NULL),
	(2702, 0, 116209000, 0, 3, 0, 0, NULL, NULL),
	(2703, 0, 116209111, 0, 3, 0, 0, NULL, NULL),
	(2704, 0, 116309000, 0, 3, 0, 0, NULL, NULL),
	(2705, 0, 116309100, 0, 3, 0, 0, NULL, NULL),
	(2706, 0, 116309101, 0, 3, 0, 0, NULL, NULL),
	(2707, 0, 116309102, 0, 3, 0, 0, NULL, NULL),
	(2708, 0, 116309103, 0, 3, 0, 0, NULL, NULL),
	(2709, 0, 116309111, 0, 3, 0, 0, NULL, NULL),
	(2710, 0, 116309112, 0, 3, 0, 0, NULL, NULL),
	(2711, 0, 116309113, 0, 3, 0, 0, NULL, NULL),
	(2712, 0, 121109000, 0, 3, 0, 0, NULL, NULL),
	(2713, 0, 121109111, 0, 3, 0, 0, NULL, NULL),
	(2714, 0, 121209000, 0, 3, 0, 0, NULL, NULL),
	(2715, 0, 121209111, 0, 3, 0, 0, NULL, NULL),
	(2716, 0, 121309000, 0, 3, 0, 0, NULL, NULL),
	(2717, 0, 121309111, 0, 3, 0, 0, NULL, NULL),
	(2718, 0, 122109000, 0, 3, 0, 0, NULL, NULL),
	(2719, 0, 122109111, 0, 3, 0, 0, NULL, NULL),
	(2720, 0, 122209000, 0, 3, 0, 0, NULL, NULL),
	(2721, 0, 122209111, 0, 3, 0, 0, NULL, NULL),
	(2722, 0, 122309000, 0, 3, 0, 0, NULL, NULL),
	(2723, 0, 122309111, 0, 3, 0, 0, NULL, NULL),
	(2724, 0, 122409000, 0, 3, 0, 0, NULL, NULL),
	(2725, 0, 122409111, 0, 3, 0, 0, NULL, NULL),
	(2726, 0, 131109000, 0, 3, 0, 0, NULL, NULL),
	(2727, 0, 131109111, 0, 3, 0, 0, NULL, NULL),
	(2728, 0, 131109112, 0, 3, 0, 0, NULL, NULL),
	(2729, 0, 131209000, 0, 3, 0, 0, NULL, NULL),
	(2730, 0, 131209111, 0, 3, 0, 0, NULL, NULL),
	(2731, 0, 131209112, 0, 3, 0, 0, NULL, NULL),
	(2732, 0, 131209113, 0, 3, 0, 0, NULL, NULL),
	(2733, 0, 131309000, 0, 3, 0, 0, NULL, NULL),
	(2734, 0, 131309111, 0, 3, 0, 0, NULL, NULL),
	(2735, 0, 131309112, 0, 3, 0, 0, NULL, NULL),
	(2736, 0, 131309113, 0, 3, 0, 0, NULL, NULL),
	(2737, 0, 131409000, 0, 3, 0, 0, NULL, NULL),
	(2738, 0, 131409111, 0, 3, 0, 0, NULL, NULL),
	(2739, 0, 131409112, 0, 3, 0, 0, NULL, NULL),
	(2740, 0, 131409113, 0, 3, 0, 0, NULL, NULL),
	(2741, 0, 131519000, 0, 3, 0, 0, NULL, NULL),
	(2742, 0, 131519111, 0, 3, 0, 0, NULL, NULL),
	(2743, 0, 131519112, 0, 3, 0, 0, NULL, NULL),
	(2744, 0, 131519113, 0, 3, 0, 0, NULL, NULL),
	(2745, 0, 131529000, 0, 3, 0, 0, NULL, NULL),
	(2746, 0, 131529111, 0, 3, 0, 0, NULL, NULL),
	(2747, 0, 131529112, 0, 3, 0, 0, NULL, NULL),
	(2748, 0, 131529113, 0, 3, 0, 0, NULL, NULL),
	(2749, 0, 131539000, 0, 3, 0, 0, NULL, NULL),
	(2750, 0, 131539111, 0, 3, 0, 0, NULL, NULL),
	(2751, 0, 131539112, 0, 3, 0, 0, NULL, NULL),
	(2752, 0, 131539113, 0, 3, 0, 0, NULL, NULL),
	(2753, 0, 131549000, 0, 3, 0, 0, NULL, NULL),
	(2754, 0, 131549111, 0, 3, 0, 0, NULL, NULL),
	(2755, 0, 131549112, 0, 3, 0, 0, NULL, NULL),
	(2756, 0, 131549113, 0, 3, 0, 0, NULL, NULL),
	(2757, 0, 132109000, 0, 3, 0, 0, NULL, NULL),
	(2758, 0, 132109111, 0, 3, 0, 0, NULL, NULL),
	(2759, 0, 132109112, 0, 3, 0, 0, NULL, NULL),
	(2760, 0, 132209000, 0, 3, 0, 0, NULL, NULL),
	(2761, 0, 132209111, 0, 3, 0, 0, NULL, NULL),
	(2762, 0, 132209112, 0, 3, 0, 0, NULL, NULL),
	(2763, 0, 132309000, 0, 3, 0, 0, NULL, NULL),
	(2764, 0, 132309111, 0, 3, 0, 0, NULL, NULL),
	(2765, 0, 132309112, 0, 3, 0, 0, NULL, NULL),
	(2766, 0, 132409000, 0, 3, 0, 0, NULL, NULL),
	(2767, 0, 132409111, 0, 3, 0, 0, NULL, NULL),
	(2768, 0, 132409112, 0, 3, 0, 0, NULL, NULL),
	(2769, 0, 132519000, 0, 3, 0, 0, NULL, NULL),
	(2770, 0, 132519111, 0, 3, 0, 0, NULL, NULL),
	(2771, 0, 132519112, 0, 3, 0, 0, NULL, NULL),
	(2772, 0, 132529000, 0, 3, 0, 0, NULL, NULL),
	(2773, 0, 132529111, 0, 3, 0, 0, NULL, NULL),
	(2774, 0, 132529112, 0, 3, 0, 0, NULL, NULL),
	(2775, 0, 132539000, 0, 3, 0, 0, NULL, NULL),
	(2776, 0, 132539111, 0, 3, 0, 0, NULL, NULL),
	(2777, 0, 132539112, 0, 3, 0, 0, NULL, NULL),
	(2778, 0, 132549000, 0, 3, 0, 0, NULL, NULL),
	(2779, 0, 132549111, 0, 3, 0, 0, NULL, NULL),
	(2780, 0, 132549112, 0, 3, 0, 0, NULL, NULL),
	(2781, 0, 141109000, 0, 3, 0, 0, NULL, NULL),
	(2782, 0, 141109111, 0, 3, 0, 0, NULL, NULL),
	(2783, 0, 141209000, 0, 3, 0, 0, NULL, NULL),
	(2784, 0, 141209111, 0, 3, 0, 0, NULL, NULL),
	(2785, 0, 141209112, 0, 3, 0, 0, NULL, NULL),
	(2786, 0, 141309000, 0, 3, 0, 0, NULL, NULL),
	(2787, 0, 141309111, 0, 3, 0, 0, NULL, NULL),
	(2788, 0, 141309112, 0, 3, 0, 0, NULL, NULL),
	(2789, 0, 141409000, 0, 3, 0, 0, NULL, NULL),
	(2790, 0, 141409111, 0, 3, 0, 0, NULL, NULL),
	(2791, 0, 141409112, 0, 3, 0, 0, NULL, NULL),
	(2792, 0, 141519000, 0, 3, 0, 0, NULL, NULL),
	(2793, 0, 141519111, 0, 3, 0, 0, NULL, NULL),
	(2794, 0, 141519112, 0, 3, 0, 0, NULL, NULL),
	(2795, 0, 141529000, 0, 3, 0, 0, NULL, NULL),
	(2796, 0, 141529111, 0, 3, 0, 0, NULL, NULL),
	(2797, 0, 141529112, 0, 3, 0, 0, NULL, NULL),
	(2798, 0, 141539000, 0, 3, 0, 0, NULL, NULL),
	(2799, 0, 141539111, 0, 3, 0, 0, NULL, NULL),
	(2800, 0, 141539112, 0, 3, 0, 0, NULL, NULL),
	(2801, 0, 141549000, 0, 3, 0, 0, NULL, NULL),
	(2802, 0, 141549111, 0, 3, 0, 0, NULL, NULL),
	(2803, 0, 141549112, 0, 3, 0, 0, NULL, NULL),
	(2804, 0, 142109000, 0, 3, 0, 0, NULL, NULL),
	(2805, 0, 142109111, 0, 3, 0, 0, NULL, NULL),
	(2806, 0, 142209000, 0, 3, 0, 0, NULL, NULL),
	(2807, 0, 142209111, 0, 3, 0, 0, NULL, NULL),
	(2808, 0, 142309000, 0, 3, 0, 0, NULL, NULL),
	(2809, 0, 142309111, 0, 3, 0, 0, NULL, NULL),
	(2810, 0, 142409000, 0, 3, 0, 0, NULL, NULL),
	(2811, 0, 142409111, 0, 3, 0, 0, NULL, NULL),
	(2812, 0, 142519000, 0, 3, 0, 0, NULL, NULL),
	(2813, 0, 142519111, 0, 3, 0, 0, NULL, NULL),
	(2814, 0, 142529000, 0, 3, 0, 0, NULL, NULL),
	(2815, 0, 142529111, 0, 3, 0, 0, NULL, NULL),
	(2816, 0, 142539000, 0, 3, 0, 0, NULL, NULL),
	(2817, 0, 142539111, 0, 3, 0, 0, NULL, NULL),
	(2818, 0, 142549000, 0, 3, 0, 0, NULL, NULL),
	(2819, 0, 142549111, 0, 3, 0, 0, NULL, NULL),
	(2820, 0, 151109000, 0, 3, 0, 0, NULL, NULL),
	(2821, 0, 151109111, 0, 3, 0, 0, NULL, NULL),
	(2822, 0, 151209000, 0, 3, 0, 0, NULL, NULL),
	(2823, 0, 151209111, 0, 3, 0, 0, NULL, NULL),
	(2824, 0, 151209112, 0, 3, 0, 0, NULL, NULL),
	(2825, 0, 151309000, 0, 3, 0, 0, NULL, NULL),
	(2826, 0, 151309111, 0, 3, 0, 0, NULL, NULL),
	(2827, 0, 151309112, 0, 3, 0, 0, NULL, NULL),
	(2828, 0, 151409000, 0, 3, 0, 0, NULL, NULL),
	(2829, 0, 151409111, 0, 3, 0, 0, NULL, NULL),
	(2830, 0, 151409112, 0, 3, 0, 0, NULL, NULL),
	(2831, 0, 151519000, 0, 3, 0, 0, NULL, NULL),
	(2832, 0, 151519111, 0, 3, 0, 0, NULL, NULL),
	(2833, 0, 151519112, 0, 3, 0, 0, NULL, NULL),
	(2834, 0, 151529000, 0, 3, 0, 0, NULL, NULL),
	(2835, 0, 151529111, 0, 3, 0, 0, NULL, NULL),
	(2836, 0, 151529112, 0, 3, 0, 0, NULL, NULL),
	(2837, 0, 151539000, 0, 3, 0, 0, NULL, NULL),
	(2838, 0, 151539111, 0, 3, 0, 0, NULL, NULL),
	(2839, 0, 151539112, 0, 3, 0, 0, NULL, NULL),
	(2840, 0, 151549000, 0, 3, 0, 0, NULL, NULL),
	(2841, 0, 151549111, 0, 3, 0, 0, NULL, NULL),
	(2842, 0, 151549112, 0, 3, 0, 0, NULL, NULL),
	(2843, 0, 152109000, 0, 3, 0, 0, NULL, NULL),
	(2844, 0, 152109111, 0, 3, 0, 0, NULL, NULL),
	(2845, 0, 152209000, 0, 3, 0, 0, NULL, NULL),
	(2846, 0, 152209111, 0, 3, 0, 0, NULL, NULL),
	(2847, 0, 152309000, 0, 3, 0, 0, NULL, NULL),
	(2848, 0, 152309111, 0, 3, 0, 0, NULL, NULL),
	(2849, 0, 152409000, 0, 3, 0, 0, NULL, NULL),
	(2850, 0, 152409111, 0, 3, 0, 0, NULL, NULL),
	(2851, 0, 152519000, 0, 3, 0, 0, NULL, NULL),
	(2852, 0, 152519111, 0, 3, 0, 0, NULL, NULL),
	(2853, 0, 152529000, 0, 3, 0, 0, NULL, NULL),
	(2854, 0, 152529111, 0, 3, 0, 0, NULL, NULL),
	(2855, 0, 152539000, 0, 3, 0, 0, NULL, NULL),
	(2856, 0, 152539111, 0, 3, 0, 0, NULL, NULL),
	(2857, 0, 152549000, 0, 3, 0, 0, NULL, NULL),
	(2858, 0, 152549111, 0, 3, 0, 0, NULL, NULL),
	(2859, 0, 161109000, 0, 3, 0, 0, NULL, NULL),
	(2860, 0, 161109111, 0, 3, 0, 0, NULL, NULL),
	(2861, 0, 161209000, 0, 3, 0, 0, NULL, NULL),
	(2862, 0, 161209111, 0, 3, 0, 0, NULL, NULL),
	(2863, 0, 161209112, 0, 3, 0, 0, NULL, NULL),
	(2864, 0, 161309000, 0, 3, 0, 0, NULL, NULL),
	(2865, 0, 161309111, 0, 3, 0, 0, NULL, NULL),
	(2866, 0, 161309112, 0, 3, 0, 0, NULL, NULL),
	(2867, 0, 161409000, 0, 3, 0, 0, NULL, NULL),
	(2868, 0, 161409111, 0, 3, 0, 0, NULL, NULL),
	(2869, 0, 161409112, 0, 3, 0, 0, NULL, NULL),
	(2870, 0, 161519000, 0, 3, 0, 0, NULL, NULL),
	(2871, 0, 161519111, 0, 3, 0, 0, NULL, NULL),
	(2872, 0, 161519112, 0, 3, 0, 0, NULL, NULL),
	(2873, 0, 161529000, 0, 3, 0, 0, NULL, NULL),
	(2874, 0, 161529111, 0, 3, 0, 0, NULL, NULL),
	(2875, 0, 161529112, 0, 3, 0, 0, NULL, NULL),
	(2876, 0, 161539000, 0, 3, 0, 0, NULL, NULL),
	(2877, 0, 161539111, 0, 3, 0, 0, NULL, NULL),
	(2878, 0, 161539112, 0, 3, 0, 0, NULL, NULL),
	(2879, 0, 161549000, 0, 3, 0, 0, NULL, NULL),
	(2880, 0, 161549111, 0, 3, 0, 0, NULL, NULL),
	(2881, 0, 161549112, 0, 3, 0, 0, NULL, NULL),
	(2882, 0, 162109000, 0, 3, 0, 0, NULL, NULL),
	(2883, 0, 162109111, 0, 3, 0, 0, NULL, NULL),
	(2884, 0, 162209000, 0, 3, 0, 0, NULL, NULL),
	(2885, 0, 162209111, 0, 3, 0, 0, NULL, NULL),
	(2886, 0, 162309000, 0, 3, 0, 0, NULL, NULL),
	(2887, 0, 162309111, 0, 3, 0, 0, NULL, NULL),
	(2888, 0, 162409000, 0, 3, 0, 0, NULL, NULL),
	(2889, 0, 162409111, 0, 3, 0, 0, NULL, NULL),
	(2890, 0, 162519000, 0, 3, 0, 0, NULL, NULL),
	(2891, 0, 162519111, 0, 3, 0, 0, NULL, NULL),
	(2892, 0, 162529000, 0, 3, 0, 0, NULL, NULL),
	(2893, 0, 162529111, 0, 3, 0, 0, NULL, NULL),
	(2894, 0, 162539000, 0, 3, 0, 0, NULL, NULL),
	(2895, 0, 162539111, 0, 3, 0, 0, NULL, NULL),
	(2896, 0, 162549000, 0, 3, 0, 0, NULL, NULL),
	(2897, 0, 162549111, 0, 3, 0, 0, NULL, NULL),
	(2898, 0, 171109000, 0, 3, 0, 0, NULL, NULL),
	(2899, 0, 171109111, 0, 3, 0, 0, NULL, NULL),
	(2900, 0, 171109112, 0, 3, 0, 0, NULL, NULL),
	(2901, 0, 171109113, 0, 3, 0, 0, NULL, NULL),
	(2902, 0, 171109114, 0, 3, 0, 0, NULL, NULL),
	(2903, 0, 171109115, 0, 3, 0, 0, NULL, NULL),
	(2904, 0, 171109119, 0, 3, 0, 0, NULL, NULL),
	(2905, 0, 171209000, 0, 3, 0, 0, NULL, NULL),
	(2906, 0, 171209111, 0, 3, 0, 0, NULL, NULL),
	(2907, 0, 171209112, 0, 3, 0, 0, NULL, NULL),
	(2908, 0, 171209113, 0, 3, 0, 0, NULL, NULL),
	(2909, 0, 171209114, 0, 3, 0, 0, NULL, NULL),
	(2910, 0, 171209115, 0, 3, 0, 0, NULL, NULL),
	(2911, 0, 171209119, 0, 3, 0, 0, NULL, NULL),
	(2912, 0, 200009000, 0, 3, 0, 0, NULL, NULL),
	(2913, 0, 211009000, 0, 3, 0, 0, NULL, NULL),
	(2914, 0, 211009111, 0, 3, 0, 0, NULL, NULL),
	(2915, 0, 211609000, 0, 3, 0, 0, NULL, NULL),
	(2916, 0, 211609111, 0, 3, 0, 0, NULL, NULL),
	(2917, 0, 212009000, 0, 3, 0, 0, NULL, NULL),
	(2918, 0, 212009111, 0, 3, 0, 0, NULL, NULL),
	(2919, 0, 212609000, 0, 3, 0, 0, NULL, NULL),
	(2920, 0, 212609111, 0, 3, 0, 0, NULL, NULL),
	(2921, 0, 213809000, 0, 3, 0, 0, NULL, NULL),
	(2922, 0, 213809111, 0, 3, 0, 0, NULL, NULL),
	(2923, 0, 214909000, 0, 3, 0, 0, NULL, NULL),
	(2924, 0, 214909111, 0, 3, 0, 0, NULL, NULL),
	(2925, 0, 215609000, 0, 3, 0, 0, NULL, NULL),
	(2926, 0, 215609111, 0, 3, 0, 0, NULL, NULL),
	(2927, 0, 221109000, 0, 3, 0, 0, NULL, NULL),
	(2928, 0, 221109111, 0, 3, 0, 0, NULL, NULL),
	(2929, 0, 221209000, 0, 3, 0, 0, NULL, NULL),
	(2930, 0, 221209111, 0, 3, 0, 0, NULL, NULL),
	(2931, 0, 221309000, 0, 3, 0, 0, NULL, NULL),
	(2932, 0, 221309111, 0, 3, 0, 0, NULL, NULL),
	(2933, 0, 221409000, 0, 3, 0, 0, NULL, NULL),
	(2934, 0, 221409111, 0, 3, 0, 0, NULL, NULL),
	(2935, 0, 221509000, 0, 3, 0, 0, NULL, NULL),
	(2936, 0, 221509111, 0, 3, 0, 0, NULL, NULL),
	(2937, 0, 221609000, 0, 3, 0, 0, NULL, NULL),
	(2938, 0, 221609111, 0, 3, 0, 0, NULL, NULL),
	(2939, 0, 222309000, 0, 3, 0, 0, NULL, NULL),
	(2940, 0, 222309111, 0, 3, 0, 0, NULL, NULL),
	(2941, 0, 222309112, 0, 3, 0, 0, NULL, NULL),
	(2942, 0, 222309113, 0, 3, 0, 0, NULL, NULL),
	(2943, 0, 222309119, 0, 3, 0, 0, NULL, NULL),
	(2944, 0, 222409000, 0, 3, 0, 0, NULL, NULL),
	(2945, 0, 222409111, 0, 3, 0, 0, NULL, NULL),
	(2946, 0, 222509000, 0, 3, 0, 0, NULL, NULL),
	(2947, 0, 222509111, 0, 3, 0, 0, NULL, NULL),
	(2948, 0, 231109000, 0, 3, 0, 0, NULL, NULL),
	(2949, 0, 231109111, 0, 3, 0, 0, NULL, NULL),
	(2950, 0, 231209000, 0, 3, 0, 0, NULL, NULL),
	(2951, 0, 231209111, 0, 3, 0, 0, NULL, NULL),
	(2952, 0, 231309000, 0, 3, 0, 0, NULL, NULL),
	(2953, 0, 231309112, 0, 3, 0, 0, NULL, NULL),
	(2954, 0, 231609000, 0, 3, 0, 0, NULL, NULL),
	(2955, 0, 231609113, 0, 3, 0, 0, NULL, NULL),
	(2956, 0, 232109000, 0, 3, 0, 0, NULL, NULL),
	(2957, 0, 232109111, 0, 3, 0, 0, NULL, NULL),
	(2958, 0, 232209000, 0, 3, 0, 0, NULL, NULL),
	(2959, 0, 232209111, 0, 3, 0, 0, NULL, NULL),
	(2960, 0, 232309000, 0, 3, 0, 0, NULL, NULL),
	(2961, 0, 232309111, 0, 3, 0, 0, NULL, NULL),
	(2962, 0, 233109000, 0, 3, 0, 0, NULL, NULL),
	(2963, 0, 233109111, 0, 3, 0, 0, NULL, NULL),
	(2964, 0, 233209000, 0, 3, 0, 0, NULL, NULL),
	(2965, 0, 233209111, 0, 3, 0, 0, NULL, NULL),
	(2966, 0, 233309000, 0, 3, 0, 0, NULL, NULL),
	(2967, 0, 233309111, 0, 3, 0, 0, NULL, NULL),
	(2968, 0, 234109000, 0, 3, 0, 0, NULL, NULL),
	(2969, 0, 234109111, 0, 3, 0, 0, NULL, NULL),
	(2970, 0, 234209000, 0, 3, 0, 0, NULL, NULL),
	(2971, 0, 234209111, 0, 3, 0, 0, NULL, NULL),
	(2972, 0, 234309000, 0, 3, 0, 0, NULL, NULL),
	(2973, 0, 234309111, 0, 3, 0, 0, NULL, NULL),
	(2974, 0, 234409000, 0, 3, 0, 0, NULL, NULL),
	(2975, 0, 234409111, 0, 3, 0, 0, NULL, NULL),
	(2976, 0, 241009000, 0, 3, 0, 0, NULL, NULL),
	(2977, 0, 241009111, 0, 3, 0, 0, NULL, NULL),
	(2978, 0, 242009000, 0, 3, 0, 0, NULL, NULL),
	(2979, 0, 242009111, 0, 3, 0, 0, NULL, NULL),
	(2980, 0, 243009000, 0, 3, 0, 0, NULL, NULL),
	(2981, 0, 243009111, 0, 3, 0, 0, NULL, NULL),
	(2982, 0, 251109000, 0, 3, 0, 0, NULL, NULL),
	(2983, 0, 251109111, 0, 3, 0, 0, NULL, NULL),
	(2984, 0, 251209000, 0, 3, 0, 0, NULL, NULL),
	(2985, 0, 251209111, 0, 3, 0, 0, NULL, NULL),
	(2986, 0, 251209112, 0, 3, 0, 0, NULL, NULL),
	(2987, 0, 251309000, 0, 3, 0, 0, NULL, NULL),
	(2988, 0, 251309111, 0, 3, 0, 0, NULL, NULL),
	(2989, 0, 251309112, 0, 3, 0, 0, NULL, NULL),
	(2990, 0, 251409000, 0, 3, 0, 0, NULL, NULL),
	(2991, 0, 251409111, 0, 3, 0, 0, NULL, NULL),
	(2992, 0, 251409112, 0, 3, 0, 0, NULL, NULL),
	(2993, 0, 251519000, 0, 3, 0, 0, NULL, NULL),
	(2994, 0, 251519111, 0, 3, 0, 0, NULL, NULL),
	(2995, 0, 251519112, 0, 3, 0, 0, NULL, NULL),
	(2996, 0, 251529000, 0, 3, 0, 0, NULL, NULL),
	(2997, 0, 251529111, 0, 3, 0, 0, NULL, NULL),
	(2998, 0, 251529112, 0, 3, 0, 0, NULL, NULL),
	(2999, 0, 251539000, 0, 3, 0, 0, NULL, NULL),
	(3000, 0, 251539111, 0, 3, 0, 0, NULL, NULL),
	(3001, 0, 251539112, 0, 3, 0, 0, NULL, NULL),
	(3002, 0, 251549000, 0, 3, 0, 0, NULL, NULL),
	(3003, 0, 251549111, 0, 3, 0, 0, NULL, NULL),
	(3004, 0, 251549112, 0, 3, 0, 0, NULL, NULL),
	(3005, 0, 252109000, 0, 3, 0, 0, NULL, NULL),
	(3006, 0, 252109111, 0, 3, 0, 0, NULL, NULL),
	(3007, 0, 252209000, 0, 3, 0, 0, NULL, NULL),
	(3008, 0, 252209111, 0, 3, 0, 0, NULL, NULL),
	(3009, 0, 252309000, 0, 3, 0, 0, NULL, NULL),
	(3010, 0, 252309111, 0, 3, 0, 0, NULL, NULL),
	(3011, 0, 252409000, 0, 3, 0, 0, NULL, NULL),
	(3012, 0, 252409111, 0, 3, 0, 0, NULL, NULL),
	(3013, 0, 252519000, 0, 3, 0, 0, NULL, NULL),
	(3014, 0, 252519111, 0, 3, 0, 0, NULL, NULL),
	(3015, 0, 252529000, 0, 3, 0, 0, NULL, NULL),
	(3016, 0, 252529111, 0, 3, 0, 0, NULL, NULL),
	(3017, 0, 252539000, 0, 3, 0, 0, NULL, NULL),
	(3018, 0, 252539111, 0, 3, 0, 0, NULL, NULL),
	(3019, 0, 252549000, 0, 3, 0, 0, NULL, NULL),
	(3020, 0, 252549111, 0, 3, 0, 0, NULL, NULL),
	(3021, 0, 261109000, 0, 3, 0, 0, NULL, NULL),
	(3022, 0, 261109111, 0, 3, 0, 0, NULL, NULL),
	(3023, 0, 261209000, 0, 3, 0, 0, NULL, NULL),
	(3024, 0, 261209111, 0, 3, 0, 0, NULL, NULL),
	(3025, 0, 261209112, 0, 3, 0, 0, NULL, NULL),
	(3026, 0, 261309000, 0, 3, 0, 0, NULL, NULL),
	(3027, 0, 261309111, 0, 3, 0, 0, NULL, NULL),
	(3028, 0, 261309112, 0, 3, 0, 0, NULL, NULL),
	(3029, 0, 261409000, 0, 3, 0, 0, NULL, NULL),
	(3030, 0, 261409111, 0, 3, 0, 0, NULL, NULL),
	(3031, 0, 261409112, 0, 3, 0, 0, NULL, NULL),
	(3032, 0, 261519000, 0, 3, 0, 0, NULL, NULL),
	(3033, 0, 261519111, 0, 3, 0, 0, NULL, NULL),
	(3034, 0, 261519112, 0, 3, 0, 0, NULL, NULL),
	(3035, 0, 261529000, 0, 3, 0, 0, NULL, NULL),
	(3036, 0, 261529111, 0, 3, 0, 0, NULL, NULL),
	(3037, 0, 261529112, 0, 3, 0, 0, NULL, NULL),
	(3038, 0, 261539000, 0, 3, 0, 0, NULL, NULL),
	(3039, 0, 261539111, 0, 3, 0, 0, NULL, NULL),
	(3040, 0, 261539112, 0, 3, 0, 0, NULL, NULL),
	(3041, 0, 261549000, 0, 3, 0, 0, NULL, NULL),
	(3042, 0, 261549111, 0, 3, 0, 0, NULL, NULL),
	(3043, 0, 261549112, 0, 3, 0, 0, NULL, NULL),
	(3044, 0, 262109000, 0, 3, 0, 0, NULL, NULL),
	(3045, 0, 262109111, 0, 3, 0, 0, NULL, NULL),
	(3046, 0, 262209000, 0, 3, 0, 0, NULL, NULL),
	(3047, 0, 262209111, 0, 3, 0, 0, NULL, NULL),
	(3048, 0, 262309000, 0, 3, 0, 0, NULL, NULL),
	(3049, 0, 262309111, 0, 3, 0, 0, NULL, NULL),
	(3050, 0, 262409000, 0, 3, 0, 0, NULL, NULL),
	(3051, 0, 262409111, 0, 3, 0, 0, NULL, NULL),
	(3052, 0, 262519000, 0, 3, 0, 0, NULL, NULL),
	(3053, 0, 262519111, 0, 3, 0, 0, NULL, NULL),
	(3054, 0, 262529000, 0, 3, 0, 0, NULL, NULL),
	(3055, 0, 262529111, 0, 3, 0, 0, NULL, NULL),
	(3056, 0, 262539000, 0, 3, 0, 0, NULL, NULL),
	(3057, 0, 262539111, 0, 3, 0, 0, NULL, NULL),
	(3058, 0, 262549000, 0, 3, 0, 0, NULL, NULL),
	(3059, 0, 262549111, 0, 3, 0, 0, NULL, NULL),
	(3060, 0, 271109000, 0, 3, 0, 0, NULL, NULL),
	(3061, 0, 271109111, 0, 3, 0, 0, NULL, NULL),
	(3062, 0, 271209000, 0, 3, 0, 0, NULL, NULL),
	(3063, 0, 271209111, 0, 3, 0, 0, NULL, NULL),
	(3064, 0, 271209112, 0, 3, 0, 0, NULL, NULL),
	(3065, 0, 271309000, 0, 3, 0, 0, NULL, NULL),
	(3066, 0, 271309111, 0, 3, 0, 0, NULL, NULL),
	(3067, 0, 271309112, 0, 3, 0, 0, NULL, NULL),
	(3068, 0, 271409000, 0, 3, 0, 0, NULL, NULL),
	(3069, 0, 271409111, 0, 3, 0, 0, NULL, NULL),
	(3070, 0, 271409112, 0, 3, 0, 0, NULL, NULL),
	(3071, 0, 271519000, 0, 3, 0, 0, NULL, NULL),
	(3072, 0, 271519111, 0, 3, 0, 0, NULL, NULL),
	(3073, 0, 271519112, 0, 3, 0, 0, NULL, NULL),
	(3074, 0, 271529000, 0, 3, 0, 0, NULL, NULL),
	(3075, 0, 271529111, 0, 3, 0, 0, NULL, NULL),
	(3076, 0, 271529112, 0, 3, 0, 0, NULL, NULL),
	(3077, 0, 271539000, 0, 3, 0, 0, NULL, NULL),
	(3078, 0, 271539111, 0, 3, 0, 0, NULL, NULL),
	(3079, 0, 271539112, 0, 3, 0, 0, NULL, NULL),
	(3080, 0, 271549000, 0, 3, 0, 0, NULL, NULL),
	(3081, 0, 271549111, 0, 3, 0, 0, NULL, NULL),
	(3082, 0, 271549112, 0, 3, 0, 0, NULL, NULL),
	(3083, 0, 272109000, 0, 3, 0, 0, NULL, NULL),
	(3084, 0, 272109111, 0, 3, 0, 0, NULL, NULL),
	(3085, 0, 272209000, 0, 3, 0, 0, NULL, NULL),
	(3086, 0, 272209111, 0, 3, 0, 0, NULL, NULL),
	(3087, 0, 272309000, 0, 3, 0, 0, NULL, NULL),
	(3088, 0, 272309111, 0, 3, 0, 0, NULL, NULL),
	(3089, 0, 272409000, 0, 3, 0, 0, NULL, NULL),
	(3090, 0, 272409111, 0, 3, 0, 0, NULL, NULL),
	(3091, 0, 272519000, 0, 3, 0, 0, NULL, NULL),
	(3092, 0, 272519111, 0, 3, 0, 0, NULL, NULL),
	(3093, 0, 272529000, 0, 3, 0, 0, NULL, NULL),
	(3094, 0, 272529111, 0, 3, 0, 0, NULL, NULL),
	(3095, 0, 272539000, 0, 3, 0, 0, NULL, NULL),
	(3096, 0, 272539111, 0, 3, 0, 0, NULL, NULL),
	(3097, 0, 272549000, 0, 3, 0, 0, NULL, NULL),
	(3098, 0, 272549111, 0, 3, 0, 0, NULL, NULL),
	(3099, 0, 281109000, 0, 3, 0, 0, NULL, NULL),
	(3100, 0, 281109111, 0, 3, 0, 0, NULL, NULL),
	(3101, 0, 281209000, 0, 3, 0, 0, NULL, NULL),
	(3102, 0, 281209111, 0, 3, 0, 0, NULL, NULL),
	(3103, 0, 281209112, 0, 3, 0, 0, NULL, NULL),
	(3104, 0, 281309000, 0, 3, 0, 0, NULL, NULL),
	(3105, 0, 281309111, 0, 3, 0, 0, NULL, NULL),
	(3106, 0, 281309112, 0, 3, 0, 0, NULL, NULL),
	(3107, 0, 281409000, 0, 3, 0, 0, NULL, NULL),
	(3108, 0, 281409111, 0, 3, 0, 0, NULL, NULL),
	(3109, 0, 281409112, 0, 3, 0, 0, NULL, NULL),
	(3110, 0, 281519000, 0, 3, 0, 0, NULL, NULL),
	(3111, 0, 281519111, 0, 3, 0, 0, NULL, NULL),
	(3112, 0, 281519112, 0, 3, 0, 0, NULL, NULL),
	(3113, 0, 281529000, 0, 3, 0, 0, NULL, NULL),
	(3114, 0, 281529111, 0, 3, 0, 0, NULL, NULL),
	(3115, 0, 281529112, 0, 3, 0, 0, NULL, NULL),
	(3116, 0, 281539000, 0, 3, 0, 0, NULL, NULL),
	(3117, 0, 281539111, 0, 3, 0, 0, NULL, NULL),
	(3118, 0, 281539112, 0, 3, 0, 0, NULL, NULL),
	(3119, 0, 281549000, 0, 3, 0, 0, NULL, NULL),
	(3120, 0, 281549111, 0, 3, 0, 0, NULL, NULL),
	(3121, 0, 281549112, 0, 3, 0, 0, NULL, NULL),
	(3122, 0, 282109000, 0, 3, 0, 0, NULL, NULL),
	(3123, 0, 282109111, 0, 3, 0, 0, NULL, NULL),
	(3124, 0, 282209000, 0, 3, 0, 0, NULL, NULL),
	(3125, 0, 282209111, 0, 3, 0, 0, NULL, NULL),
	(3126, 0, 282309000, 0, 3, 0, 0, NULL, NULL),
	(3127, 0, 282309111, 0, 3, 0, 0, NULL, NULL),
	(3128, 0, 282409000, 0, 3, 0, 0, NULL, NULL),
	(3129, 0, 282409111, 0, 3, 0, 0, NULL, NULL),
	(3130, 0, 282519000, 0, 3, 0, 0, NULL, NULL),
	(3131, 0, 282519111, 0, 3, 0, 0, NULL, NULL),
	(3132, 0, 282529000, 0, 3, 0, 0, NULL, NULL),
	(3133, 0, 282529111, 0, 3, 0, 0, NULL, NULL),
	(3134, 0, 282539000, 0, 3, 0, 0, NULL, NULL),
	(3135, 0, 282539111, 0, 3, 0, 0, NULL, NULL),
	(3136, 0, 282549000, 0, 3, 0, 0, NULL, NULL),
	(3137, 0, 282549111, 0, 3, 0, 0, NULL, NULL),
	(3138, 0, 289709000, 0, 3, 0, 0, NULL, NULL),
	(3139, 0, 289709111, 0, 3, 0, 0, NULL, NULL),
	(3140, 0, 289709112, 0, 3, 0, 0, NULL, NULL),
	(3141, 0, 289809000, 0, 3, 0, 0, NULL, NULL),
	(3142, 0, 289809111, 0, 3, 0, 0, NULL, NULL),
	(3143, 0, 289909000, 0, 3, 0, 0, NULL, NULL),
	(3144, 0, 289909111, 0, 3, 0, 0, NULL, NULL),
	(3145, 0, 291109000, 0, 3, 0, 0, NULL, NULL),
	(3146, 0, 291109111, 0, 3, 0, 0, NULL, NULL),
	(3147, 0, 291209000, 0, 3, 0, 0, NULL, NULL),
	(3148, 0, 291209111, 0, 3, 0, 0, NULL, NULL),
	(3149, 0, 292109000, 0, 3, 0, 0, NULL, NULL),
	(3150, 0, 292109111, 0, 3, 0, 0, NULL, NULL),
	(3151, 0, 292209000, 0, 3, 0, 0, NULL, NULL),
	(3152, 0, 292209111, 0, 3, 0, 0, NULL, NULL),
	(3153, 0, 292309000, 0, 3, 0, 0, NULL, NULL),
	(3154, 0, 292309111, 0, 3, 0, 0, NULL, NULL),
	(3155, 0, 293109000, 0, 3, 0, 0, NULL, NULL),
	(3156, 0, 293109111, 0, 3, 0, 0, NULL, NULL),
	(3157, 0, 293209000, 0, 3, 0, 0, NULL, NULL),
	(3158, 0, 293209111, 0, 3, 0, 0, NULL, NULL),
	(3159, 0, 293309000, 0, 3, 0, 0, NULL, NULL),
	(3160, 0, 293309111, 0, 3, 0, 0, NULL, NULL),
	(3161, 0, 293409000, 0, 3, 0, 0, NULL, NULL),
	(3162, 0, 293409111, 0, 3, 0, 0, NULL, NULL),
	(3163, 0, 293509000, 0, 3, 0, 0, NULL, NULL),
	(3164, 0, 293509111, 0, 3, 0, 0, NULL, NULL),
	(3165, 0, 294109000, 0, 3, 0, 0, NULL, NULL),
	(3166, 0, 294109111, 0, 3, 0, 0, NULL, NULL),
	(3167, 0, 294209000, 0, 3, 0, 0, NULL, NULL),
	(3168, 0, 294209111, 0, 3, 0, 0, NULL, NULL),
	(3169, 0, 294309000, 0, 3, 0, 0, NULL, NULL),
	(3170, 0, 294309111, 0, 3, 0, 0, NULL, NULL),
	(3171, 0, 294409000, 0, 3, 0, 0, NULL, NULL),
	(3172, 0, 294409111, 0, 3, 0, 0, NULL, NULL),
	(3173, 0, 294509000, 0, 3, 0, 0, NULL, NULL),
	(3174, 0, 294509111, 0, 3, 0, 0, NULL, NULL),
	(3175, 0, 294609000, 0, 3, 0, 0, NULL, NULL),
	(3176, 0, 294609111, 0, 3, 0, 0, NULL, NULL),
	(3177, 0, 294709000, 0, 3, 0, 0, NULL, NULL),
	(3178, 0, 294709111, 0, 3, 0, 0, NULL, NULL),
	(3179, 0, 294809000, 0, 3, 0, 0, NULL, NULL),
	(3180, 0, 294809111, 0, 3, 0, 0, NULL, NULL),
	(3181, 0, 294919000, 0, 3, 0, 0, NULL, NULL),
	(3182, 0, 294919111, 0, 3, 0, 0, NULL, NULL),
	(3183, 0, 294929000, 0, 3, 0, 0, NULL, NULL),
	(3184, 0, 294929111, 0, 3, 0, 0, NULL, NULL),
	(3185, 0, 295109000, 0, 3, 0, 0, NULL, NULL),
	(3186, 0, 295109111, 0, 3, 0, 0, NULL, NULL),
	(3187, 0, 295209000, 0, 3, 0, 0, NULL, NULL),
	(3188, 0, 295209111, 0, 3, 0, 0, NULL, NULL),
	(3189, 0, 296509000, 0, 3, 0, 0, NULL, NULL),
	(3190, 0, 296509001, 0, 3, 0, 0, NULL, NULL),
	(3191, 0, 296509002, 0, 3, 0, 0, NULL, NULL),
	(3192, 0, 296509003, 0, 3, 0, 0, NULL, NULL),
	(3193, 0, 296509004, 0, 3, 0, 0, NULL, NULL),
	(3194, 0, 296509005, 0, 3, 0, 0, NULL, NULL),
	(3195, 0, 296509006, 0, 3, 0, 0, NULL, NULL),
	(3196, 0, 296509007, 0, 3, 0, 0, NULL, NULL),
	(3197, 0, 296509008, 0, 3, 0, 0, NULL, NULL),
	(3198, 0, 296509009, 0, 3, 0, 0, NULL, NULL),
	(3199, 0, 296509010, 0, 3, 0, 0, NULL, NULL),
	(3200, 0, 296509011, 0, 3, 0, 0, NULL, NULL),
	(3201, 0, 296509012, 0, 3, 0, 0, NULL, NULL),
	(3202, 0, 296509013, 0, 3, 0, 0, NULL, NULL),
	(3203, 0, 296509014, 0, 3, 0, 0, NULL, NULL),
	(3204, 0, 296509015, 0, 3, 0, 0, NULL, NULL),
	(3205, 0, 296509016, 0, 3, 0, 0, NULL, NULL),
	(3206, 0, 296509017, 0, 3, 0, 0, NULL, NULL),
	(3207, 0, 296509018, 0, 3, 0, 0, NULL, NULL),
	(3208, 0, 296509019, 0, 3, 0, 0, NULL, NULL),
	(3209, 0, 296509020, 0, 3, 0, 0, NULL, NULL),
	(3210, 0, 296509021, 0, 3, 0, 0, NULL, NULL),
	(3211, 0, 296509022, 0, 3, 0, 0, NULL, NULL),
	(3212, 0, 296509023, 0, 3, 0, 0, NULL, NULL),
	(3213, 0, 296509024, 0, 3, 0, 0, NULL, NULL),
	(3214, 0, 296509025, 0, 3, 0, 0, NULL, NULL),
	(3215, 0, 296509026, 0, 3, 0, 0, NULL, NULL),
	(3216, 0, 296509027, 0, 3, 0, 0, NULL, NULL),
	(3217, 0, 296509028, 0, 3, 0, 0, NULL, NULL),
	(3218, 0, 296509029, 0, 3, 0, 0, NULL, NULL),
	(3219, 0, 296509030, 0, 3, 0, 0, NULL, NULL),
	(3220, 0, 296509031, 0, 3, 0, 0, NULL, NULL),
	(3221, 0, 296509032, 0, 3, 0, 0, NULL, NULL),
	(3222, 0, 296509033, 0, 3, 0, 0, NULL, NULL),
	(3223, 0, 296509034, 0, 3, 0, 0, NULL, NULL),
	(3224, 0, 296509035, 0, 3, 0, 0, NULL, NULL),
	(3225, 0, 296509036, 0, 3, 0, 0, NULL, NULL),
	(3226, 0, 296509037, 0, 3, 0, 0, NULL, NULL),
	(3227, 0, 296509038, 0, 3, 0, 0, NULL, NULL),
	(3228, 0, 296509039, 0, 3, 0, 0, NULL, NULL),
	(3229, 0, 296509040, 0, 3, 0, 0, NULL, NULL),
	(3230, 0, 296509041, 0, 3, 0, 0, NULL, NULL),
	(3231, 0, 296509042, 0, 3, 0, 0, NULL, NULL),
	(3232, 0, 296509043, 0, 3, 0, 0, NULL, NULL),
	(3233, 0, 296509044, 0, 3, 0, 0, NULL, NULL),
	(3234, 0, 296509045, 0, 3, 0, 0, NULL, NULL),
	(3235, 0, 296509046, 0, 3, 0, 0, NULL, NULL),
	(3236, 0, 296509047, 0, 3, 0, 0, NULL, NULL),
	(3237, 0, 296509048, 0, 3, 0, 0, NULL, NULL),
	(3238, 0, 296509049, 0, 3, 0, 0, NULL, NULL),
	(3239, 0, 296509050, 0, 3, 0, 0, NULL, NULL),
	(3240, 0, 296509051, 0, 3, 0, 0, NULL, NULL),
	(3241, 0, 296509052, 0, 3, 0, 0, NULL, NULL),
	(3242, 0, 296509053, 0, 3, 0, 0, NULL, NULL),
	(3243, 0, 296509054, 0, 3, 0, 0, NULL, NULL),
	(3244, 0, 296509055, 0, 3, 0, 0, NULL, NULL),
	(3245, 0, 296509056, 0, 3, 0, 0, NULL, NULL),
	(3246, 0, 296509057, 0, 3, 0, 0, NULL, NULL),
	(3247, 0, 296509058, 0, 3, 0, 0, NULL, NULL),
	(3248, 0, 296509059, 0, 3, 0, 0, NULL, NULL),
	(3249, 0, 296509060, 0, 3, 0, 0, NULL, NULL),
	(3250, 0, 296509061, 0, 3, 0, 0, NULL, NULL),
	(3251, 0, 296509062, 0, 3, 0, 0, NULL, NULL),
	(3252, 0, 296509063, 0, 3, 0, 0, NULL, NULL),
	(3253, 0, 296509064, 0, 3, 0, 0, NULL, NULL),
	(3254, 0, 296509065, 0, 3, 0, 0, NULL, NULL),
	(3255, 0, 296509066, 0, 3, 0, 0, NULL, NULL),
	(3256, 0, 296509999, 0, 3, 0, 0, NULL, NULL),
	(3257, 0, 296609111, 0, 3, 0, 0, NULL, NULL),
	(3258, 0, 296709000, 0, 3, 0, 0, NULL, NULL),
	(3259, 0, 296709111, 0, 3, 0, 0, NULL, NULL),
	(3260, 0, 296709112, 0, 3, 0, 0, NULL, NULL),
	(3261, 0, 296709113, 0, 3, 0, 0, NULL, NULL),
	(3262, 0, 296709114, 0, 3, 0, 0, NULL, NULL),
	(3263, 0, 296709115, 0, 3, 0, 0, NULL, NULL),
	(3264, 0, 296709116, 0, 3, 0, 0, NULL, NULL),
	(3265, 0, 296709117, 0, 3, 0, 0, NULL, NULL),
	(3266, 0, 296709211, 0, 3, 0, 0, NULL, NULL),
	(3267, 0, 296809000, 0, 3, 0, 0, NULL, NULL),
	(3268, 0, 296809111, 0, 3, 0, 0, NULL, NULL),
	(3269, 0, 300009000, 0, 3, 0, 0, NULL, NULL),
	(3270, 0, 321109000, 0, 3, 0, 0, NULL, NULL),
	(3271, 0, 321109111, 0, 3, 0, 0, NULL, NULL),
	(3272, 0, 322109000, 0, 3, 0, 0, NULL, NULL),
	(3273, 0, 322109111, 0, 3, 0, 0, NULL, NULL),
	(3274, 0, 322209000, 0, 3, 0, 0, NULL, NULL),
	(3275, 0, 322209111, 0, 3, 0, 0, NULL, NULL),
	(3276, 0, 322309000, 0, 3, 0, 0, NULL, NULL),
	(3277, 0, 322309111, 0, 3, 0, 0, NULL, NULL),
	(3278, 0, 322409000, 0, 3, 0, 0, NULL, NULL),
	(3279, 0, 322409111, 0, 3, 0, 0, NULL, NULL),
	(3280, 0, 322909000, 0, 3, 0, 0, NULL, NULL),
	(3281, 0, 322909111, 0, 3, 0, 0, NULL, NULL),
	(3282, 0, 322909119, 0, 3, 0, 0, NULL, NULL),
	(3283, 0, 331109000, 0, 3, 0, 0, NULL, NULL),
	(3284, 0, 331109111, 0, 3, 0, 0, NULL, NULL),
	(3285, 0, 331109112, 0, 3, 0, 0, NULL, NULL),
	(3286, 0, 331109113, 0, 3, 0, 0, NULL, NULL),
	(3287, 0, 331109114, 0, 3, 0, 0, NULL, NULL),
	(3288, 0, 332109000, 0, 3, 0, 0, NULL, NULL),
	(3289, 0, 332109111, 0, 3, 0, 0, NULL, NULL),
	(3290, 0, 332209000, 0, 3, 0, 0, NULL, NULL),
	(3291, 0, 332209111, 0, 3, 0, 0, NULL, NULL),
	(3292, 0, 332209112, 0, 3, 0, 0, NULL, NULL),
	(3293, 0, 332209113, 0, 3, 0, 0, NULL, NULL),
	(3294, 0, 333109000, 0, 3, 0, 0, NULL, NULL),
	(3295, 0, 333109111, 0, 3, 0, 0, NULL, NULL),
	(3296, 0, 333209000, 0, 3, 0, 0, NULL, NULL),
	(3297, 0, 333209111, 0, 3, 0, 0, NULL, NULL),
	(3298, 0, 333309000, 0, 3, 0, 0, NULL, NULL),
	(3299, 0, 333309111, 0, 3, 0, 0, NULL, NULL),
	(3300, 0, 333409000, 0, 3, 0, 0, NULL, NULL),
	(3301, 0, 333409111, 0, 3, 0, 0, NULL, NULL),
	(3302, 0, 341109000, 0, 3, 0, 0, NULL, NULL),
	(3303, 0, 341109111, 0, 3, 0, 0, NULL, NULL),
	(3304, 0, 342109000, 0, 3, 0, 0, NULL, NULL),
	(3305, 0, 342109111, 0, 3, 0, 0, NULL, NULL),
	(3306, 0, 342209000, 0, 3, 0, 0, NULL, NULL),
	(3307, 0, 342209111, 0, 3, 0, 0, NULL, NULL),
	(3308, 0, 342309000, 0, 3, 0, 0, NULL, NULL),
	(3309, 0, 342309111, 0, 3, 0, 0, NULL, NULL),
	(3310, 0, 342409000, 0, 3, 0, 0, NULL, NULL),
	(3311, 0, 342409111, 0, 3, 0, 0, NULL, NULL),
	(3312, 0, 342909000, 0, 3, 0, 0, NULL, NULL),
	(3313, 0, 342909111, 0, 3, 0, 0, NULL, NULL),
	(3314, 0, 343109000, 0, 3, 0, 0, NULL, NULL),
	(3315, 0, 343109111, 0, 3, 0, 0, NULL, NULL),
	(3316, 0, 343109112, 0, 3, 0, 0, NULL, NULL),
	(3317, 0, 343109113, 0, 3, 0, 0, NULL, NULL),
	(3318, 0, 343109114, 0, 3, 0, 0, NULL, NULL),
	(3319, 0, 343209000, 0, 3, 0, 0, NULL, NULL),
	(3320, 0, 343209111, 0, 3, 0, 0, NULL, NULL),
	(3321, 0, 343309000, 0, 3, 0, 0, NULL, NULL),
	(3322, 0, 343309111, 0, 3, 0, 0, NULL, NULL),
	(3323, 0, 344109000, 0, 3, 0, 0, NULL, NULL),
	(3324, 0, 344109111, 0, 3, 0, 0, NULL, NULL),
	(3325, 0, 344209000, 0, 3, 0, 0, NULL, NULL),
	(3326, 0, 344209111, 0, 3, 0, 0, NULL, NULL),
	(3327, 0, 344309000, 0, 3, 0, 0, NULL, NULL),
	(3328, 0, 344309111, 0, 3, 0, 0, NULL, NULL),
	(3329, 0, 344409000, 0, 3, 0, 0, NULL, NULL),
	(3330, 0, 344409111, 0, 3, 0, 0, NULL, NULL),
	(3331, 0, 361109000, 0, 3, 0, 0, NULL, NULL),
	(3332, 0, 361109111, 0, 3, 0, 0, NULL, NULL),
	(3333, 0, 361109112, 0, 3, 0, 0, NULL, NULL),
	(3334, 0, 361209000, 0, 3, 0, 0, NULL, NULL),
	(3335, 0, 361209111, 0, 3, 0, 0, NULL, NULL),
	(3336, 0, 361209112, 0, 3, 0, 0, NULL, NULL),
	(3337, 0, 361209113, 0, 3, 0, 0, NULL, NULL),
	(3338, 0, 361209119, 0, 3, 0, 0, NULL, NULL),
	(3339, 0, 361309000, 0, 3, 0, 0, NULL, NULL),
	(3340, 0, 361309111, 0, 3, 0, 0, NULL, NULL),
	(3341, 0, 361409000, 0, 3, 0, 0, NULL, NULL),
	(3342, 0, 361409111, 0, 3, 0, 0, NULL, NULL),
	(3343, 0, 361509000, 0, 3, 0, 0, NULL, NULL),
	(3344, 0, 361509111, 0, 3, 0, 0, NULL, NULL),
	(3345, 0, 361509112, 0, 3, 0, 0, NULL, NULL),
	(3346, 0, 361509113, 0, 3, 0, 0, NULL, NULL),
	(3347, 0, 361509114, 0, 3, 0, 0, NULL, NULL),
	(3348, 0, 361509119, 0, 3, 0, 0, NULL, NULL),
	(3349, 0, 361609000, 0, 3, 0, 0, NULL, NULL),
	(3350, 0, 361609111, 0, 3, 0, 0, NULL, NULL),
	(3351, 0, 362109000, 0, 3, 0, 0, NULL, NULL),
	(3352, 0, 362109111, 0, 3, 0, 0, NULL, NULL),
	(3353, 0, 362109112, 0, 3, 0, 0, NULL, NULL),
	(3354, 0, 362109113, 0, 3, 0, 0, NULL, NULL),
	(3355, 0, 362109114, 0, 3, 0, 0, NULL, NULL),
	(3356, 0, 362109119, 0, 3, 0, 0, NULL, NULL),
	(3357, 0, 363109000, 0, 3, 0, 0, NULL, NULL),
	(3358, 0, 363109111, 0, 3, 0, 0, NULL, NULL),
	(3359, 0, 363109119, 0, 3, 0, 0, NULL, NULL),
	(3360, 0, 372109000, 0, 3, 0, 0, NULL, NULL),
	(3361, 0, 372109111, 0, 3, 0, 0, NULL, NULL),
	(3362, 0, 373109000, 0, 3, 0, 0, NULL, NULL),
	(3363, 0, 373109111, 0, 3, 0, 0, NULL, NULL),
	(3364, 0, 381109000, 0, 3, 0, 0, NULL, NULL),
	(3365, 0, 381109111, 0, 3, 0, 0, NULL, NULL),
	(3366, 0, 381109112, 0, 3, 0, 0, NULL, NULL),
	(3367, 0, 381109113, 0, 3, 0, 0, NULL, NULL),
	(3368, 0, 381109114, 0, 3, 0, 0, NULL, NULL),
	(3369, 0, 381109115, 0, 3, 0, 0, NULL, NULL),
	(3370, 0, 381109116, 0, 3, 0, 0, NULL, NULL),
	(3371, 0, 381109117, 0, 3, 0, 0, NULL, NULL),
	(3372, 0, 381109118, 0, 3, 0, 0, NULL, NULL),
	(3373, 0, 381109119, 0, 3, 0, 0, NULL, NULL),
	(3374, 0, 382109000, 0, 3, 0, 0, NULL, NULL),
	(3375, 0, 382109111, 0, 3, 0, 0, NULL, NULL),
	(3376, 0, 383109000, 0, 3, 0, 0, NULL, NULL),
	(3377, 0, 383109111, 0, 3, 0, 0, NULL, NULL),
	(3378, 0, 384109000, 0, 3, 0, 0, NULL, NULL),
	(3379, 0, 384109111, 0, 3, 0, 0, NULL, NULL),
	(3380, 0, 384109112, 0, 3, 0, 0, NULL, NULL),
	(3381, 0, 384109113, 0, 3, 0, 0, NULL, NULL),
	(3382, 0, 384109114, 0, 3, 0, 0, NULL, NULL),
	(3383, 0, 384109119, 0, 3, 0, 0, NULL, NULL),
	(3384, 0, 385109000, 0, 3, 0, 0, NULL, NULL),
	(3385, 0, 385109111, 0, 3, 0, 0, NULL, NULL),
	(3386, 0, 386109111, 0, 3, 0, 0, NULL, NULL),
	(3387, 0, 389109000, 0, 3, 0, 0, NULL, NULL),
	(3388, 0, 389109111, 0, 3, 0, 0, NULL, NULL),
	(3389, 0, 389209000, 0, 3, 0, 0, NULL, NULL),
	(3390, 0, 389209111, 0, 3, 0, 0, NULL, NULL),
	(3391, 0, 389309000, 0, 3, 0, 0, NULL, NULL),
	(3392, 0, 389309111, 0, 3, 0, 0, NULL, NULL),
	(3393, 0, 389809000, 0, 3, 0, 0, NULL, NULL),
	(3394, 0, 389809111, 0, 3, 0, 0, NULL, NULL),
	(3395, 0, 389809112, 0, 3, 0, 0, NULL, NULL),
	(3396, 0, 389809117, 0, 3, 0, 0, NULL, NULL),
	(3397, 0, 389809119, 0, 3, 0, 0, NULL, NULL),
	(3398, 0, 389809211, 0, 3, 0, 0, NULL, NULL),
	(3399, 0, 389809212, 0, 3, 0, 0, NULL, NULL),
	(3400, 0, 389809213, 0, 3, 0, 0, NULL, NULL),
	(3401, 0, 389809214, 0, 3, 0, 0, NULL, NULL),
	(3402, 0, 389809215, 0, 3, 0, 0, NULL, NULL),
	(3403, 0, 389809216, 0, 3, 0, 0, NULL, NULL),
	(3404, 0, 389809217, 0, 3, 0, 0, NULL, NULL),
	(3405, 0, 389809218, 0, 3, 0, 0, NULL, NULL),
	(3406, 0, 389809219, 0, 3, 0, 0, NULL, NULL),
	(3407, 0, 389809220, 0, 3, 0, 0, NULL, NULL),
	(3408, 0, 389809221, 0, 3, 0, 0, NULL, NULL),
	(3409, 0, 389809222, 0, 3, 0, 0, NULL, NULL),
	(3410, 0, 389809223, 0, 3, 0, 0, NULL, NULL),
	(3411, 0, 389809224, 0, 3, 0, 0, NULL, NULL),
	(3412, 0, 389809225, 0, 3, 0, 0, NULL, NULL),
	(3413, 0, 389809226, 0, 3, 0, 0, NULL, NULL),
	(3414, 0, 389809227, 0, 3, 0, 0, NULL, NULL),
	(3415, 0, 389809228, 0, 3, 0, 0, NULL, NULL),
	(3416, 0, 389809229, 0, 3, 0, 0, NULL, NULL),
	(3417, 0, 389809230, 0, 3, 0, 0, NULL, NULL),
	(3418, 0, 389809231, 0, 3, 0, 0, NULL, NULL),
	(3419, 0, 389809232, 0, 3, 0, 0, NULL, NULL),
	(3420, 0, 389809233, 0, 3, 0, 0, NULL, NULL),
	(3421, 0, 389809234, 0, 3, 0, 0, NULL, NULL),
	(3422, 0, 389809235, 0, 3, 0, 0, NULL, NULL),
	(3423, 0, 389809236, 0, 3, 0, 0, NULL, NULL),
	(3424, 0, 389809237, 0, 3, 0, 0, NULL, NULL),
	(3425, 0, 389809238, 0, 3, 0, 0, NULL, NULL),
	(3426, 0, 389809239, 0, 3, 0, 0, NULL, NULL),
	(3427, 0, 389809240, 0, 3, 0, 0, NULL, NULL),
	(3428, 0, 389809241, 0, 3, 0, 0, NULL, NULL),
	(3429, 0, 389809242, 0, 3, 0, 0, NULL, NULL),
	(3430, 0, 389809243, 0, 3, 0, 0, NULL, NULL),
	(3431, 0, 389809244, 0, 3, 0, 0, NULL, NULL),
	(3432, 0, 389809245, 0, 3, 0, 0, NULL, NULL),
	(3433, 0, 389809246, 0, 3, 0, 0, NULL, NULL),
	(3434, 0, 389809247, 0, 3, 0, 0, NULL, NULL),
	(3435, 0, 389809248, 0, 3, 0, 0, NULL, NULL),
	(3436, 0, 389809249, 0, 3, 0, 0, NULL, NULL),
	(3437, 0, 389809250, 0, 3, 0, 0, NULL, NULL),
	(3438, 0, 389809251, 0, 3, 0, 0, NULL, NULL),
	(3439, 0, 389809252, 0, 3, 0, 0, NULL, NULL),
	(3440, 0, 389809253, 0, 3, 0, 0, NULL, NULL),
	(3441, 0, 389809254, 0, 3, 0, 0, NULL, NULL),
	(3442, 0, 389809255, 0, 3, 0, 0, NULL, NULL),
	(3443, 0, 389809256, 0, 3, 0, 0, NULL, NULL),
	(3444, 0, 389809257, 0, 3, 0, 0, NULL, NULL),
	(3445, 0, 389809258, 0, 3, 0, 0, NULL, NULL),
	(3446, 0, 389809259, 0, 3, 0, 0, NULL, NULL),
	(3447, 0, 389809260, 0, 3, 0, 0, NULL, NULL),
	(3448, 0, 389809261, 0, 3, 0, 0, NULL, NULL),
	(3449, 0, 389809262, 0, 3, 0, 0, NULL, NULL),
	(3450, 0, 389809263, 0, 3, 0, 0, NULL, NULL),
	(3451, 0, 389809264, 0, 3, 0, 0, NULL, NULL),
	(3452, 0, 389809265, 0, 3, 0, 0, NULL, NULL),
	(3453, 0, 389809266, 0, 3, 0, 0, NULL, NULL),
	(3454, 0, 389809267, 0, 3, 0, 0, NULL, NULL),
	(3455, 0, 389809268, 0, 3, 0, 0, NULL, NULL),
	(3456, 0, 389809269, 0, 3, 0, 0, NULL, NULL),
	(3457, 0, 389809270, 0, 3, 0, 0, NULL, NULL),
	(3458, 0, 389809271, 0, 3, 0, 0, NULL, NULL),
	(3459, 0, 389809272, 0, 3, 0, 0, NULL, NULL),
	(3460, 0, 389809273, 0, 3, 0, 0, NULL, NULL),
	(3461, 0, 389809274, 0, 3, 0, 0, NULL, NULL),
	(3462, 0, 389809275, 0, 3, 0, 0, NULL, NULL),
	(3463, 0, 389809276, 0, 3, 0, 0, NULL, NULL),
	(3464, 0, 389809888, 0, 3, 0, 0, NULL, NULL),
	(3465, 0, 389809889, 0, 3, 0, 0, NULL, NULL),
	(3466, 0, 400009000, 0, 3, 0, 0, NULL, NULL),
	(3467, 0, 401109000, 0, 3, 0, 0, NULL, NULL),
	(3468, 0, 401109111, 0, 3, 0, 0, NULL, NULL),
	(3469, 0, 401209000, 0, 3, 0, 0, NULL, NULL),
	(3470, 0, 401209111, 0, 3, 0, 0, NULL, NULL),
	(3471, 0, 401309000, 0, 3, 0, 0, NULL, NULL),
	(3472, 0, 401309111, 0, 3, 0, 0, NULL, NULL),
	(3473, 0, 401409000, 0, 3, 0, 0, NULL, NULL),
	(3474, 0, 401409111, 0, 3, 0, 0, NULL, NULL),
	(3475, 0, 402109000, 0, 3, 0, 0, NULL, NULL),
	(3476, 0, 402109111, 0, 3, 0, 0, NULL, NULL),
	(3477, 0, 402209000, 0, 3, 0, 0, NULL, NULL),
	(3478, 0, 402209111, 0, 3, 0, 0, NULL, NULL),
	(3479, 0, 404109000, 0, 3, 0, 0, NULL, NULL),
	(3480, 0, 404109111, 0, 3, 0, 0, NULL, NULL),
	(3481, 0, 404209000, 0, 3, 0, 0, NULL, NULL),
	(3482, 0, 404209111, 0, 3, 0, 0, NULL, NULL),
	(3483, 0, 404309000, 0, 3, 0, 0, NULL, NULL),
	(3484, 0, 404309111, 0, 3, 0, 0, NULL, NULL),
	(3485, 0, 404409000, 0, 3, 0, 0, NULL, NULL),
	(3486, 0, 404409111, 0, 3, 0, 0, NULL, NULL),
	(3487, 0, 405109000, 0, 3, 0, 0, NULL, NULL),
	(3488, 0, 405109111, 0, 3, 0, 0, NULL, NULL),
	(3489, 0, 405209000, 0, 3, 0, 0, NULL, NULL),
	(3490, 0, 405209111, 0, 3, 0, 0, NULL, NULL),
	(3491, 0, 405309000, 0, 3, 0, 0, NULL, NULL),
	(3492, 0, 405309111, 0, 3, 0, 0, NULL, NULL),
	(3493, 0, 405409000, 0, 3, 0, 0, NULL, NULL),
	(3494, 0, 405409111, 0, 3, 0, 0, NULL, NULL),
	(3495, 0, 405509000, 0, 3, 0, 0, NULL, NULL),
	(3496, 0, 405509111, 0, 3, 0, 0, NULL, NULL),
	(3497, 0, 407109000, 0, 3, 0, 0, NULL, NULL),
	(3498, 0, 407109111, 0, 3, 0, 0, NULL, NULL),
	(3499, 0, 408109000, 0, 3, 0, 0, NULL, NULL),
	(3500, 0, 408109111, 0, 3, 0, 0, NULL, NULL),
	(3501, 0, 500009000, 0, 3, 0, 0, NULL, NULL),
	(3502, 0, 514109000, 0, 3, 0, 0, NULL, NULL),
	(3503, 0, 514109111, 0, 3, 0, 0, NULL, NULL),
	(3504, 0, 514209000, 0, 3, 0, 0, NULL, NULL),
	(3505, 0, 514209111, 0, 3, 0, 0, NULL, NULL),
	(3506, 0, 514309000, 0, 3, 0, 0, NULL, NULL),
	(3507, 0, 514309111, 0, 3, 0, 0, NULL, NULL),
	(3508, 0, 514609000, 0, 3, 0, 0, NULL, NULL),
	(3509, 0, 514609111, 0, 3, 0, 0, NULL, NULL),
	(3510, 0, 515109000, 0, 3, 0, 0, NULL, NULL),
	(3511, 0, 515109111, 0, 3, 0, 0, NULL, NULL),
	(3512, 0, 515209000, 0, 3, 0, 0, NULL, NULL),
	(3513, 0, 515209111, 0, 3, 0, 0, NULL, NULL),
	(3514, 0, 515309000, 0, 3, 0, 0, NULL, NULL),
	(3515, 0, 515309111, 0, 3, 0, 0, NULL, NULL),
	(3516, 0, 515309112, 0, 3, 0, 0, NULL, NULL),
	(3517, 0, 515309113, 0, 3, 0, 0, NULL, NULL),
	(3518, 0, 515309114, 0, 3, 0, 0, NULL, NULL),
	(3519, 0, 516109000, 0, 3, 0, 0, NULL, NULL),
	(3520, 0, 516109111, 0, 3, 0, 0, NULL, NULL),
	(3521, 0, 516209000, 0, 3, 0, 0, NULL, NULL),
	(3522, 0, 516209111, 0, 3, 0, 0, NULL, NULL),
	(3523, 0, 516309000, 0, 3, 0, 0, NULL, NULL),
	(3524, 0, 516309111, 0, 3, 0, 0, NULL, NULL),
	(3525, 0, 517109000, 0, 3, 0, 0, NULL, NULL),
	(3526, 0, 517109111, 0, 3, 0, 0, NULL, NULL),
	(3527, 0, 517209000, 0, 3, 0, 0, NULL, NULL),
	(3528, 0, 517209111, 0, 3, 0, 0, NULL, NULL),
	(3529, 0, 517309000, 0, 3, 0, 0, NULL, NULL),
	(3530, 0, 517309111, 0, 3, 0, 0, NULL, NULL),
	(3531, 0, 517409000, 0, 3, 0, 0, NULL, NULL),
	(3532, 0, 517409111, 0, 3, 0, 0, NULL, NULL),
	(3533, 0, 521109000, 0, 3, 0, 0, NULL, NULL),
	(3534, 0, 521109111, 0, 3, 0, 0, NULL, NULL),
	(3535, 0, 521209000, 0, 3, 0, 0, NULL, NULL),
	(3536, 0, 521209111, 0, 3, 0, 0, NULL, NULL),
	(3537, 0, 521209112, 0, 3, 0, 0, NULL, NULL),
	(3538, 0, 521309000, 0, 3, 0, 0, NULL, NULL),
	(3539, 0, 521309111, 0, 3, 0, 0, NULL, NULL),
	(3540, 0, 521309112, 0, 3, 0, 0, NULL, NULL),
	(3541, 0, 521409000, 0, 3, 0, 0, NULL, NULL),
	(3542, 0, 521409111, 0, 3, 0, 0, NULL, NULL),
	(3543, 0, 521409112, 0, 3, 0, 0, NULL, NULL),
	(3544, 0, 521519000, 0, 3, 0, 0, NULL, NULL),
	(3545, 0, 521519111, 0, 3, 0, 0, NULL, NULL),
	(3546, 0, 521519112, 0, 3, 0, 0, NULL, NULL),
	(3547, 0, 521529000, 0, 3, 0, 0, NULL, NULL),
	(3548, 0, 521529111, 0, 3, 0, 0, NULL, NULL),
	(3549, 0, 521529112, 0, 3, 0, 0, NULL, NULL),
	(3550, 0, 521539000, 0, 3, 0, 0, NULL, NULL),
	(3551, 0, 521539111, 0, 3, 0, 0, NULL, NULL),
	(3552, 0, 521539112, 0, 3, 0, 0, NULL, NULL),
	(3553, 0, 521549000, 0, 3, 0, 0, NULL, NULL),
	(3554, 0, 521549111, 0, 3, 0, 0, NULL, NULL),
	(3555, 0, 521549112, 0, 3, 0, 0, NULL, NULL),
	(3556, 0, 522109000, 0, 3, 0, 0, NULL, NULL),
	(3557, 0, 522109111, 0, 3, 0, 0, NULL, NULL),
	(3558, 0, 522209000, 0, 3, 0, 0, NULL, NULL),
	(3559, 0, 522209111, 0, 3, 0, 0, NULL, NULL),
	(3560, 0, 522309000, 0, 3, 0, 0, NULL, NULL),
	(3561, 0, 522309111, 0, 3, 0, 0, NULL, NULL),
	(3562, 0, 522409000, 0, 3, 0, 0, NULL, NULL),
	(3563, 0, 522409111, 0, 3, 0, 0, NULL, NULL),
	(3564, 0, 522519000, 0, 3, 0, 0, NULL, NULL),
	(3565, 0, 522519111, 0, 3, 0, 0, NULL, NULL),
	(3566, 0, 522529000, 0, 3, 0, 0, NULL, NULL),
	(3567, 0, 522529111, 0, 3, 0, 0, NULL, NULL),
	(3568, 0, 522539000, 0, 3, 0, 0, NULL, NULL),
	(3569, 0, 522539111, 0, 3, 0, 0, NULL, NULL),
	(3570, 0, 522549000, 0, 3, 0, 0, NULL, NULL),
	(3571, 0, 522549111, 0, 3, 0, 0, NULL, NULL),
	(3572, 0, 523109000, 0, 3, 0, 0, NULL, NULL),
	(3573, 0, 523109111, 0, 3, 0, 0, NULL, NULL),
	(3574, 0, 523209000, 0, 3, 0, 0, NULL, NULL),
	(3575, 0, 523209111, 0, 3, 0, 0, NULL, NULL),
	(3576, 0, 523209112, 0, 3, 0, 0, NULL, NULL),
	(3577, 0, 523309000, 0, 3, 0, 0, NULL, NULL),
	(3578, 0, 523309111, 0, 3, 0, 0, NULL, NULL),
	(3579, 0, 523309112, 0, 3, 0, 0, NULL, NULL),
	(3580, 0, 523409000, 0, 3, 0, 0, NULL, NULL),
	(3581, 0, 523409111, 0, 3, 0, 0, NULL, NULL),
	(3582, 0, 523409112, 0, 3, 0, 0, NULL, NULL),
	(3583, 0, 523519000, 0, 3, 0, 0, NULL, NULL),
	(3584, 0, 523519111, 0, 3, 0, 0, NULL, NULL),
	(3585, 0, 523519112, 0, 3, 0, 0, NULL, NULL),
	(3586, 0, 523529000, 0, 3, 0, 0, NULL, NULL),
	(3587, 0, 523529111, 0, 3, 0, 0, NULL, NULL),
	(3588, 0, 523529112, 0, 3, 0, 0, NULL, NULL),
	(3589, 0, 523539000, 0, 3, 0, 0, NULL, NULL),
	(3590, 0, 523539111, 0, 3, 0, 0, NULL, NULL),
	(3591, 0, 523539112, 0, 3, 0, 0, NULL, NULL),
	(3592, 0, 523549000, 0, 3, 0, 0, NULL, NULL),
	(3593, 0, 523549111, 0, 3, 0, 0, NULL, NULL),
	(3594, 0, 523549112, 0, 3, 0, 0, NULL, NULL),
	(3595, 0, 524109000, 0, 3, 0, 0, NULL, NULL),
	(3596, 0, 524109111, 0, 3, 0, 0, NULL, NULL),
	(3597, 0, 524209000, 0, 3, 0, 0, NULL, NULL),
	(3598, 0, 524209111, 0, 3, 0, 0, NULL, NULL),
	(3599, 0, 524309000, 0, 3, 0, 0, NULL, NULL),
	(3600, 0, 524309111, 0, 3, 0, 0, NULL, NULL),
	(3601, 0, 524409000, 0, 3, 0, 0, NULL, NULL),
	(3602, 0, 524409111, 0, 3, 0, 0, NULL, NULL),
	(3603, 0, 524519000, 0, 3, 0, 0, NULL, NULL),
	(3604, 0, 524519111, 0, 3, 0, 0, NULL, NULL),
	(3605, 0, 524529000, 0, 3, 0, 0, NULL, NULL),
	(3606, 0, 524529111, 0, 3, 0, 0, NULL, NULL),
	(3607, 0, 524539000, 0, 3, 0, 0, NULL, NULL),
	(3608, 0, 524539111, 0, 3, 0, 0, NULL, NULL),
	(3609, 0, 524549000, 0, 3, 0, 0, NULL, NULL),
	(3610, 0, 524549111, 0, 3, 0, 0, NULL, NULL),
	(3611, 0, 525109000, 0, 3, 0, 0, NULL, NULL),
	(3612, 0, 525109111, 0, 3, 0, 0, NULL, NULL),
	(3613, 0, 525209000, 0, 3, 0, 0, NULL, NULL),
	(3614, 0, 525209111, 0, 3, 0, 0, NULL, NULL),
	(3615, 0, 525209112, 0, 3, 0, 0, NULL, NULL),
	(3616, 0, 525309000, 0, 3, 0, 0, NULL, NULL),
	(3617, 0, 525309111, 0, 3, 0, 0, NULL, NULL),
	(3618, 0, 525309112, 0, 3, 0, 0, NULL, NULL),
	(3619, 0, 525409000, 0, 3, 0, 0, NULL, NULL),
	(3620, 0, 525409111, 0, 3, 0, 0, NULL, NULL),
	(3621, 0, 525409112, 0, 3, 0, 0, NULL, NULL),
	(3622, 0, 525519000, 0, 3, 0, 0, NULL, NULL),
	(3623, 0, 525519111, 0, 3, 0, 0, NULL, NULL),
	(3624, 0, 525519112, 0, 3, 0, 0, NULL, NULL),
	(3625, 0, 525529000, 0, 3, 0, 0, NULL, NULL),
	(3626, 0, 525529111, 0, 3, 0, 0, NULL, NULL),
	(3627, 0, 525529112, 0, 3, 0, 0, NULL, NULL),
	(3628, 0, 525539000, 0, 3, 0, 0, NULL, NULL),
	(3629, 0, 525539111, 0, 3, 0, 0, NULL, NULL),
	(3630, 0, 525539112, 0, 3, 0, 0, NULL, NULL),
	(3631, 0, 525549000, 0, 3, 0, 0, NULL, NULL),
	(3632, 0, 525549111, 0, 3, 0, 0, NULL, NULL),
	(3633, 0, 525549112, 0, 3, 0, 0, NULL, NULL),
	(3634, 0, 526109000, 0, 3, 0, 0, NULL, NULL),
	(3635, 0, 526109111, 0, 3, 0, 0, NULL, NULL),
	(3636, 0, 526209000, 0, 3, 0, 0, NULL, NULL),
	(3637, 0, 526209111, 0, 3, 0, 0, NULL, NULL),
	(3638, 0, 526309000, 0, 3, 0, 0, NULL, NULL),
	(3639, 0, 526309111, 0, 3, 0, 0, NULL, NULL),
	(3640, 0, 526409000, 0, 3, 0, 0, NULL, NULL),
	(3641, 0, 526409111, 0, 3, 0, 0, NULL, NULL),
	(3642, 0, 526519000, 0, 3, 0, 0, NULL, NULL),
	(3643, 0, 526519111, 0, 3, 0, 0, NULL, NULL),
	(3644, 0, 526529000, 0, 3, 0, 0, NULL, NULL),
	(3645, 0, 526529111, 0, 3, 0, 0, NULL, NULL),
	(3646, 0, 526539000, 0, 3, 0, 0, NULL, NULL),
	(3647, 0, 526539111, 0, 3, 0, 0, NULL, NULL),
	(3648, 0, 526549000, 0, 3, 0, 0, NULL, NULL),
	(3649, 0, 526549111, 0, 3, 0, 0, NULL, NULL),
	(3650, 0, 527109000, 0, 3, 0, 0, NULL, NULL),
	(3651, 0, 527109111, 0, 3, 0, 0, NULL, NULL),
	(3652, 0, 527209000, 0, 3, 0, 0, NULL, NULL),
	(3653, 0, 527209111, 0, 3, 0, 0, NULL, NULL),
	(3654, 0, 527209112, 0, 3, 0, 0, NULL, NULL),
	(3655, 0, 527309000, 0, 3, 0, 0, NULL, NULL),
	(3656, 0, 527309111, 0, 3, 0, 0, NULL, NULL),
	(3657, 0, 527309112, 0, 3, 0, 0, NULL, NULL),
	(3658, 0, 527409000, 0, 3, 0, 0, NULL, NULL),
	(3659, 0, 527409111, 0, 3, 0, 0, NULL, NULL),
	(3660, 0, 527409112, 0, 3, 0, 0, NULL, NULL),
	(3661, 0, 527519000, 0, 3, 0, 0, NULL, NULL),
	(3662, 0, 527519111, 0, 3, 0, 0, NULL, NULL),
	(3663, 0, 527519112, 0, 3, 0, 0, NULL, NULL),
	(3664, 0, 527529000, 0, 3, 0, 0, NULL, NULL),
	(3665, 0, 527529111, 0, 3, 0, 0, NULL, NULL),
	(3666, 0, 527529112, 0, 3, 0, 0, NULL, NULL),
	(3667, 0, 527539000, 0, 3, 0, 0, NULL, NULL),
	(3668, 0, 527539111, 0, 3, 0, 0, NULL, NULL),
	(3669, 0, 527539112, 0, 3, 0, 0, NULL, NULL),
	(3670, 0, 527549000, 0, 3, 0, 0, NULL, NULL),
	(3671, 0, 527549111, 0, 3, 0, 0, NULL, NULL),
	(3672, 0, 527549112, 0, 3, 0, 0, NULL, NULL),
	(3673, 0, 528109000, 0, 3, 0, 0, NULL, NULL),
	(3674, 0, 528109111, 0, 3, 0, 0, NULL, NULL),
	(3675, 0, 528209000, 0, 3, 0, 0, NULL, NULL),
	(3676, 0, 528209111, 0, 3, 0, 0, NULL, NULL),
	(3677, 0, 528309000, 0, 3, 0, 0, NULL, NULL),
	(3678, 0, 528309111, 0, 3, 0, 0, NULL, NULL),
	(3679, 0, 528409000, 0, 3, 0, 0, NULL, NULL),
	(3680, 0, 528409111, 0, 3, 0, 0, NULL, NULL),
	(3681, 0, 528519000, 0, 3, 0, 0, NULL, NULL),
	(3682, 0, 528519111, 0, 3, 0, 0, NULL, NULL),
	(3683, 0, 528529000, 0, 3, 0, 0, NULL, NULL),
	(3684, 0, 528529111, 0, 3, 0, 0, NULL, NULL),
	(3685, 0, 528539000, 0, 3, 0, 0, NULL, NULL),
	(3686, 0, 528539111, 0, 3, 0, 0, NULL, NULL),
	(3687, 0, 528549000, 0, 3, 0, 0, NULL, NULL),
	(3688, 0, 528549111, 0, 3, 0, 0, NULL, NULL),
	(3689, 0, 531109000, 0, 3, 0, 0, NULL, NULL),
	(3690, 0, 531109111, 0, 3, 0, 0, NULL, NULL),
	(3691, 0, 532109000, 0, 3, 0, 0, NULL, NULL),
	(3692, 0, 532109111, 0, 3, 0, 0, NULL, NULL),
	(3693, 0, 533109000, 0, 3, 0, 0, NULL, NULL),
	(3694, 0, 533109111, 0, 3, 0, 0, NULL, NULL),
	(3695, 0, 564109000, 0, 3, 0, 0, NULL, NULL),
	(3696, 0, 564109111, 0, 3, 0, 0, NULL, NULL),
	(3697, 0, 564109112, 0, 3, 0, 0, NULL, NULL),
	(3698, 0, 564109113, 0, 3, 0, 0, NULL, NULL),
	(3699, 0, 564109114, 0, 3, 0, 0, NULL, NULL),
	(3700, 0, 564109119, 0, 3, 0, 0, NULL, NULL),
	(3701, 0, 571109000, 0, 3, 0, 0, NULL, NULL),
	(3702, 0, 571109111, 0, 3, 0, 0, NULL, NULL),
	(3703, 0, 571209000, 0, 3, 0, 0, NULL, NULL),
	(3704, 0, 571209111, 0, 3, 0, 0, NULL, NULL),
	(3705, 0, 571209112, 0, 3, 0, 0, NULL, NULL),
	(3706, 0, 571209113, 0, 3, 0, 0, NULL, NULL),
	(3707, 0, 571209114, 0, 3, 0, 0, NULL, NULL),
	(3708, 0, 572109000, 0, 3, 0, 0, NULL, NULL),
	(3709, 0, 572109111, 0, 3, 0, 0, NULL, NULL),
	(3710, 0, 573109000, 0, 3, 0, 0, NULL, NULL),
	(3711, 0, 573109111, 0, 3, 0, 0, NULL, NULL),
	(3712, 0, 573109112, 0, 3, 0, 0, NULL, NULL),
	(3713, 0, 573109118, 0, 3, 0, 0, NULL, NULL),
	(3714, 0, 573109119, 0, 3, 0, 0, NULL, NULL),
	(3715, 0, 574109000, 0, 3, 0, 0, NULL, NULL),
	(3716, 0, 574109111, 0, 3, 0, 0, NULL, NULL),
	(3717, 0, 574109112, 0, 3, 0, 0, NULL, NULL),
	(3718, 0, 574209000, 0, 3, 0, 0, NULL, NULL),
	(3719, 0, 574209111, 0, 3, 0, 0, NULL, NULL),
	(3720, 0, 574309000, 0, 3, 0, 0, NULL, NULL),
	(3721, 0, 574309111, 0, 3, 0, 0, NULL, NULL),
	(3722, 0, 574409000, 0, 3, 0, 0, NULL, NULL),
	(3723, 0, 574409111, 0, 3, 0, 0, NULL, NULL),
	(3724, 0, 574509000, 0, 3, 0, 0, NULL, NULL),
	(3725, 0, 574509111, 0, 3, 0, 0, NULL, NULL),
	(3726, 0, 585109000, 0, 3, 0, 0, NULL, NULL),
	(3727, 0, 585109111, 0, 3, 0, 0, NULL, NULL),
	(3728, 0, 585209000, 0, 3, 0, 0, NULL, NULL),
	(3729, 0, 585209111, 0, 3, 0, 0, NULL, NULL),
	(3730, 0, 585309000, 0, 3, 0, 0, NULL, NULL),
	(3731, 0, 585309111, 0, 3, 0, 0, NULL, NULL),
	(3732, 0, 600009000, 0, 3, 0, 0, NULL, NULL),
	(3733, 0, 611109000, 0, 3, 0, 0, NULL, NULL),
	(3734, 0, 611109111, 0, 3, 0, 0, NULL, NULL),
	(3735, 0, 612109000, 0, 3, 0, 0, NULL, NULL),
	(3736, 0, 612109111, 0, 3, 0, 0, NULL, NULL),
	(3737, 0, 612209000, 0, 3, 0, 0, NULL, NULL),
	(3738, 0, 612209111, 0, 3, 0, 0, NULL, NULL),
	(3739, 0, 612309000, 0, 3, 0, 0, NULL, NULL),
	(3740, 0, 612309111, 0, 3, 0, 0, NULL, NULL),
	(3741, 0, 612409000, 0, 3, 0, 0, NULL, NULL),
	(3742, 0, 612409111, 0, 3, 0, 0, NULL, NULL),
	(3743, 0, 612909000, 0, 3, 0, 0, NULL, NULL),
	(3744, 0, 612909111, 0, 3, 0, 0, NULL, NULL),
	(3745, 0, 621109000, 0, 3, 0, 0, NULL, NULL),
	(3746, 0, 621109111, 0, 3, 0, 0, NULL, NULL),
	(3747, 0, 621109112, 0, 3, 0, 0, NULL, NULL),
	(3748, 0, 621109121, 0, 3, 0, 0, NULL, NULL),
	(3749, 0, 621109122, 0, 3, 0, 0, NULL, NULL),
	(3750, 0, 621109131, 0, 3, 0, 0, NULL, NULL),
	(3751, 0, 621109132, 0, 3, 0, 0, NULL, NULL),
	(3752, 0, 621109141, 0, 3, 0, 0, NULL, NULL),
	(3753, 0, 621109142, 0, 3, 0, 0, NULL, NULL),
	(3754, 0, 622209000, 0, 3, 0, 0, NULL, NULL),
	(3755, 0, 622209111, 0, 3, 0, 0, NULL, NULL),
	(3756, 0, 622209112, 0, 3, 0, 0, NULL, NULL),
	(3757, 0, 622309000, 0, 3, 0, 0, NULL, NULL),
	(3758, 0, 622309111, 0, 3, 0, 0, NULL, NULL),
	(3759, 0, 622309112, 0, 3, 0, 0, NULL, NULL),
	(3760, 0, 622309113, 0, 3, 0, 0, NULL, NULL),
	(3761, 0, 622309114, 0, 3, 0, 0, NULL, NULL),
	(3762, 0, 623109000, 0, 3, 0, 0, NULL, NULL),
	(3763, 0, 623109111, 0, 3, 0, 0, NULL, NULL),
	(3764, 0, 623109112, 0, 3, 0, 0, NULL, NULL),
	(3765, 0, 623209000, 0, 3, 0, 0, NULL, NULL),
	(3766, 0, 623209111, 0, 3, 0, 0, NULL, NULL),
	(3767, 0, 623209112, 0, 3, 0, 0, NULL, NULL),
	(3768, 0, 623309000, 0, 3, 0, 0, NULL, NULL),
	(3769, 0, 623309111, 0, 3, 0, 0, NULL, NULL),
	(3770, 0, 623309112, 0, 3, 0, 0, NULL, NULL),
	(3771, 0, 623409000, 0, 3, 0, 0, NULL, NULL),
	(3772, 0, 623409111, 0, 3, 0, 0, NULL, NULL),
	(3773, 0, 623409112, 0, 3, 0, 0, NULL, NULL),
	(3774, 0, 629109000, 0, 3, 0, 0, NULL, NULL),
	(3775, 0, 629109111, 0, 3, 0, 0, NULL, NULL),
	(3776, 0, 629109112, 0, 3, 0, 0, NULL, NULL),
	(3777, 0, 631109000, 0, 3, 0, 0, NULL, NULL),
	(3778, 0, 631109111, 0, 3, 0, 0, NULL, NULL),
	(3779, 0, 631109112, 0, 3, 0, 0, NULL, NULL),
	(3780, 0, 631109113, 0, 3, 0, 0, NULL, NULL),
	(3781, 0, 631109114, 0, 3, 0, 0, NULL, NULL),
	(3782, 0, 631109199, 0, 3, 0, 0, NULL, NULL),
	(3783, 0, 631209000, 0, 3, 0, 0, NULL, NULL),
	(3784, 0, 631209111, 0, 3, 0, 0, NULL, NULL),
	(3785, 0, 631309000, 0, 3, 0, 0, NULL, NULL),
	(3786, 0, 631309111, 0, 3, 0, 0, NULL, NULL),
	(3787, 0, 631309112, 0, 3, 0, 0, NULL, NULL),
	(3788, 0, 631309113, 0, 3, 0, 0, NULL, NULL),
	(3789, 0, 631409000, 0, 3, 0, 0, NULL, NULL),
	(3790, 0, 631409111, 0, 3, 0, 0, NULL, NULL),
	(3791, 0, 631809000, 0, 3, 0, 0, NULL, NULL),
	(3792, 0, 631809111, 0, 3, 0, 0, NULL, NULL),
	(3793, 0, 631909000, 0, 3, 0, 0, NULL, NULL),
	(3794, 0, 631909111, 0, 3, 0, 0, NULL, NULL),
	(3795, 0, 631909112, 0, 3, 0, 0, NULL, NULL),
	(3796, 0, 631909113, 0, 3, 0, 0, NULL, NULL),
	(3797, 0, 631909114, 0, 3, 0, 0, NULL, NULL),
	(3798, 0, 631909119, 0, 3, 0, 0, NULL, NULL),
	(3799, 0, 642109000, 0, 3, 0, 0, NULL, NULL),
	(3800, 0, 642109111, 0, 3, 0, 0, NULL, NULL),
	(3801, 0, 642209000, 0, 3, 0, 0, NULL, NULL),
	(3802, 0, 642209111, 0, 3, 0, 0, NULL, NULL),
	(3803, 0, 642309000, 0, 3, 0, 0, NULL, NULL),
	(3804, 0, 642309111, 0, 3, 0, 0, NULL, NULL),
	(3805, 0, 642359000, 0, 3, 0, 0, NULL, NULL),
	(3806, 0, 642359111, 0, 3, 0, 0, NULL, NULL),
	(3807, 0, 642409000, 0, 3, 0, 0, NULL, NULL),
	(3808, 0, 642409111, 0, 3, 0, 0, NULL, NULL),
	(3809, 0, 642509000, 0, 3, 0, 0, NULL, NULL),
	(3810, 0, 642509111, 0, 3, 0, 0, NULL, NULL),
	(3811, 0, 642609000, 0, 3, 0, 0, NULL, NULL),
	(3812, 0, 642609111, 0, 3, 0, 0, NULL, NULL),
	(3813, 0, 642709000, 0, 3, 0, 0, NULL, NULL),
	(3814, 0, 642709111, 0, 3, 0, 0, NULL, NULL),
	(3815, 0, 643109000, 0, 3, 0, 0, NULL, NULL),
	(3816, 0, 643109111, 0, 3, 0, 0, NULL, NULL),
	(3817, 0, 643209000, 0, 3, 0, 0, NULL, NULL),
	(3818, 0, 643209111, 0, 3, 0, 0, NULL, NULL),
	(3819, 0, 653109000, 0, 3, 0, 0, NULL, NULL),
	(3820, 0, 653109111, 0, 3, 0, 0, NULL, NULL),
	(3821, 0, 653109112, 0, 3, 0, 0, NULL, NULL),
	(3822, 0, 653109113, 0, 3, 0, 0, NULL, NULL),
	(3823, 0, 653109114, 0, 3, 0, 0, NULL, NULL),
	(3824, 0, 653109115, 0, 3, 0, 0, NULL, NULL),
	(3825, 0, 653109119, 0, 3, 0, 0, NULL, NULL),
	(3826, 0, 653209000, 0, 3, 0, 0, NULL, NULL),
	(3827, 0, 653209111, 0, 3, 0, 0, NULL, NULL),
	(3828, 0, 653209112, 0, 3, 0, 0, NULL, NULL),
	(3829, 0, 653209119, 0, 3, 0, 0, NULL, NULL),
	(3830, 0, 653309000, 0, 3, 0, 0, NULL, NULL),
	(3831, 0, 653309111, 0, 3, 0, 0, NULL, NULL),
	(3832, 0, 653309112, 0, 3, 0, 0, NULL, NULL),
	(3833, 0, 653309119, 0, 3, 0, 0, NULL, NULL),
	(3834, 0, 653409000, 0, 3, 0, 0, NULL, NULL),
	(3835, 0, 653409111, 0, 3, 0, 0, NULL, NULL),
	(3836, 0, 653409112, 0, 3, 0, 0, NULL, NULL),
	(3837, 0, 653409119, 0, 3, 0, 0, NULL, NULL),
	(3838, 0, 654109000, 0, 3, 0, 0, NULL, NULL),
	(3839, 0, 654109111, 0, 3, 0, 0, NULL, NULL),
	(3840, 0, 654109112, 0, 3, 0, 0, NULL, NULL),
	(3841, 0, 654109113, 0, 3, 0, 0, NULL, NULL),
	(3842, 0, 654109114, 0, 3, 0, 0, NULL, NULL),
	(3843, 0, 654109115, 0, 3, 0, 0, NULL, NULL),
	(3844, 0, 654109119, 0, 3, 0, 0, NULL, NULL),
	(3845, 0, 654209000, 0, 3, 0, 0, NULL, NULL),
	(3846, 0, 654209111, 0, 3, 0, 0, NULL, NULL),
	(3847, 0, 654209112, 0, 3, 0, 0, NULL, NULL),
	(3848, 0, 654209119, 0, 3, 0, 0, NULL, NULL),
	(3849, 0, 654309000, 0, 3, 0, 0, NULL, NULL),
	(3850, 0, 654309111, 0, 3, 0, 0, NULL, NULL),
	(3851, 0, 654309112, 0, 3, 0, 0, NULL, NULL),
	(3852, 0, 654309113, 0, 3, 0, 0, NULL, NULL),
	(3853, 0, 654309119, 0, 3, 0, 0, NULL, NULL),
	(3854, 0, 654409000, 0, 3, 0, 0, NULL, NULL),
	(3855, 0, 654409111, 0, 3, 0, 0, NULL, NULL),
	(3856, 0, 654409112, 0, 3, 0, 0, NULL, NULL),
	(3857, 0, 654509000, 0, 3, 0, 0, NULL, NULL),
	(3858, 0, 654509111, 0, 3, 0, 0, NULL, NULL),
	(3859, 0, 654509112, 0, 3, 0, 0, NULL, NULL),
	(3860, 0, 654509119, 0, 3, 0, 0, NULL, NULL),
	(3861, 0, 655109000, 0, 3, 0, 0, NULL, NULL),
	(3862, 0, 655109111, 0, 3, 0, 0, NULL, NULL),
	(3863, 0, 655109112, 0, 3, 0, 0, NULL, NULL),
	(3864, 0, 655109113, 0, 3, 0, 0, NULL, NULL),
	(3865, 0, 655109114, 0, 3, 0, 0, NULL, NULL),
	(3866, 0, 655109115, 0, 3, 0, 0, NULL, NULL),
	(3867, 0, 655109116, 0, 3, 0, 0, NULL, NULL),
	(3868, 0, 655109117, 0, 3, 0, 0, NULL, NULL),
	(3869, 0, 655109119, 0, 3, 0, 0, NULL, NULL),
	(3870, 0, 655209000, 0, 3, 0, 0, NULL, NULL),
	(3871, 0, 655209111, 0, 3, 0, 0, NULL, NULL),
	(3872, 0, 655209112, 0, 3, 0, 0, NULL, NULL),
	(3873, 0, 655209113, 0, 3, 0, 0, NULL, NULL),
	(3874, 0, 655209119, 0, 3, 0, 0, NULL, NULL),
	(3875, 0, 655309000, 0, 3, 0, 0, NULL, NULL),
	(3876, 0, 655309111, 0, 3, 0, 0, NULL, NULL),
	(3877, 0, 655309112, 0, 3, 0, 0, NULL, NULL),
	(3878, 0, 655309113, 0, 3, 0, 0, NULL, NULL),
	(3879, 0, 655309114, 0, 3, 0, 0, NULL, NULL),
	(3880, 0, 655309119, 0, 3, 0, 0, NULL, NULL),
	(3881, 0, 657109000, 0, 3, 0, 0, NULL, NULL),
	(3882, 0, 657109111, 0, 3, 0, 0, NULL, NULL),
	(3883, 0, 657209000, 0, 3, 0, 0, NULL, NULL),
	(3884, 0, 657209111, 0, 3, 0, 0, NULL, NULL),
	(3885, 0, 658109000, 0, 3, 0, 0, NULL, NULL),
	(3886, 0, 658109111, 0, 3, 0, 0, NULL, NULL),
	(3887, 0, 658909000, 0, 3, 0, 0, NULL, NULL),
	(3888, 0, 658909111, 0, 3, 0, 0, NULL, NULL),
	(3889, 0, 661109000, 0, 3, 0, 0, NULL, NULL),
	(3890, 0, 661109111, 0, 3, 0, 0, NULL, NULL),
	(3891, 0, 661109112, 0, 3, 0, 0, NULL, NULL),
	(3892, 0, 661109119, 0, 3, 0, 0, NULL, NULL),
	(3893, 0, 662109000, 0, 3, 0, 0, NULL, NULL),
	(3894, 0, 662109111, 0, 3, 0, 0, NULL, NULL),
	(3895, 0, 662209000, 0, 3, 0, 0, NULL, NULL),
	(3896, 0, 662209111, 0, 3, 0, 0, NULL, NULL),
	(3897, 0, 663109000, 0, 3, 0, 0, NULL, NULL),
	(3898, 0, 663109111, 0, 3, 0, 0, NULL, NULL),
	(3899, 0, 664109000, 0, 3, 0, 0, NULL, NULL),
	(3900, 0, 664109111, 0, 3, 0, 0, NULL, NULL),
	(3901, 0, 666109000, 0, 3, 0, 0, NULL, NULL),
	(3902, 0, 666109111, 0, 3, 0, 0, NULL, NULL),
	(3903, 0, 668109000, 0, 3, 0, 0, NULL, NULL),
	(3904, 0, 668109111, 0, 3, 0, 0, NULL, NULL),
	(3905, 0, 668109112, 0, 3, 0, 0, NULL, NULL),
	(3906, 0, 668109113, 0, 3, 0, 0, NULL, NULL),
	(3907, 0, 668109119, 0, 3, 0, 0, NULL, NULL),
	(3908, 0, 669109000, 0, 3, 0, 0, NULL, NULL),
	(3909, 0, 669109111, 0, 3, 0, 0, NULL, NULL),
	(3910, 0, 669109112, 0, 3, 0, 0, NULL, NULL),
	(3911, 0, 669909000, 0, 3, 0, 0, NULL, NULL),
	(3912, 0, 669909111, 0, 3, 0, 0, NULL, NULL),
	(3913, 0, 671109000, 0, 3, 0, 0, NULL, NULL),
	(3914, 0, 671109111, 0, 3, 0, 0, NULL, NULL),
	(3915, 0, 671109112, 0, 3, 0, 0, NULL, NULL),
	(3916, 0, 671109113, 0, 3, 0, 0, NULL, NULL),
	(3917, 0, 671109114, 0, 3, 0, 0, NULL, NULL),
	(3918, 0, 671109119, 0, 3, 0, 0, NULL, NULL),
	(3919, 0, 671109120, 0, 3, 0, 0, NULL, NULL),
	(3920, 0, 671309000, 0, 3, 0, 0, NULL, NULL),
	(3921, 0, 671309111, 0, 3, 0, 0, NULL, NULL),
	(3922, 0, 671409000, 0, 3, 0, 0, NULL, NULL),
	(3923, 0, 671409111, 0, 3, 0, 0, NULL, NULL),
	(3924, 0, 671509000, 0, 3, 0, 0, NULL, NULL),
	(3925, 0, 671509111, 0, 3, 0, 0, NULL, NULL),
	(3926, 0, 671509112, 0, 3, 0, 0, NULL, NULL),
	(3927, 0, 671609000, 0, 3, 0, 0, NULL, NULL),
	(3928, 0, 671609111, 0, 3, 0, 0, NULL, NULL),
	(3929, 0, 681109000, 0, 3, 0, 0, NULL, NULL),
	(3930, 0, 681109111, 0, 3, 0, 0, NULL, NULL),
	(3931, 0, 681109112, 0, 3, 0, 0, NULL, NULL),
	(3932, 0, 681409000, 0, 3, 0, 0, NULL, NULL),
	(3933, 0, 681409111, 0, 3, 0, 0, NULL, NULL),
	(3934, 0, 681609000, 0, 3, 0, 0, NULL, NULL),
	(3935, 0, 681609111, 0, 3, 0, 0, NULL, NULL),
	(3936, 0, 691109000, 0, 3, 0, 0, NULL, NULL),
	(3937, 0, 691109111, 0, 3, 0, 0, NULL, NULL),
	(3938, 0, 691209000, 0, 3, 0, 0, NULL, NULL),
	(3939, 0, 691209111, 0, 3, 0, 0, NULL, NULL),
	(3940, 0, 900000000, 0, 3, 0, 0, NULL, NULL),
	(3941, 0, 900009000, 0, 3, 0, 0, NULL, NULL),
	(3942, 0, 911109000, 0, 3, 0, 0, NULL, NULL),
	(3943, 0, 911109111, 0, 3, 0, 0, NULL, NULL),
	(3944, 0, 921109000, 0, 3, 0, 0, NULL, NULL),
	(3945, 0, 921109111, 0, 3, 0, 0, NULL, NULL),
	(3946, 0, 921209000, 0, 3, 0, 0, NULL, NULL),
	(3947, 0, 921209111, 0, 3, 0, 0, NULL, NULL),
	(3948, 0, 931109000, 0, 3, 0, 0, NULL, NULL),
	(3949, 0, 931109111, 0, 3, 0, 0, NULL, NULL),
	(3950, 0, 931209000, 0, 3, 0, 0, NULL, NULL),
	(3951, 0, 931209111, 0, 3, 0, 0, NULL, NULL),
	(3952, 0, 931309000, 0, 3, 0, 0, NULL, NULL),
	(3953, 0, 931309111, 0, 3, 0, 0, NULL, NULL),
	(3954, 0, 941109000, 0, 3, 0, 0, NULL, NULL),
	(3955, 0, 941109111, 0, 3, 0, 0, NULL, NULL),
	(3956, 0, 941209000, 0, 3, 0, 0, NULL, NULL),
	(3957, 0, 941209111, 0, 3, 0, 0, NULL, NULL),
	(3958, 0, 941309000, 0, 3, 0, 0, NULL, NULL),
	(3959, 0, 941309111, 0, 3, 0, 0, NULL, NULL),
	(3960, 0, 941409000, 0, 3, 0, 0, NULL, NULL),
	(3961, 0, 941409111, 0, 3, 0, 0, NULL, NULL),
	(3962, 0, 981109000, 0, 3, 0, 0, NULL, NULL),
	(3963, 0, 981109111, 0, 3, 0, 0, NULL, NULL),
	(3964, 0, 991109000, 0, 3, 0, 0, NULL, NULL),
	(3965, 0, 991109111, 0, 3, 0, 0, NULL, NULL),
	(3966, 0, 992109000, 0, 3, 0, 0, NULL, NULL),
	(3967, 0, 992109111, 0, 3, 0, 0, NULL, NULL),
	(3968, 0, 993109000, 0, 3, 0, 0, NULL, NULL),
	(3969, 0, 993109111, 0, 3, 0, 0, NULL, NULL),
	(3970, 0, 994109000, 0, 3, 0, 0, NULL, NULL),
	(3971, 0, 994109111, 0, 3, 0, 0, NULL, NULL),
	(3972, 0, 995109000, 0, 3, 0, 0, NULL, NULL),
	(3973, 0, 995109111, 0, 3, 0, 0, NULL, NULL),
	(3974, 0, 996109000, 0, 3, 0, 0, NULL, NULL),
	(3975, 0, 996109111, 0, 3, 0, 0, NULL, NULL),
	(3976, 0, 997109000, 0, 3, 0, 0, NULL, NULL),
	(3977, 0, 997109111, 0, 3, 0, 0, NULL, NULL),
	(3978, 0, 997209000, 0, 3, 0, 0, NULL, NULL),
	(3979, 0, 997209111, 0, 3, 0, 0, NULL, NULL),
	(3980, 0, 997309000, 0, 3, 0, 0, NULL, NULL),
	(3981, 0, 997309111, 0, 3, 0, 0, NULL, NULL),
	(3982, 0, 997409000, 0, 3, 0, 0, NULL, NULL),
	(3983, 0, 997409111, 0, 3, 0, 0, NULL, NULL),
	(3984, 0, 998109000, 0, 3, 0, 0, NULL, NULL),
	(3985, 0, 998109111, 0, 3, 0, 0, NULL, NULL),
	(3986, 0, 999109000, 0, 3, 0, 0, NULL, NULL),
	(3987, 0, 999109111, 0, 3, 0, 0, NULL, NULL),
	(3988, 0, NULL, 0, 1, 0, 50000, '2013-06-22 07:54:11', NULL);
/*!40000 ALTER TABLE `gl_balances` ENABLE KEYS */;


# Dumping structure for table loan_khmer.gl_list
DROP TABLE IF EXISTS `gl_list`;
CREATE TABLE IF NOT EXISTS `gl_list` (
  `gl_id` int(11) NOT NULL AUTO_INCREMENT,
  `gl_code` varchar(12) NOT NULL DEFAULT '',
  `gl_description` varchar(100) DEFAULT NULL,
  `status` int(10) DEFAULT '0',
  PRIMARY KEY (`gl_id`,`gl_code`),
  UNIQUE KEY `gl_code` (`gl_code`)
) ENGINE=InnoDB AUTO_INCREMENT=1769 DEFAULT CHARSET=utf8;

# Dumping data for table loan_khmer.gl_list: ~1,331 rows (approximately)
/*!40000 ALTER TABLE `gl_list` DISABLE KEYS */;
INSERT INTO `gl_list` (`gl_id`, `gl_code`, `gl_description`, `status`) VALUES
	(1, '100009000', 'Total Assets Control Account\r', 0),
	(2, '111109000', 'Cash in Vault and on Hand \r', 0),
	(3, '111109111', 'Cash in Vault \r', 1),
	(4, '111109112', 'Cash in Vault & Hand_PettyCash\r', 0),
	(5, '111109113', 'Cash in Till \r', 0),
	(6, '111109114', 'Cash in Vault & Hand_NOT USE\r', 0),
	(7, '111109121', 'Cash in Vault & Hand_SubBranch\r', 1),
	(8, '111109131', 'Cash in Vault & Hand_ServicePost\r', 0),
	(9, '111209000', 'Cash in Transit \r', 0),
	(10, '111209111', 'Cash Transit _HO & Branch\r', 0),
	(11, '111209112', 'Cash Transit _Branch & Branch\r', 0),
	(12, '111209113', 'Cash Transit _Branch & SubBranch\r', 0),
	(13, '111209119', 'Cash Transit _Other\r', 0),
	(14, '111309000', 'Cheques in Transit\r', 0),
	(15, '111309111', 'Cheques Transit_HO & Branch\r', 0),
	(16, '111309112', 'Cheques Transit_HO & Suppliers\r', 0),
	(17, '111309119', 'Cheques Transit_Other\r', 0),
	(18, '114109000', 'Due from NBC\r', 0),
	(19, '114109111', 'Due from NBC\r', 0),
	(20, '114209000', 'Capital Guar Depo_NBC\r', 0),
	(21, '114209111', 'Capital Guar Depo_NBC\r', 0),
	(22, '114309000', 'Reserve Req_NBC\r', 0),
	(23, '114309111', 'Reserve Req_NBC\r', 0),
	(24, '114409000', 'Other Demand Depo_ NBC\r', 0),
	(25, '114409111', 'Other Demand Depo_ NBC\r', 0),
	(26, '114609000', 'Other Term Depo_ NBC\r', 0),
	(27, '114609111', 'Other Term Depo_ NBC\r', 0),
	(28, '115109000', 'CA (Nostro)_BK rated AAA to AA-\r', 0),
	(29, '115109111', 'CA (Nostro)_BK rated AAA to AA-\r', 0),
	(30, '115209000', 'CA (Nostro)_BK rated A+ to A-\r', 0),
	(31, '115209111', 'CA (Nostro)_BK rated A+ to A-\r', 0),
	(32, '115309000', 'CA (Nostro)_BK rated below A-\r', 0),
	(33, '115309100', 'CA (Nostro)_BK rated below A-_ACLEDA\r', 0),
	(34, '115309101', 'CA (Nostro)_BK rated below A-_ACLEDA_Branch\r', 0),
	(35, '115309102', 'CA (Nostro)_BK rated below A-_ACLEDA_SubBranch\r', 0),
	(36, '115309103', 'CA (Nostro)_BK rated below A-_ACLEDA_ServicePost\r', 0),
	(37, '115309111', 'CA (Nostro)_BK rated below A-_CAMPU\r', 0),
	(38, '115309112', 'CA (Nostro)_BK rated below A-_CANADIA\r', 0),
	(39, '115309113', 'CA (Nostro)_BK rated below A-_RDB\r', 0),
	(40, '115309114', 'CA (Nostro)_BK rated below A-_ANZ\r', 0),
	(41, '115309119', 'CA (Nostro)_BK rated below A-_Other\r', 0),
	(42, '116109000', 'DD &SAV  BK rated AAA to AA-\r', 0),
	(43, '116109111', 'DD &SAV  BK rated AAA to AA-\r', 0),
	(44, '116209000', 'DD &SAV  BK rated A+ to A-\r', 0),
	(45, '116209111', 'DD &SAV  BK rated A+ to A-\r', 0),
	(46, '116309000', 'DD &SAV  BK rated below A-\r', 0),
	(47, '116309100', 'DD &SAV  BK rated below A-_ACLEDA\r', 0),
	(48, '116309101', 'DD &SAV  BK rated below A-_ACLEDA_Branch\r', 0),
	(49, '116309102', 'DD &SAV  BK rated below A-_ACLEDA_SubBranch\r', 0),
	(50, '116309103', 'DD &SAV  BK rated below A-_ACLEDA_ServicePost\r', 0),
	(51, '116309111', 'DD &SAV  BK rated below A-_CAMPU\r', 0),
	(52, '116309112', 'DD &SAV  BK rated below A-_CANADIA\r', 0),
	(53, '116309113', 'DD &SAV  BK rated below A-_RDB\r', 0),
	(54, '121109000', 'TD & Palcements BK rated AAA to AA-\r', 0),
	(55, '121109111', 'TD & Palcements BK rated AAA to AA-\r', 0),
	(56, '121209000', 'TD & Palcements BK rated A+ to A-\r', 0),
	(57, '121209111', 'TD & Palcements BK rated A+ to A-\r', 0),
	(58, '121309000', 'TD & Palcements BK rated below A-\r', 0),
	(59, '121309111', 'TD & Palcements BK rated below A-\r', 0),
	(60, '122109000', 'CL Sovereigns rated AAA to AA-\r', 0),
	(61, '122109111', 'CL Sovereigns rated AAA to AA-\r', 0),
	(62, '122209000', 'CL Sovereigns rated A+ to A-\r', 0),
	(63, '122209111', 'CL Sovereigns rated A+ to A-\r', 0),
	(64, '122309000', 'CL Sovereigns rated BBB+ to BBB-\r', 0),
	(65, '122309111', 'CL Sovereigns rated BBB+ to BBB-\r', 0),
	(66, '122409000', 'CL Sovereigns rated below BBB-\r', 0),
	(67, '122409111', 'CL Sovereigns rated below BBB-\r', 0),
	(68, '131109000', 'STDL - Groups <=1 year\r', 0),
	(69, '131109111', 'STDL - Groups <=1 year\r', 0),
	(70, '131109112', 'STDL - Groups <=1 year_PD<30\r', 0),
	(71, '131209000', 'STDL - Individuals<=1 year\r', 0),
	(72, '131209111', 'STDL - Individuals<=1 year\r', 0),
	(73, '131209112', 'STDL - Individuals<=1 year_PD<30\r', 0),
	(74, '131209113', 'STDL - Individuals_OD <=1 year\r', 0),
	(75, '131309000', 'STDL - Enterprises<=1 year\r', 0),
	(76, '131309111', 'STDL - Enterprises<=1 year\r', 0),
	(77, '131309112', 'STDL - Enterprises<=1 year_PD<30\r', 0),
	(78, '131309113', 'STDL - Enterprises_OD <=1 year\r', 0),
	(79, '131409000', 'STDL - Others<=1 year\r', 0),
	(80, '131409111', 'STDL - Others<=1 year\r', 0),
	(81, '131409112', 'STDL - Others<=1 year_PD<30\r', 0),
	(82, '131409113', 'STDL - Others_OD <=1 year\r', 0),
	(83, '131519000', 'STDL - Rela Pty<=1 year - Shareholder\r', 0),
	(84, '131519111', 'STDL - Rela Pty<=1 year - Shareholder\r', 0),
	(85, '131519112', 'STDL - Rela Pty<=1 year - Shareholder_PD<30\r', 0),
	(86, '131519113', 'STDL - Rela Pty_OD <=1 year - Shareholder\r', 0),
	(87, '131529000', 'STDL - Rela Pty<=1 year - Manager\r', 0),
	(88, '131529111', 'STDL - Rela Pty<=1 year - Manager\r', 0),
	(89, '131529112', 'STDL - Rela Pty<=1 year - Manager_PD<30\r', 0),
	(90, '131529113', 'STDL - Rela Pty_OD <=1 year - Manager\r', 0),
	(91, '131539000', 'STDL - Rela Pty<=1 year - Employee\r', 0),
	(92, '131539111', 'STDL - Rela Pty<=1 year - Employee\r', 0),
	(93, '131539112', 'STDL - Rela Pty<=1 year - Employee_PD<30\r', 0),
	(94, '131539113', 'STDL - Rela Pty_OD <=1 year - Employee\r', 0),
	(95, '131549000', 'STDL - Rela Pty<=1 year - Ex Audit\r', 0),
	(96, '131549111', 'STDL - Rela Pty<=1 year - Ex Audit\r', 0),
	(97, '131549112', 'STDL - Rela Pty<=1 year - Ex Audit_PD<30\r', 0),
	(98, '131549113', 'STDL - Rela Pty_OD <=1 year - Ex Audit\r', 0),
	(99, '132109000', 'STDL - Groups>1 year\r', 0),
	(100, '132109111', 'STDL - Groups>1 year\r', 0),
	(101, '132109112', 'STDL - Groups>1 year_PD<30\r', 0),
	(102, '132209000', 'STDL - Individuals>1 year\r', 0),
	(103, '132209111', 'STDL - Individuals>1 year\r', 0),
	(104, '132209112', 'STDL - Individuals>1 year_PD<30\r', 0),
	(105, '132309000', 'STDL - Enterprises>1 year\r', 0),
	(106, '132309111', 'STDL - Enterprises>1 year\r', 0),
	(107, '132309112', 'STDL - Enterprises>1 year_PD<30\r', 0),
	(108, '132409000', 'STDL - Others> 1 year\r', 0),
	(109, '132409111', 'STDL - Others> 1 year\r', 0),
	(110, '132409112', 'STDL - Others> 1 year_PD<30\r', 0),
	(111, '132519000', 'STDL - Rela Pty>1 year - Shareholder\r', 0),
	(112, '132519111', 'STDL - Rela Pty>1 year - Shareholder\r', 0),
	(113, '132519112', 'STDL - Rela Pty>1 year - Shareholder_PD<30\r', 0),
	(114, '132529000', 'STDL - Rela Pty>1 year - Manager\r', 0),
	(115, '132529111', 'STDL - Rela Pty>1 year - Manager\r', 0),
	(116, '132529112', 'STDL - Rela Pty>1 year - Manager_PD<30\r', 0),
	(117, '132539000', 'STDL - Rela Pty>1 year - Employee\r', 0),
	(118, '132539111', 'STDL - Rela Pty>1 year - Employee\r', 0),
	(119, '132539112', 'STDL - Rela Pty>1 year - Employee_PD<30\r', 0),
	(120, '132549000', 'STDL - Rela Pty>1 year - Ex Audit\r', 0),
	(121, '132549111', 'STDL - Rela Pty>1 year - Ex Audit\r', 0),
	(122, '132549112', 'STDL - Rela Pty>1 year - Ex Audit_PD<30\r', 0),
	(123, '141109000', 'Sub STDL - Groups<=1 year\r', 0),
	(124, '141109111', 'Sub STDL - Groups<=1 year\r', 0),
	(125, '141209000', 'Sub STDL - Individuals<=1 year\r', 0),
	(126, '141209111', 'Sub STDL - Individuals<=1 year\r', 0),
	(127, '141209112', 'Sub STDL - Individuals_OD <=1 year\r', 0),
	(128, '141309000', 'Sub STDL - Enterprises<=1 year\r', 0),
	(129, '141309111', 'Sub STDL - Enterprises<=1 year\r', 0),
	(130, '141309112', 'Sub STDL - Enterprises_OD <=1 year\r', 0),
	(131, '141409000', 'Sub STDL - Others<=1 year\r', 0),
	(132, '141409111', 'Sub STDL - Others<=1 year\r', 0),
	(133, '141409112', 'Sub STDL - Others_OD <=1 year\r', 0),
	(134, '141519000', 'Sub STDL - Rela Pty<=1 year - Shareholder\r', 0),
	(135, '141519111', 'Sub STDL - Rela Pty<=1 year - Shareholder\r', 0),
	(136, '141519112', 'Sub STDL - Rela Pty_OD <=1 year - Shareholder\r', 0),
	(137, '141529000', 'Sub STDL - Rela Pty<=1 year - Manager\r', 0),
	(138, '141529111', 'Sub STDL - Rela Pty<=1 year - Manager\r', 0),
	(139, '141529112', 'Sub STDL - Rela Pty_OD <=1 year - Manager\r', 0),
	(140, '141539000', 'Sub STDL - Rela Pty<=1 year - Employee\r', 0),
	(141, '141539111', 'Sub STDL - Rela Pty<=1 year - Employee\r', 0),
	(142, '141539112', 'Sub STDL - Rela Pty_OD <=1 year - Employee\r', 0),
	(143, '141549000', 'Sub STDL - Rela Pty<=1 year - Ex Aud\r', 0),
	(144, '141549111', 'Sub STDL - Rela Pty<=1 year - Ex Audit\r', 0),
	(145, '141549112', 'Sub STDL - Rela Pty_OD <=1 year - Ex Audit\r', 0),
	(146, '142109000', 'Sub STDL - Groups>1 year\r', 0),
	(147, '142109111', 'Sub STDL - Groups>1 year\r', 0),
	(148, '142209000', 'Sub STDL - Individuals>1 year\r', 0),
	(149, '142209111', 'Sub STDL - Individuals>1 year\r', 0),
	(150, '142309000', 'Sub STDL - Enterprises>1 year\r', 0),
	(151, '142309111', 'Sub STDL - Enterprises>1 year\r', 0),
	(152, '142409000', 'Sub STDL - Others>1 year\r', 0),
	(153, '142409111', 'Sub STDL - Others>1 year\r', 0),
	(154, '142519000', 'Sub STDL - Rela Pty>1 year - Shareholder\r', 0),
	(155, '142519111', 'Sub STDL - Rela Pty>1 year - Shareholder\r', 0),
	(156, '142529000', 'Sub STDL - Rela Pty>1 year - Manager\r', 0),
	(157, '142529111', 'Sub STDL - Rela Pty>1 year - Manager\r', 0),
	(158, '142539000', 'Sub STDL - Rela Pty>1 year - Employee\r', 0),
	(159, '142539111', 'Sub STDL - Rela Pty>1 year - Employee\r', 0),
	(160, '142549000', 'Sub STDL - Rela Pty>1 year - Ex Audit\r', 0),
	(161, '142549111', 'Sub STDL - Rela Pty>1 year - Ex Audit\r', 0),
	(162, '151109000', 'DFL - Groups<=1 year\r', 0),
	(163, '151109111', 'DFL - Groups<=1 year\r', 0),
	(164, '151209000', 'DFL - Individuals<=1 year\r', 0),
	(165, '151209111', 'DFL - Individuals<=1 year\r', 0),
	(166, '151209112', 'DFL - Individuals_OD <=1 year\r', 0),
	(167, '151309000', 'DFL - Enterprises<=1 year\r', 0),
	(168, '151309111', 'DFL - Enterprises<=1 year\r', 0),
	(169, '151309112', 'DFL - Enterprises_OD <=1 year\r', 0),
	(170, '151409000', 'DFL - Others<=1 year\r', 0),
	(171, '151409111', 'DFL - Others<=1 year\r', 0),
	(172, '151409112', 'DFL - Others_OD <=1 year\r', 0),
	(173, '151519000', 'DFL - Rela Pty<=1 year - Shareholder\r', 0),
	(174, '151519111', 'DFL - Rela Pty<=1 year - Shareholder\r', 0),
	(175, '151519112', 'DFL - Rela Pty_OD <=1 year - Shareholder\r', 0),
	(176, '151529000', 'DFL - Rela Pty<=1 year - Manager\r', 0),
	(177, '151529111', 'DFL - Rela Pty<=1 year - Manager\r', 0),
	(178, '151529112', 'DFL - Rela Pty_OD <=1 year - Manager\r', 0),
	(179, '151539000', 'DFL - Rela Pty<=1 year - Employee\r', 0),
	(180, '151539111', 'DFL - Rela Pty<=1 year - Employee\r', 0),
	(181, '151539112', 'DFL - Rela Pty_OD <=1 year - Employee\r', 0),
	(182, '151549000', 'DFL - Rela Pty<=1 year - Ex Audit\r', 0),
	(183, '151549111', 'DFL - Rela Pty<=1 year - Ex Audit\r', 0),
	(184, '151549112', 'DFL - Rela Pty_OD <=1 year - Ex Auditor\r', 0),
	(185, '152109000', 'DFL - Groups>1 year\r', 0),
	(186, '152109111', 'DFL - Groups>1 year\r', 0),
	(187, '152209000', 'DFL - Individuals>1 year\r', 0),
	(188, '152209111', 'DFL - Individuals>1 year\r', 0),
	(189, '152309000', 'DFL - Enterprises>1 year\r', 1),
	(190, '152309111', 'DFL - Enterprises>1 year\r', 0),
	(191, '152409000', 'DFL - Others>1 year\r', 0),
	(192, '152409111', 'DFL - Others>1 year\r', 0),
	(193, '152519000', 'DFL - Rela Pty>1 year - Shareholder\r', 0),
	(194, '152519111', 'DFL - Rela Pty>1 year - Shareholder\r', 0),
	(195, '152529000', 'DFL - Rela Pty>1 year - Manager\r', 0),
	(196, '152529111', 'DFL - Rela Pty>1 year - Manager\r', 0),
	(197, '152539000', 'DFL - Rela Pty>1 year - Employee\r', 0),
	(198, '152539111', 'DFL - Rela Pty>1 year - Employee\r', 0),
	(199, '152549000', 'DFL - Rela Pty>1 year - Ex Audit\r', 0),
	(200, '152549111', 'DFL - Rela Pty>1 year - Ex Audit\r', 0),
	(201, '161109000', 'LL - Groups<=1 year\r', 0),
	(202, '161109111', 'LL - Groups<=1 year\r', 0),
	(203, '161209000', 'LL - Individuals<=1 year\r', 0),
	(204, '161209111', 'LL - Individuals<=1 year\r', 0),
	(205, '161209112', 'LL - Individuals_OD <=1 year\r', 0),
	(206, '161309000', 'LL - Enterprises<=1 year\r', 0),
	(207, '161309111', 'LL - Enterprises<=1 year\r', 0),
	(208, '161309112', 'LL - Enterprises_OD <=1 year\r', 0),
	(209, '161409000', 'LL - Others<=1 year\r', 0),
	(210, '161409111', 'LL - Others<=1 year\r', 0),
	(211, '161409112', 'LL - Others_OD <=1 year\r', 0),
	(212, '161519000', 'LL - Rela Pty<=1 year - Shareholder\r', 0),
	(213, '161519111', 'LL - Rela Pty<=1 year - Shareholder\r', 0),
	(214, '161519112', 'LL - Rela Pty_OD <=1 year - Shareholder\r', 0),
	(215, '161529000', 'LL - Rela Pty<=1 year - Manager\r', 0),
	(216, '161529111', 'LL - Rela Pty<=1 year - Manager\r', 0),
	(217, '161529112', 'LL - Rela Pty_OD <=1 year - Manager\r', 0),
	(218, '161539000', 'LL - Rela Pty<=1 year - Employee\r', 0),
	(219, '161539111', 'LL - Rela Pty<=1 year - Employee\r', 0),
	(220, '161539112', 'LL - Rela Pty_OD <=1 year - Employee\r', 0),
	(221, '161549000', 'LL - Rela Pty<=1 year - Ex Audit\r', 0),
	(222, '161549111', 'LL - Rela Pty<=1 year - Ex Audit\r', 0),
	(223, '161549112', 'LL - Rela Pty_OD <=1 year - Ex Audit\r', 0),
	(224, '162109000', 'LL - Groups>1 year\r', 0),
	(225, '162109111', 'LL - Groups>1 year\r', 0),
	(226, '162209000', 'LL - Individuals>1 year\r', 0),
	(227, '162209111', 'LL - Individuals>1 year\r', 0),
	(228, '162309000', 'LL - Enterprises>1 year\r', 0),
	(229, '162309111', 'LL - Enterprises>1 year\r', 0),
	(230, '162409000', 'LL - Others>1 year\r', 0),
	(231, '162409111', 'LL - Others>1 year\r', 0),
	(232, '162519000', 'LL - Rela Pty>1 year - Shareholder\r', 0),
	(233, '162519111', 'LL - Rela Pty>1 year - Shareholder\r', 0),
	(234, '162529000', 'LL - Rela Pty>1 year - Manager\r', 0),
	(235, '162529111', 'LL - Rela Pty>1 year - Manager\r', 0),
	(236, '162539000', 'LL - Rela Pty>1 year - Employee\r', 0),
	(237, '162539111', 'LL - Rela Pty>1 year - Employee\r', 0),
	(238, '162549000', 'LL - Rela Pty>1 year - Ex Audit\r', 0),
	(239, '162549111', 'LL - Rela Pty>1 year - Ex Audit\r', 0),
	(240, '171109000', '(Less) Reser Spec LL\r', 0),
	(241, '171109111', '(Less) Reser Spec LL_Group\r', 0),
	(242, '171109112', '(Less) Reser Spec LL_Individual\r', 0),
	(243, '171109113', '(Less) Reser Spec LL_Enterprises\r', 0),
	(244, '171109114', '(Less) Reser Spec LL_Related Parties\r', 0),
	(245, '171109115', '(Less) Reser Spec LL_OD\r', 0),
	(246, '171109119', '(Less) Reser Spec LL_Others\r', 0),
	(247, '171209000', '(Less) Reser Gen LL\r', 0),
	(248, '171209111', '(Less) Reser Gen LL_Group\r', 0),
	(249, '171209112', '(Less) Reser Gen LL_Individual\r', 0),
	(250, '171209113', '(Less) Reser Gen LL_Enterprises\r', 0),
	(251, '171209114', '(Less) Reser Gen LL_Related Parties\r', 0),
	(252, '171209115', '(Less) Reser Gen LL_OD\r', 0),
	(253, '171209119', '(Less) Reser Gen LL_Others\r', 0),
	(254, '200009000', 'Total Assets Control Account\r', 0),
	(255, '211009000', 'Inv Debt Security - HTM\r', 0),
	(256, '211009111', 'Inv Debt Security - HTM\r', 0),
	(257, '211609000', 'Accum Preemium (Discount) - HTM\r', 0),
	(258, '211609111', 'Accum Preemium (Discount) - HTM\r', 0),
	(259, '212009000', 'Inv Debt Security - AFS\r', 0),
	(260, '212009111', 'Inv Debt Security - AFS\r', 0),
	(261, '212609000', 'Accum Premium (Discount) - AFS\r', 0),
	(262, '212609111', 'Accum Premium (Discount) - AFS\r', 0),
	(263, '213809000', 'Other Inv Security\r', 0),
	(264, '213809111', 'Other Inv Security\r', 0),
	(265, '214909000', 'Investment in Equity Capital\r', 0),
	(266, '214909111', 'Investment in Equity Capital\r', 0),
	(267, '215609000', 'Net Unrealized Holding Gains (Loss) \r', 0),
	(268, '215609111', 'Net Unrealized Holding Gains (Loss) - AFS\r', 0),
	(269, '221109000', 'Prepaid Insurance\r', 0),
	(270, '221109111', 'Prepaid Insurance\r', 0),
	(271, '221209000', 'Prepaid Deposit Insurance Assessment\r', 0),
	(272, '221209111', 'Prepaid Deposit Insurance Assessment\r', 0),
	(273, '221309000', 'Prepaid Service/Maintenance Contract\r', 0),
	(274, '221309111', 'Prepaid Service / Maintenance Contracts\r', 0),
	(275, '221409000', 'Prepaid Professional Fees\r', 0),
	(276, '221409111', 'Prepaid Professional Fees\r', 0),
	(277, '221509000', 'Prepaid Rent\r', 0),
	(278, '221509111', 'Prepaid Rent\r', 0),
	(279, '221609000', 'Prepaid Profit Tax\r', 0),
	(280, '221609111', 'Prepaid Profit Tax\r', 0),
	(281, '222309000', 'Advance Payment or Deposits\r', 0),
	(282, '222309111', 'Advance Payment or Deposits_Travel & Mission\r', 0),
	(283, '222309112', 'Advance Payment or Deposits_Purchases\r', 0),
	(284, '222309113', 'Advance Payment or Deposits_Rental\r', 0),
	(285, '222309119', 'Advance Payment or Deposits_Others\r', 0),
	(286, '222409000', 'Purchased Interest Receivable\r', 0),
	(287, '222409111', 'Purchased Interest Receivable\r', 0),
	(288, '222509000', 'Stationary Supply & Inventory\r', 0),
	(289, '222509111', 'Stationary Supply & Inventory\r', 0),
	(290, '231109000', 'AIR - Due from NBC\r', 0),
	(291, '231109111', 'AIR - Due from NBC\r', 0),
	(292, '231209000', 'AIR - Capital Guar Depo  with NBC\r', 0),
	(293, '231209111', 'AIR - Capital Guar Depo  with NBC\r', 0),
	(294, '231309000', 'AIR - Other Demand Depo with NBC\r', 0),
	(295, '231309112', 'AIR - Other Demand Depo with NBC\r', 0),
	(296, '231609000', 'AIR - Other Term Depo with NBC\r', 0),
	(297, '231609113', 'AIR - Other Term Depo with NBC\r', 0),
	(298, '232109000', 'AIR-DD&SAV Depo BK rated AAA to AA-\r', 0),
	(299, '232109111', 'AIR - DD & SAV Depo  BK rated AAA to AA-\r', 0),
	(300, '232209000', 'AIR-DD & SAV Depo  BK rated A+ to A-\r', 0),
	(301, '232209111', 'AIR - DD & SAV Depo  BK rated A+ to A-\r', 0),
	(302, '232309000', 'AIR-DD & SAV Depo  BK rated below A-\r', 0),
	(303, '232309111', 'AIR - DD & SAV Depo  BK rated below A-\r', 0),
	(304, '233109000', 'AIR-TD & Placement BK rated AAA to AA-\r', 0),
	(305, '233109111', 'AIR - TD & Placement BK rated AAA to AA-\r', 0),
	(306, '233209000', 'AIR-TD & Placement BK rated A+ to A-\r', 0),
	(307, '233209111', 'AIR - TD & Placement BK rated A+ to A-\r', 0),
	(308, '233309000', 'AIR-TD & Placement BK rated below A-\r', 0),
	(309, '233309111', 'AIR - TD & Placement BK rated A+ to A-\r', 0),
	(310, '234109000', 'AIR - Claims  Sovereigns rated AAA to AA-\r', 0),
	(311, '234109111', 'AIR - Claims  Sovereigns rated AAA to AA-\r', 0),
	(312, '234209000', 'AIR - Claims Sovereigns rated A+ to A-\r', 0),
	(313, '234209111', 'AIR - Claims  Sovereigns rated A+ to A-\r', 0),
	(314, '234309000', 'AIR - Claims  Sovereigns rated BBB+ to BBB-\r', 0),
	(315, '234309111', 'AIR - Claims  Sovereigns rated BBB+ to BBB-\r', 0),
	(316, '234409000', 'AIR - Claims Sovereigns rated below BBB-\r', 0),
	(317, '234409111', 'AIR - Claims  Sovereigns rated below BBB-\r', 0),
	(318, '241009000', 'AIR-Investment Debt Securities - HTM\r', 0),
	(319, '241009111', 'AIR - Investment Debt Securities - HTM \r', 0),
	(320, '242009000', 'AIR-Investment Debt Securities-AFS\r', 0),
	(321, '242009111', 'AIR - Investment Debt Securities - AFS\r', 0),
	(322, '243009000', 'AIR - Other Investment\r', 0),
	(323, '243009111', 'AIR - Other Investment \r', 0),
	(324, '251109000', 'AIR - STDL - Groups <=1 year\r', 0),
	(325, '251109111', 'AIR - STDL - Groups <=1 year\r', 0),
	(326, '251209000', 'AIR - STDL - Individuals<=1 year\r', 0),
	(327, '251209111', 'AIR - STDL - Individuals<=1 year\r', 0),
	(328, '251209112', 'AIR - STDL - Individuals_OD <=1 year\r', 0),
	(329, '251309000', 'AIR - STDL - Enterprises<=1 year\r', 0),
	(330, '251309111', 'AIR - STDL - Enterprises<=1 year\r', 0),
	(331, '251309112', 'AIR - STDL - Enterprises_OD <=1 year\r', 0),
	(332, '251409000', 'AIR - STDL - Others<=1 year\r', 0),
	(333, '251409111', 'AIR - STDL - Others<=1 year\r', 0),
	(334, '251409112', 'AIR - STDL - Others_OD <=1 year\r', 0),
	(335, '251519000', 'AIR - STDL - Rela Pty<=1 year-Shareholder\r', 0),
	(336, '251519111', 'AIR - STDL - Rela Pty<=1 year - SHolder\r', 0),
	(337, '251519112', 'AIR - STDL - Rela Pty_OD <=1 year - Shareholder\r', 0),
	(338, '251529000', 'AIR - STDL - Rela Pty<=1 year-Manager\r', 0),
	(339, '251529111', 'AIR - STDL - Rela Pty<=1 year - Manager\r', 0),
	(340, '251529112', 'AIR - STDL - Rela Pty_OD <=1 year - Manager\r', 0),
	(341, '251539000', 'AIR - STDL - Rela Pty<=1 year-Employee\r', 0),
	(342, '251539111', 'AIR - STDL - Rela Pty<=1 year - Employee\r', 0),
	(343, '251539112', 'AIR - STDL - Rela Pty_OD <=1 year - Employee\r', 0),
	(344, '251549000', 'AIR - STDL - Rela Pty<=1 year-Ex Audit\r', 0),
	(345, '251549111', 'AIR - STDL - Rela Pty<=1 year - Ex Audit\r', 0),
	(346, '251549112', 'AIR - STDL - Rela Pty_OD <=1 year - Ex Auditor\r', 0),
	(347, '252109000', 'AIR - STDL - Groups>1 year\r', 0),
	(348, '252109111', 'AIR - STDL - Groups>1 year\r', 0),
	(349, '252209000', 'AIR - STDL - Individuals>1 year\r', 0),
	(350, '252209111', 'AIR - STDL - Individuals>1 year\r', 0),
	(351, '252309000', 'AIR - STDL - Enterprises>1 year\r', 0),
	(352, '252309111', 'AIR - STDL - Enterprises>1 year\r', 0),
	(353, '252409000', 'AIR - STDL - Others> 1 year\r', 0),
	(354, '252409111', 'AIR - STDL - Others> 1 year\r', 0),
	(355, '252519000', 'AIR - STDL - Rela Pty>1 year-Shareholder\r', 0),
	(356, '252519111', 'AIR - STDL - Rela Pty>1 year - Shareholder\r', 0),
	(357, '252529000', 'AIR - STDL - Rela Pty>1 year-Manager\r', 0),
	(358, '252529111', 'AIR - STDL - Rela Pty>1 year - Manager\r', 0),
	(359, '252539000', 'AIR - STDL - Rela Pty>1 year-Employee\r', 0),
	(360, '252539111', 'AIR - STDL - Rela Pty>1 year - Employee\r', 0),
	(361, '252549000', 'AIR - STDL - Rela Pty>1 year - Ex Audit\r', 0),
	(362, '252549111', 'AIR - STDL - Rela Pty>1 year - Ex Audit\r', 0),
	(363, '261109000', 'AIR - Sub STDL - Groups<=1 year\r', 0),
	(364, '261109111', 'AIR - Sub STDL - Groups<=1 year\r', 0),
	(365, '261209000', 'AIR - Sub STDL - Individuals<=1 year\r', 0),
	(366, '261209111', 'AIR - Sub STDL - Individuals<=1 year\r', 0),
	(367, '261209112', 'AIR - Sub STDL - Individuals_OD <=1 year\r', 0),
	(368, '261309000', 'AIR - Sub STDL - Enterprises<=1 year\r', 0),
	(369, '261309111', 'AIR - Sub STDL - Enterprises<=1 year\r', 0),
	(370, '261309112', 'AIR - Sub STDL - Enterprises_OD <=1 year\r', 0),
	(371, '261409000', 'AIR - Sub STDL - Others<=1 year\r', 0),
	(372, '261409111', 'AIR - Sub STDL - Others<=1 year\r', 0),
	(373, '261409112', 'AIR - Sub STDL - Others_OD <=1 year\r', 0),
	(374, '261519000', 'AIR - Sub STDL - Rela Pty<=1year-Shareholder\r', 0),
	(375, '261519111', 'AIR - Sub STDL - Rela Pty<=1 year - SHolder\r', 0),
	(376, '261519112', 'AIR - Sub STDL - Rela Pty_OD <=1 year - Shareholder\r', 0),
	(377, '261529000', 'AIR - Sub STDL - Rela Pty<=1 year - Manager\r', 0),
	(378, '261529111', 'AIR - Sub STDL - Rela Pty<=1 year - Manager\r', 0),
	(379, '261529112', 'AIR - Sub STDL - Rela Pty_OD <=1 year - Manager\r', 0),
	(380, '261539000', 'AIR - Sub STDL - Rela Pty<=1 year - Employee\r', 0),
	(381, '261539111', 'AIR - Sub STDL - Rela Pty<=1 year - Employee\r', 0),
	(382, '261539112', 'AIR - Sub STDL - Rela Pty_OD <=1 year - Employee\r', 0),
	(383, '261549000', 'AIR - Sub STDL - Rela Pty<=1year - Ex Audit\r', 0),
	(384, '261549111', 'AIR - Sub STDL - Rela Pty<=1 year - Ex Audit\r', 0),
	(385, '261549112', 'AIR - Sub STDL - Rela Pty_OD <=1 year - Ex Audit\r', 0),
	(386, '262109000', 'AIR - Sub STDL - Groups>1 year\r', 0),
	(387, '262109111', 'AIR - Sub STDL - Groups>1 year\r', 0),
	(388, '262209000', 'AIR - Sub STDL - Individuals>1 year\r', 0),
	(389, '262209111', 'AIR - Sub STDL - Individuals>1 year\r', 0),
	(390, '262309000', 'AIR - Sub STDL - Enterprises>1 year\r', 0),
	(391, '262309111', 'AIR - Sub STDL - Enterprises>1 year\r', 0),
	(392, '262409000', 'AIR - Sub STDL - Others>1 year\r', 0),
	(393, '262409111', 'AIR - Sub STDL - Others>1 year\r', 0),
	(394, '262519000', 'AIR - Sub STDL - Rela Pty>1year-Shareholder\r', 0),
	(395, '262519111', 'AIR - Sub STDL - Rela Pty>1 year - Shareholder\r', 0),
	(396, '262529000', 'AIR - Sub STDL - Rela Pty>1 year-Manager\r', 0),
	(397, '262529111', 'AIR - Sub STDL - Rela Pty>1 year - Manager\r', 0),
	(398, '262539000', 'AIR - Sub STDL - Rela Pty>1 year-Employee\r', 0),
	(399, '262539111', 'AIR - Sub STDL - Rela Pty>1 year - Employee\r', 0),
	(400, '262549000', 'AIR - Sub STDL - Rela Pty>1 year-Ex Audit\r', 0),
	(401, '262549111', 'AIR - Sub STDL - Rela Pty>1 year - Ex Audit\r', 0),
	(402, '271109000', 'AIR - DFL - Groups<=1 year\r', 0),
	(403, '271109111', 'AIR - DFL - Groups<=1 year\r', 0),
	(404, '271209000', 'AIR - DFL - Individuals<=1 year\r', 0),
	(405, '271209111', 'AIR - DFL - Individuals<=1 year\r', 0),
	(406, '271209112', 'AIR - DFL - Individuals_OD <=1 year\r', 0),
	(407, '271309000', 'AIR - DFL - Enterprises<=1 year\r', 0),
	(408, '271309111', 'AIR - DFL - Enterprises<=1 year\r', 0),
	(409, '271309112', 'AIR - DFL - Enterprises_OD <=1 year\r', 0),
	(410, '271409000', 'AIR - DFL - Others<=1 year\r', 0),
	(411, '271409111', 'AIR - DFL - Others<=1 year\r', 0),
	(412, '271409112', 'AIR - DFL - Others_OD <=1 year\r', 0),
	(413, '271519000', 'AIR - DFL - Rela Pty<=1year-Shareholder\r', 0),
	(414, '271519111', 'AIR - DFL - Rela Pty<=1 year - Shareholder\r', 0),
	(415, '271519112', 'AIR - DFL - Rela Pty_OD <=1 year - Shareholder\r', 0),
	(416, '271529000', 'AIR - DFL - Rela Pty<=1year-Manager\r', 0),
	(417, '271529111', 'AIR - DFL - Rela Pty<=1 year - Manager\r', 0),
	(418, '271529112', 'AIR - DFL - Rela Pty_OD <=1 year - Manager\r', 0),
	(419, '271539000', 'AIR - DFL - Rela Pty<=1year-Employee\r', 0),
	(420, '271539111', 'AIR - DFL - Rela Pty<=1 year - Employee\r', 0),
	(421, '271539112', 'AIR - DFL - Rela Pty_OD <=1 year - Employee\r', 0),
	(422, '271549000', 'AIR - DFL - Rela Pty<=1 year-Ex Audit\r', 0),
	(423, '271549111', 'AIR - DFL - Rela Pty<=1 year - Ex Audit\r', 0),
	(424, '271549112', 'AIR - DFL - Rela Pty_OD <=1 year - Ex Auditor\r', 0),
	(425, '272109000', 'AIR - DFL - Groups>1 year\r', 0),
	(426, '272109111', 'AIR - DFL - Groups>1 year\r', 0),
	(427, '272209000', 'AIR - DFL - Individuals>1 year\r', 0),
	(428, '272209111', 'AIR - DFL - Individuals>1 year\r', 0),
	(429, '272309000', 'AIR - DFL - Enterprises>1 year\r', 0),
	(430, '272309111', 'AIR - DFL - Enterprises>1 year\r', 0),
	(431, '272409000', 'AIR - DFL - Others>1 year\r', 0),
	(432, '272409111', 'AIR - DFL - Others>1 year\r', 0),
	(433, '272519000', 'AIR - DFL - Rela Pty>1year - Shareholder\r', 0),
	(434, '272519111', 'AIR - DFL - Rela Pty>1 year - Shareholder\r', 0),
	(435, '272529000', 'AIR - DFL - Rela Pty>1year - Manager\r', 0),
	(436, '272529111', 'AIR - DFL - Rela Pty>1 year - Manager\r', 0),
	(437, '272539000', 'AIR - DFL - Rela Pty>1year-Employee\r', 0),
	(438, '272539111', 'AIR - DFL - Rela Pty>1 year - Employee\r', 0),
	(439, '272549000', 'AIR - DFL - Rela Pty>1year-Ex Audit\r', 0),
	(440, '272549111', 'AIR - DFL - Rela Pty>1 year - Ex Audit\r', 0),
	(441, '281109000', 'AIR - LL - Groups<=1 year\r', 0),
	(442, '281109111', 'AIR - LL - Groups<=1 year\r', 0),
	(443, '281209000', 'AIR - LL - Individuals<=1 year\r', 0),
	(444, '281209111', 'AIR - LL - Individuals<=1 year\r', 0),
	(445, '281209112', 'AIR - LL - Individuals_OD <=1 year\r', 0),
	(446, '281309000', 'AIR - LL - Enterprises<=1 year\r', 0),
	(447, '281309111', 'AIR - LL - Enterprises<=1 year\r', 0),
	(448, '281309112', 'AIR - LL - Enterprises_OD <=1 year\r', 0),
	(449, '281409000', 'AIR - LL - Others<=1 year\r', 0),
	(450, '281409111', 'AIR - LL - Others<=1 year\r', 0),
	(451, '281409112', 'AIR - LL - Others_OD <=1 year\r', 0),
	(452, '281519000', 'AIR - LL - Rela Pty<=1year-Shareholder\r', 0),
	(453, '281519111', 'AIR - LL - Rela Pty<=1 year - Shareholder\r', 0),
	(454, '281519112', 'AIR - LL - Rela Pty_OD <=1 year - Shareholder\r', 0),
	(455, '281529000', 'AIR - LL - Rela Pty<=1 year -Manager\r', 0),
	(456, '281529111', 'AIR - LL - Rela Pty<=1 year - Manager\r', 0),
	(457, '281529112', 'AIR - LL - Rela Pty_OD <=1 year - Manager\r', 0),
	(458, '281539000', 'AIR - LL - Rela Pty<=1 year-Employee\r', 0),
	(459, '281539111', 'AIR - LL - Rela Pty<=1 year - Employee\r', 0),
	(460, '281539112', 'AIR - LL - Rela Pty_OD <=1 year - Employee\r', 0),
	(461, '281549000', 'AIR - LL - Rela Pty<=1 year-Ex Audit\r', 0),
	(462, '281549111', 'AIR - LL - Rela Pty<=1 year - Ex Audit\r', 0),
	(463, '281549112', 'AIR - LL - Rela Pty_OD <=1 year - Ex Auditor\r', 0),
	(464, '282109000', 'AIR - LL - Groups>1 year\r', 0),
	(465, '282109111', 'AIR - LL - Groups>1 year\r', 0),
	(466, '282209000', 'AIR - LL - Individuals>1 year\r', 0),
	(467, '282209111', 'AIR - LL - Individuals>1 year\r', 0),
	(468, '282309000', 'AIR - LL - Enterprises>1 year\r', 0),
	(469, '282309111', 'AIR - LL - Enterprises>1 year\r', 0),
	(470, '282409000', 'AIR - LL - Others>1 year\r', 0),
	(471, '282409111', 'AIR - LL - Others>1 year\r', 0),
	(472, '282519000', 'AIR - LL - Rela Pty>1year-Shareholder\r', 0),
	(473, '282519111', 'AIR - LL - Rela Pty>1 year - Shareholder\r', 0),
	(474, '282529000', 'AIR - LL - Rela Pty>1 year - Manager\r', 0),
	(475, '282529111', 'AIR - LL - Rela Pty>1 year - Manager\r', 0),
	(476, '282539000', 'AIR - LL - Rela Pty>1 year - Employee\r', 0),
	(477, '282539111', 'AIR - LL - Rela Pty>1 year - Employee\r', 0),
	(478, '282549000', 'AIR - LL - Rela Pty>1 year - Ex Audit\r', 0),
	(479, '282549111', 'AIR - LL - Rela Pty>1 year - Ex Audit\r', 0),
	(480, '289709000', 'Accounts Receivable \r', 0),
	(481, '289709111', 'Accounts Receivable_Fees on Borrowing\r', 0),
	(482, '289709112', 'Accounts Receivable_Other\r', 0),
	(483, '289809000', 'Inc Tax Receivable/Recoverable\r', 0),
	(484, '289809111', 'Inc Tax Receivable/Recoverable\r', 0),
	(485, '289909000', 'Dividends Receivable\r', 0),
	(486, '289909111', 'Dividends Receivable\r', 0),
	(487, '291109000', 'Land \r', 0),
	(488, '291109111', 'Land \r', 0),
	(489, '291209000', 'Land Improvement\r', 0),
	(490, '291209111', 'Land Improvement\r', 0),
	(491, '292109000', 'Building \r', 0),
	(492, '292109111', 'Building \r', 0),
	(493, '292209000', 'Leasehold Improvement\r', 0),
	(494, '292209111', 'Leasehold Improvement\r', 0),
	(495, '292309000', 'FA Under Construction/Development\r', 0),
	(496, '292309111', 'FA Under Construction/Development\r', 0),
	(497, '293109000', 'Furniture and Fixtures\r', 0),
	(498, '293109111', 'Furniture and Fixtures\r', 0),
	(499, '293209000', 'Equipment\r', 0),
	(500, '293209111', 'Equipment\r', 0),
	(501, '293309000', 'Computer Equipment\r', 0),
	(502, '293309111', 'Computer Equipment\r', 0),
	(503, '293409000', 'Motor Vehicles\r', 0),
	(504, '293409111', 'Motor Vehicles\r', 0),
	(505, '293509000', 'Other Fixed Assets\r', 0),
	(506, '293509111', 'Other Fixed Assets\r', 0),
	(507, '294109000', 'Accum Depr - Land Improve\r', 0),
	(508, '294109111', 'Accum Depr - Land Improve\r', 0),
	(509, '294209000', 'Accum Depr - Buildings\r', 0),
	(510, '294209111', 'Accum Depr - Buildings \r', 0),
	(511, '294309000', 'Accum Depr - Leasehold Improve\r', 0),
	(512, '294309111', 'Accum Depr - Leasehold Improve \r', 0),
	(513, '294409000', 'Accum Depr - Furniture and Fixtures\r', 0),
	(514, '294409111', 'Accum Depr - Furniture and Fixtures \r', 0),
	(515, '294509000', 'Accum Depr - Equipment\r', 0),
	(516, '294509111', 'Accum Depr - Equipment \r', 0),
	(517, '294609000', 'Accum Depr - Computer Equipment \r', 0),
	(518, '294609111', 'Accum Depr - Computer Equipment \r', 0),
	(519, '294709000', 'Accum Depr - Motor Vehicles\r', 0),
	(520, '294709111', 'Accum Depr - Motor Vehicles \r', 0),
	(521, '294809000', 'Accum Depr - Other Fixed Assets\r', 0),
	(522, '294809111', 'Accum Depr - Other Fixed Assets \r', 0),
	(523, '294919000', 'Amort - Intangible Assets\r', 0),
	(524, '294919111', 'Amort - Intangible Assets \r', 0),
	(525, '294929000', 'Amort - Formation Exps\r', 0),
	(526, '294929111', 'Amort - Formation Exps\r', 0),
	(527, '295109000', 'Formation Exps\r', 0),
	(528, '295109111', 'Formation Exps\r', 0),
	(529, '295209000', 'Intangible Assets\r', 0),
	(530, '295209111', 'Intangible Assets\r', 0),
	(531, '296509000', 'Inter-Branch Accounts\r', 0),
	(532, '296509001', 'IBA_Pursat (PUR)\r', 0),
	(533, '296509002', 'IBA_Kampong Thom (KTM)\r', 0),
	(534, '296509003', 'IBA_Siem Reap (SRP)\r', 0),
	(535, '296509004', 'IBA_Banteay Meanchey (BMC)\r', 0),
	(536, '296509005', 'IBA_Phnom Penh (PNP)\r', 0),
	(537, '296509006', 'IBA_Kampong Cham (KCM)\r', 0),
	(538, '296509007', 'IBA_Battambang (BTB)\r', 0),
	(539, '296509008', 'IBA_Kampong Chnang (KCG)\r', 0),
	(540, '296509009', 'IBA_Takeo (TAK)\r', 0),
	(541, '296509010', 'IBA_Pre Veng (PVG)\r', 0),
	(542, '296509011', 'IBA_Takhmao (TMO)\r', 0),
	(543, '296509012', 'IBA_Svay Rieng (SVG)\r', 0),
	(544, '296509013', 'IBA_Kampong Speu (KSP)\r', 0),
	(545, '296509014', 'IBA_Kamport (KPT)\r', 0),
	(546, '296509015', 'IBA_Koh Kong (KKG)\r', 0),
	(547, '296509016', 'IBA_Sihanuk Ville (SNV)\r', 0),
	(548, '296509017', 'IBA_Kratie (KTE)\r', 0),
	(549, '296509018', 'IBA_KTM_Staung (STN)\r', 0),
	(550, '296509019', 'IBA_PNP_Dongkor (DKO)\r', 0),
	(551, '296509020', 'IBA_KCM_Thoung Khum (TKM)\r', 0),
	(552, '296509021', 'IBA_PNP_Doun Penh (DNP)\r', 0),
	(553, '296509022', 'IBA_SRP_Chi Kreng (CKG)\r', 0),
	(554, '296509023', 'IBA_SRP_Sothnikum (SNK)\r', 0),
	(555, '296509024', 'IBA_BMC_Pioy Pet (PPT)\r', 0),
	(556, '296509025', 'IBA_SRP_Pouk (PUK)\r', 0),
	(557, '296509026', 'IBA_KTM_Baray (BRY)\r', 0),
	(558, '296509027', 'IBA_PUR_Bakan (BKN)\r', 0),
	(559, '296509028', 'IBA_KCM_Memut (MMT)\r', 0),
	(560, '296509029', 'IBA_KDL_Mukampoul (MKP)\r', 0),
	(561, '296509030', 'IBA_BMC_Thmor Pouk (TPK)\r', 0),
	(562, '296509031', 'IBA_KCM_Pre Chhor (PCH)\r', 0),
	(563, '296509032', 'IBA_PNP_Operational Office (OPO)\r', 0),
	(564, '296509033', 'IBA_BTB_Bavel (BVL)\r', 0),
	(565, '296509034', 'IBA_Ortdor Meanchey (OMC)\r', 0),
	(566, '296509035', 'IBA_Preah Vihear (PVH)\r', 0),
	(567, '296509036', 'IBA_Stung Treng (STG)\r', 0),
	(568, '296509037', 'IBA_Ratanakiri (RKR)\r', 0),
	(569, '296509038', 'IBA_Mondul Kiri (MKR)\r', 0),
	(570, '296509039', 'IBA_Pailin (PLN)\r', 0),
	(571, '296509040', 'IBA_Kep (KEP)\r', 0),
	(572, '296509041', 'IBA_SRP_Krong Siem Reap \r', 0),
	(573, '296509042', 'IBA_OMC_Along Veng\r', 0),
	(574, '296509043', 'IBA_PVH_Rovieng\r', 0),
	(575, '296509044', 'IBA_TKM_Sandan\r', 0),
	(576, '296509045', 'IBA_BMC_Mongkoul Borey\r', 0),
	(577, '296509046', 'IBA_PNP_Boung Trabek\r', 0),
	(578, '296509047', 'IBA_KDL_Kien Svay\r', 0),
	(579, '296509048', 'IBA_KCM_Chamkar Leu\r', 0),
	(580, '296509049', 'IBA_BTB_Rothanak Mundol\r', 0),
	(581, '296509050', 'IBA_TAK_Bati\r', 0),
	(582, '296509051', 'IBA_PVG_Neak Leurng\r', 0),
	(583, '296509052', 'IBA_PVG_Svay Antor\r', 0),
	(584, '296509053', 'IBA_KDL_Ang Snoul\r', 0),
	(585, '296509054', 'IBA_PNP_Russey Keo\r', 0),
	(586, '296509055', 'IBA_PNP_Preak Leap\r', 0),
	(587, '296509056', 'IBA_KDL_Koh Thom\r', 0),
	(588, '296509057', 'IBA_KDL_Saang\r', 0),
	(589, '296509058', 'IBA_BMC_Malai\r', 0),
	(590, '296509059', 'IBA_SRP_Krolanh\r', 0),
	(591, '296509060', 'IBA_BTB_Moung Russey\r', 0),
	(592, '296509061', 'IBA_KCM_Ponhea Kraek\r', 0),
	(593, '296509062', 'IBA_BTB_Thmor Koul\r', 0),
	(594, '296509063', 'IBA_KTE_Chloung\r', 0),
	(595, '296509064', 'IBA_SRP_Bakorng\r', 0),
	(596, '296509065', 'IBA_KCM_Batheay\r', 0),
	(597, '296509066', 'IBA_TAK_Kiribvong\r', 0),
	(598, '296509999', 'IBA_Head Office (HO)\r', 0),
	(599, '296609111', 'Equiv FOREX Position Acct\r', 0),
	(600, '296709000', 'Suspense Asset Account \r', 0),
	(601, '296709111', 'Suspense Asset Account\r', 0),
	(602, '296709112', 'OFSS Value Date Mismatch Suspense GL\r', 0),
	(603, '296709113', 'OFSS Error Posting & Suspense Account\r', 0),
	(604, '296709114', 'Account to Account Transfers\r', 0),
	(605, '296709115', 'Items for Clearification\r', 0),
	(606, '296709116', 'Suspense Asset Account_Others\r', 0),
	(607, '296709117', 'Suspense Asset Account_Cash Shortage/ Overage\r', 0),
	(608, '296709211', 'Debit Settlement Bridge for Loans\r', 1),
	(609, '296809000', 'Other Sundry Assets \r', 0),
	(610, '296809111', 'Other Sundry Assets \r', 0),
	(611, '300009000', 'Total Liabilities Control Account\r', 0),
	(612, '321109000', 'Amounts owed to NBC\r', 0),
	(613, '321109111', 'Amounts owed to NBC\r', 0),
	(614, '322109000', 'Voluntary Depo - Demand\r', 0),
	(615, '322109111', 'Voluntary Depo - Demand\r', 0),
	(616, '322209000', 'Voluntary Deposits - Savings\r', 1),
	(617, '322209111', 'Voluntary Depo - Savings\r', 0),
	(618, '322309000', 'Voluntary Deposits - Term\r', 0),
	(619, '322309111', 'Voluntary Depo - Term\r', 0),
	(620, '322409000', 'Voluntary Depo - Other\r', 0),
	(621, '322409111', 'Voluntary Depo - Other\r', 0),
	(622, '322909000', 'Compulsory Deposits\r', 0),
	(623, '322909111', 'Compulsory Depo\r', 0),
	(624, '322909119', 'Compulsory Depo - Other\r', 0),
	(625, '331109000', 'Short-term loans payable\r', 1),
	(626, '331109111', 'ST_Borrow Funds - Shareholder \r', 0),
	(627, '331109112', '"ST_Borrow Funds - Corp, Associa , Org"\r\n331109113,ST_Borrow Funds -  Banks\r\n331109114,ST_Borrow Fun', 0),
	(1050, '331109113', 'ST_Borrow Funds -  Banks\r', 0),
	(1051, '331109114', 'ST_Borrow Funds - Other Finan Inst\r', 0),
	(1052, '332109000', 'Senior Debt\r', 0),
	(1053, '332109111', 'Senior Debt\r', 0),
	(1054, '332209000', 'Subordinated Debt\r', 0),
	(1055, '332209111', 'Subordinated Debt\r', 0),
	(1056, '332209112', 'Subordinated Debt_Shareholders\r', 0),
	(1057, '332209113', 'Subordinated Debt_Lenders\r', 0),
	(1058, '333109000', 'Borrowed Funds- Shareholders\r', 0),
	(1059, '333109111', 'Borrowed Funds- Shareholders\r', 0),
	(1065, '333209000', '"Borrowed Funds- Corp, Asso, Org"\r\n333209111,"Borrowed Funds- Corp, Asso, Org"\r\n333309000,Borrowed F', 0),
	(1066, '333209111', '"Borrowed Funds- Corp, Asso, Org"\r\n333309000,Borrowed Funds- Banks\r\n333309111,Borrowed Funds- Banks\r', 0),
	(1067, '333309000', 'Borrowed Funds- Banks\r', 0),
	(1068, '333309111', 'Borrowed Funds- Banks\r', 0),
	(1069, '333409000', 'Term Borrowed Funds- Others\r', 0),
	(1070, '333409111', 'Borrowed Funds- Others\r', 0),
	(1071, '341109000', 'AIP - Amounts owed to NBC\r', 0),
	(1072, '341109111', 'AIP - Amounts owed to NBC\r', 0),
	(1073, '342109000', 'AIP - Voluntary Depo - Demand\r', 0),
	(1074, '342109111', 'AIP - Voluntary Depo - Demand\r', 0),
	(1075, '342209000', 'AIP - Voluntary Deposits - Savings\r', 1),
	(1076, '342209111', 'AIP - Voluntary Depo - Savings\r', 0),
	(1077, '342309000', 'AIP - Voluntary Deposits - Term\r', 0),
	(1078, '342309111', 'AIP - Voluntary Depo - Term\r', 0),
	(1079, '342409000', 'AIP - Voluntary Depo - Other\r', 0),
	(1080, '342409111', 'AIP - Voluntary Depo - Other\r', 0),
	(1081, '342909000', 'AIP - Compulsory Deposits\r', 0),
	(1082, '342909111', 'AIP - Compulsory Depo\r', 0),
	(1083, '343109000', 'AIP - Short-term loans payble\r', 1),
	(1084, '343109111', 'AIP - ST - Borrow Funds - Shareholders \r', 0),
	(1085, '343109112', '"AIP - ST - Borrow Funds - Corp, Associa , Org"\r\n343109113,AIP - ST - Borrow Funds -  Banks\r\n3431091', 0),
	(1098, '343109113', 'AIP - ST - Borrow Funds -  Banks\r', 0),
	(1099, '343109114', 'AIP - ST - Borrow Funds - Other Finan Inst\r', 0),
	(1100, '343209000', 'AIP - Senior Debt\r', 0),
	(1101, '343209111', 'AIP - Senior Debt\r', 0),
	(1102, '343309000', 'AIP - Subordinated Debt\r', 0),
	(1103, '343309111', 'AIP - Subordinated Debt\r', 0),
	(1104, '344109000', 'AIP - Borrow Funds - Shareholders\r', 0),
	(1105, '344109111', 'AIP - Borrow Funds - Shareholders \r', 0),
	(1106, '344209000', 'AIP - Borrow Funds - Corp- Associa- Org\r', 0),
	(1107, '344209111', 'AIP - Borrow Funds - Corp- Associa- Org\r', 0),
	(1108, '344309000', 'AIP - Borrow Funds - Banks\r', 0),
	(1109, '344309111', 'AIP - Borrow Funds - Banks\r', 0),
	(1110, '344409000', 'AIP - Borrow Funds - Other Finan Insts\r', 0),
	(1111, '344409111', 'AIP - Borrow Funds - Other Finan Insts\r', 0),
	(1112, '361109000', 'Accru Salary and Wages Payable\r', 0),
	(1113, '361109111', 'Accru Salary Payable_Salary\r', 0),
	(1114, '361109112', 'Accru Salary Payable_13th Month Payment\r', 0),
	(1115, '361209000', 'Accru Bon/Incen Compen Payable\r', 0),
	(1116, '361209111', 'Accru Bon/Incen Compen Paya_Perform Incentiv\r', 0),
	(1117, '361209112', 'Accru Bon/Incen Compen Paya_Bonus\r', 0),
	(1118, '361209113', 'Accru Bon/Incen Compen Paya_Uniform\r', 0),
	(1119, '361209119', 'Accru Bon/Incen Compen Paya_Other\r', 0),
	(1120, '361309000', 'Accru & Withheld Payroll Taxes Payable\r', 0),
	(1121, '361309111', 'Accru & Withheld Payroll Taxes Payable\r', 0),
	(1122, '361409000', 'Other Payroll Deductions Withheld Payable\r', 0),
	(1123, '361409111', 'Other Payroll Deductions Withheld Payable\r', 0),
	(1124, '361509000', 'Accru Empl Benefits Payable\r', 0),
	(1125, '361509111', 'Accru Empl Benefits Paya_Pension Fund\r', 0),
	(1126, '361509112', 'Accru Empl Benefits Paya_Staff Medicals\r', 0),
	(1127, '361509113', 'Accru Empl Benefits Paya_Staff Insurance\r', 0),
	(1128, '361509114', 'Accru Empl Benefits Paya_Unused Annual Leave\r', 0),
	(1129, '361509119', 'Accru Empl Benefits Paya_Other Benefits\r', 0),
	(1130, '361609000', 'Accru Vacation Pay Payable  \r', 0),
	(1131, '361609111', 'Accru Vacation Pay Payable\r', 0),
	(1132, '362109000', 'Accru Exp & Provisions\r', 0),
	(1133, '362109111', 'Accru Exp & Provisions_Audit Fees\r', 0),
	(1134, '362109112', 'Accru Exp & Provisions_Professional Fees\r', 0),
	(1135, '362109113', 'Accru Exp & Provisions_Consultancy Fees\r', 0),
	(1136, '362109114', 'Accru Exp & Provisions_General Assemply\r', 0),
	(1137, '362109119', 'Accru Exp & Provisions_Other\r', 0),
	(1138, '363109000', 'Accru Taxes Payable\r', 0),
	(1139, '363109111', 'Accru Taxes Payable_Profits Tax\r', 0),
	(1140, '363109119', 'Accru Taxes Payable_Other\r', 0),
	(1141, '372109000', 'Unearned Income\r', 0),
	(1142, '372109111', 'Unearned Income\r', 0),
	(1143, '373109000', 'Deferred Income - Govt and Public Grants\r', 0),
	(1144, '373109111', 'Deferred Income - Govt and Public Grants\r', 0),
	(1145, '381109000', 'Accounts Payable\r', 0),
	(1146, '381109111', 'Accounts Payable_Creditors\r', 0),
	(1147, '381109112', 'Accounts Payable_Rental\r', 0),
	(1148, '381109113', 'Accounts Payable_Guards\r', 0),
	(1149, '381109114', 'Accounts Payable_Money Transfer\r', 0),
	(1150, '381109115', 'Accounts Payable_HKSA Member Contributions\r', 0),
	(1151, '381109116', 'Accounts Payable_BOD_fees\r', 0),
	(1152, '381109117', 'Accounts Payable_Fees on loans \r', 0),
	(1153, '381109118', 'Accounts Payable_Processing fee on loans\r', 0),
	(1154, '381109119', 'Accounts Payable_Other\r', 0),
	(1155, '382109000', 'Dividend Payable\r', 0),
	(1156, '382109111', 'Dividend Payable\r', 0),
	(1157, '383109000', 'Dividend Withholding Taxes\r', 0),
	(1158, '383109111', 'Dividend Withholding Taxes\r', 0),
	(1159, '384109000', 'Other Withholding Taxes\r', 0),
	(1160, '384109111', 'Other Withholding Taxes_Interest to Lenders\r', 0),
	(1161, '384109112', 'Other Withholding Taxes_Rental\r', 0),
	(1162, '384109113', 'Other Withholding Taxes_Fring Benefits\r', 0),
	(1163, '384109114', 'Other Withholding Taxes_Saving&Deposit\r', 0),
	(1164, '384109119', 'Other Withholding Taxes_Miscellaneous\r', 0),
	(1165, '385109000', 'Interest in Suspense\r', 0),
	(1166, '385109111', 'Interest in Suspense\r', 0),
	(1167, '386109111', 'Foreign Exchange Position Account\r', 0),
	(1168, '389109000', 'Provision for Losses on Off BS Acct\r', 0),
	(1169, '389109111', 'Provision for Losses on Off BS Acct\r', 0),
	(1170, '389209000', 'Global and General Provision for Losses \r', 0),
	(1171, '389209111', 'Global and General Provision for Losses \r', 0),
	(1172, '389309000', 'Deferred Taxation\r', 0),
	(1173, '389309111', 'Deferred Taxation\r', 0),
	(1174, '389809000', 'Suspense and Sundry Liability Account\r', 0),
	(1175, '389809111', 'Sus & SundryLiability_Cash Surplus\r', 0),
	(1176, '389809112', 'Sus & SundryLiability_Term Deposits\r', 0),
	(1177, '389809117', 'Credit Settlement Bridge for Loans\r', 0),
	(1178, '389809119', 'Sus & SundryLiability_Others\r', 0),
	(1179, '389809888', 'Sus & SundryLiability_Conversion GL\r', 0),
	(1180, '389809889', 'Items for Clearification_Credit\r', 0),
	(1181, '389809211', 'Sus & Sundry Liability_CustWalkIn_Pursat (PUR)\r', 0),
	(1182, '389809212', 'Sus & Sundry Liability_CustWalkIn_Kampong Thom (KTM)\r', 0),
	(1183, '389809213', 'Sus & Sundry Liability_CustWalkIn_Siem Reap (SRP)\r', 0),
	(1184, '389809214', 'Sus & Sundry Liability_CustWalkIn_Banteay Meanchey (BMC)\r', 0),
	(1185, '389809215', 'Sus & Sundry Liability_CustWalkIn_Phnom Penh (PNP)\r', 0),
	(1186, '389809216', 'Sus & Sundry Liability_CustWalkIn_Kampong Cham (KCM)\r', 0),
	(1187, '389809217', 'Sus & Sundry Liability_CustWalkIn_Battambang (BTB)\r', 0),
	(1188, '389809218', 'Sus & Sundry Liability_CustWalkIn_Kampong Chnang (KCG)\r', 0),
	(1189, '389809219', 'Sus & Sundry Liability_CustWalkIn_Takeo (TAK)\r', 0),
	(1190, '389809220', 'Sus & Sundry Liability_CustWalkIn_Pre Veng (PVG)\r', 0),
	(1191, '389809221', 'Sus & Sundry Liability_CustWalkIn_Takhmao (TMO)\r', 0),
	(1192, '389809222', 'Sus & Sundry Liability_CustWalkIn_Svay Rieng (SVG)\r', 0),
	(1193, '389809223', 'Sus & Sundry Liability_CustWalkIn_Kampong Speu (KSP)\r', 0),
	(1194, '389809224', 'Sus & Sundry Liability_CustWalkIn_Kamport (KPT)\r', 0),
	(1195, '389809225', 'Sus & Sundry Liability_CustWalkIn_Koh Kong (KKG)\r', 0),
	(1196, '389809226', 'Sus & Sundry Liability_CustWalkIn_Sihanuk Ville (SNV)\r', 0),
	(1197, '389809227', 'Sus & Sundry Liability_CustWalkIn_Kratie (KTE)\r', 0),
	(1198, '389809228', 'Sus & Sundry Liability_CustWalkIn_KTM_Staung (STN)\r', 0),
	(1199, '389809229', 'Sus & Sundry Liability_CustWalkIn_PNP_Dongkor (DKO)\r', 0),
	(1200, '389809230', 'Sus & Sundry Liability_CustWalkIn_KCM_Thoung Khum (TKM)\r', 0),
	(1201, '389809231', 'Sus & Sundry Liability_CustWalkIn_PNP_Doun Penh (DNP)\r', 0),
	(1202, '389809232', 'Sus & Sundry Liability_CustWalkIn_SRP_Chi Kreng (CKG)\r', 0),
	(1203, '389809233', 'Sus & Sundry Liability_CustWalkIn_SRP_Sothnikum (SNK)\r', 0),
	(1204, '389809234', 'Sus & Sundry Liability_CustWalkIn_BMC_Pioy Pet (PPT)\r', 0),
	(1205, '389809235', 'Sus & Sundry Liability_CustWalkIn_SRP_Pouk (PUK)\r', 0),
	(1206, '389809236', 'Sus & Sundry Liability_CustWalkIn_KTM_Baray (BRY)\r', 0),
	(1207, '389809237', 'Sus & Sundry Liability_CustWalkIn_PUR_Bakan (BKN)\r', 0),
	(1208, '389809238', 'Sus & Sundry Liability_CustWalkIn_KCM_Memut (MMT)\r', 0),
	(1209, '389809239', 'Sus & Sundry Liability_CustWalkIn_KDL_Mukampoul (MKP)\r', 0),
	(1210, '389809240', 'Sus & Sundry Liability_CustWalkIn_BMC_Thmor Pouk (TPK)\r', 0),
	(1211, '389809241', 'Sus & Sundry Liability_CustWalkIn_KCM_Pre Chhor (PCH)\r', 0),
	(1212, '389809242', 'Sus & Sundry Liability_CustWalkIn_PNP_Operational Office (OPO)\r', 0),
	(1213, '389809243', 'Sus & Sundry Liability_CustWalkIn_BTB_Bavel (BVL)\r', 0),
	(1214, '389809244', 'Sus & Sundry Liability_CustWalkIn_Ortdor Meanchey (OMC)\r', 0),
	(1215, '389809245', 'Sus & Sundry Liability_CustWalkIn_Preah Vihear (PVH)\r', 0),
	(1216, '389809246', 'Sus & Sundry Liability_CustWalkIn_Stung Treng (STG)\r', 0),
	(1217, '389809247', 'Sus & Sundry Liability_CustWalkIn_Ratanakiri (RKR)\r', 0),
	(1218, '389809248', 'Sus & Sundry Liability_CustWalkIn_Mondul Kiri (MKR)\r', 0),
	(1219, '389809249', 'Sus & Sundry Liability_CustWalkIn_Pailin (PLN)\r', 0),
	(1220, '389809250', 'Sus & Sundry Liability_CustWalkIn_Kep (KEP)\r', 0),
	(1221, '389809251', 'Sus & Sundry Liability_CustWalkIn_SRP_Krong Siem Reap \r', 0),
	(1222, '389809252', 'Sus & Sundry Liability_CustWalkIn_OMC_Along Veng\r', 0),
	(1223, '389809253', 'Sus & Sundry Liability_CustWalkIn_PVH_Rovieng\r', 0),
	(1224, '389809254', 'Sus & Sundry Liability_CustWalkIn_TKM_Sandan\r', 0),
	(1225, '389809255', 'Sus & Sundry Liability_CustWalkIn_BMC_Mongkoul Borey\r', 0),
	(1226, '389809256', 'Sus & Sundry Liability_CustWalkIn_PNP_Boung Trabek\r', 0),
	(1227, '389809257', 'Sus & Sundry Liability_CustWalkIn_KDL_Kien Svay\r', 0),
	(1228, '389809258', 'Sus & Sundry Liability_CustWalkIn_KCM_Chamkar Leu\r', 0),
	(1229, '389809259', 'Sus & Sundry Liability_CustWalkIn_BTB_Rothanak Mundol\r', 0),
	(1230, '389809260', 'Sus & Sundry Liability_CustWalkIn_TAK_Bati\r', 0),
	(1231, '389809261', 'Sus & Sundry Liability_CustWalkIn_PVG_Neak Leurng\r', 0),
	(1232, '389809262', 'Sus & Sundry Liability_CustWalkIn_PVG_Svay Antor\r', 0),
	(1233, '389809263', 'Sus & Sundry Liability_CustWalkIn_KDL_Ang Snoul\r', 0),
	(1234, '389809264', 'Sus & Sundry Liability_CustWalkIn_PNP_Russey Keo\r', 0),
	(1235, '389809265', 'Sus & Sundry Liability_CustWalkIn_PNP_Preak Leap\r', 0),
	(1236, '389809266', 'Sus & Sundry Liability_CustWalkIn_KDL_Koh Thom\r', 0),
	(1237, '389809267', 'Sus & Sundry Liability_CustWalkIn_KDL_Saang\r', 0),
	(1238, '389809268', 'Sus & Sundry Liability_CustWalkIn_BMC_Malai\r', 0),
	(1239, '389809269', 'Sus & Sundry Liability_CustWalkIn_SRP_Krolanh\r', 0),
	(1240, '389809270', 'Sus & Sundry Liability_CustWalkIn_BTB_Moung Russey\r', 0),
	(1241, '389809271', 'Sus & Sundry Liability_CustWalkIn_KCM_Ponhea Kraek\r', 0),
	(1242, '389809272', 'Sus & Sundry Liability_CustWalkIn_BTB_Thmor Koul\r', 0),
	(1243, '389809273', 'Sus & Sundry Liability_CustWalkIn_KTE_Chloung\r', 0),
	(1244, '389809274', 'Sus & Sundry Liability_CustWalkIn_SRP_Bakorng\r', 0),
	(1245, '389809275', 'Sus & Sundry Liability_CustWalkIn_KCM_Batheay\r', 0),
	(1246, '389809276', 'Sus & Sundry Liability_CustWalkIn_TAK_Kiribvong\r', 0),
	(1247, '400009000', 'Total Equity Control Account\r', 0),
	(1248, '401109000', 'Paid Up Capital\r', 0),
	(1249, '401109111', 'Paid Up Capital\r', 0),
	(1250, '401209000', 'Premiums Related to Capital (Paid in Surplus)\r', 0),
	(1251, '401209111', 'Premiums Related to Capital (Paid in Surplus)\r', 0),
	(1252, '401309000', '(Less) Unpaid Portion of Capital\r', 0),
	(1253, '401309111', '(Less) Unpaid Portion of Capital\r', 0),
	(1254, '401409000', '(Less) Treasury Stock\r', 0),
	(1255, '401409111', '(Less) Treasury Stock\r', 0),
	(1256, '402109000', 'Donated capital - Current year\r', 0),
	(1257, '402109111', 'Donated capital - Current year\r', 0),
	(1258, '402209000', 'Donated capital - Previous years\r', 0),
	(1259, '402209111', 'Donated capital - Previous years\r', 0),
	(1260, '404109000', 'HybCapital-Non Refund Pub Grat&SubSi\r', 0),
	(1261, '404109111', 'Hyb Capital - Non Refund Pub Grat & Subsi\r', 0),
	(1262, '404209000', 'Hyb Capital - Pub Guar Fund Credit risk\r', 0),
	(1263, '404209111', 'Hyb Capital - Pub Guar Fund Cr risk\r', 0),
	(1264, '404309000', 'Hyb Capital - Perpetual subordinated debts\r', 0),
	(1265, '404309111', 'Hyb Capital - Perpetual subordinated debts\r', 0),
	(1266, '404409000', 'Hyb Capital - Others\r', 0),
	(1267, '404409111', 'Hyb Capital - Others\r', 0),
	(1268, '405109000', 'Revenue Reserves  \r', 0),
	(1269, '405109111', 'Revenue Reserves  \r', 0),
	(1270, '405209000', 'Capital Reserves  \r', 0),
	(1271, '405209111', 'Capital Reserves  \r', 0),
	(1272, '405309000', 'Subordinated debt approved by NBC\r', 0),
	(1273, '405309111', 'Subordinated debt approved by NBC\r', 0),
	(1274, '405409000', 'Revaluation reserves approved by NBC\r', 0),
	(1275, '405409111', 'Revaluation reserves approved by NBC  \r', 0),
	(1276, '405509000', 'Other Reserves\r', 0),
	(1277, '405509111', 'Other Reserves\r', 0),
	(1278, '407109000', 'Retained Earnings\r', 0),
	(1279, '407109111', 'Retained Earnings\r', 0),
	(1280, '408109000', 'Profit Current Year\r', 0),
	(1281, '408109111', 'Profit Current Year\r', 0),
	(1282, '500009000', 'Total Income Control Account\r', 1),
	(1283, '514109000', 'Int Inc - Due from NBC\r', 0),
	(1284, '514109111', 'Int Inc - Due from NBC\r', 1),
	(1285, '514209000', 'Int Inc - Capital Guar Depo with NBC\r', 0),
	(1286, '514209111', 'Int Inc - Capital Guar Depo  with NBC\r', 0),
	(1287, '514309000', 'Int Inc - Other DD Depo_ NBC\r', 0),
	(1288, '514309111', 'Int Inc - Other DD Depo _NBC\r', 0),
	(1289, '514609000', 'Int Inc - Other Term Depo with NBC\r', 0),
	(1290, '514609111', 'Int Inc - Other Term Depo with NBC\r', 0),
	(1291, '515109000', 'Int Inc - DD&SAV Depo BK  rate AAA to AA-\r', 0),
	(1292, '515109111', 'Int Inc - DD&SAV Depo BK  rate AAA to AA-\r', 0),
	(1293, '515209000', 'Int Inc - DD&SAV BK  rate A+ to A-\r', 0),
	(1294, '515209111', 'Int Inc - DD&SAV BK  rate A+ to A-\r', 0),
	(1295, '515309000', 'Int Inc - DD&SAV BK  rate below A-\r', 0),
	(1296, '515309111', 'Int Inc - DD&SAV Depo BK rate below A-_ACLEDA\r', 0),
	(1297, '515309112', 'Int Inc - DD&SAV Depo BK rate below A-_CANADIA\r', 0),
	(1298, '515309113', 'Int Inc - DD&SAV Depo BK rate below A-_CAMPU\r', 0),
	(1299, '515309114', 'Int Inc - DD&SAV Depo BK rate below A-_RDB\r', 0),
	(1300, '516109000', 'Int Inc - TD & Pla BK rated AAA to AA-\r', 0),
	(1301, '516109111', 'Int Inc - TD & Pla BK rated AAA to AA-\r', 0),
	(1302, '516209000', 'Int Inc - TD & Pla BK rated A+ to A-\r', 0),
	(1303, '516209111', 'Int Inc - TD & Pla BK rated A+ to A-\r', 0),
	(1304, '516309000', 'Int Inc - TD & Pla BK rated below A-\r', 1),
	(1305, '516309111', 'Int Inc - TD & Pla BK rated below A-\r', 0),
	(1306, '517109000', 'Int Inc - CL Sovereigns rated AAA to AA-\r', 0),
	(1307, '517109111', 'Int Inc - CL Sovereigns rated AAA to AA-\r', 0),
	(1308, '517209000', 'Int Inc - CL Sovereigns rated A+ to A-\r', 0),
	(1309, '517209111', 'Int Inc - CL Sovereigns rated A+ to A-\r', 0),
	(1310, '517309000', 'Int Inc - CL Sovereigns rated BBB+ to BBB-\r', 0),
	(1311, '517309111', 'Int Inc - CL Sovereigns rated BBB+ to BBB-\r', 0),
	(1312, '517409000', 'Int Inc - CL Sovereigns rated below BBB-\r', 0),
	(1313, '517409111', 'Int Inc - CL Sovereigns rated below BBB-\r', 0),
	(1314, '521109000', 'Int Inc - STDL - Groups <=1 year\r', 0),
	(1315, '521109111', 'Int Inc - STDL - Groups <=1 year\r', 0),
	(1316, '521209000', 'Int Inc - STDL - Individuals<=1 year\r', 0),
	(1317, '521209111', 'Int Inc - STDL - Individuals<=1 year\r', 0),
	(1318, '521209112', 'Int Inc - STDL - Individuals_OD <=1 year\r', 0),
	(1319, '521309000', 'Int Inc - STDL - Enterprises<=1 year\r', 0),
	(1320, '521309111', 'Int Inc - STDL - Enterprises<=1 year\r', 0),
	(1321, '521309112', 'Int Inc - STDL - Enterprises_OD <=1 year\r', 0),
	(1322, '521409000', 'Int Inc - STDL - Others<=1 year\r', 0),
	(1323, '521409111', 'Int Inc - STDL - Others<=1 year\r', 0),
	(1324, '521409112', 'Int Inc - STDL - Others_OD <=1 year\r', 0),
	(1325, '521519000', 'Int Inc - STDL - Rela Pty<=1 year - Shareholders\r', 0),
	(1326, '521519111', 'Int Inc - STDL - Rela Pty<=1 year - Sholders\r', 0),
	(1327, '521519112', 'Int Inc - STDL - Rela Pty_OD <=1 year - Sholders\r', 0),
	(1328, '521529000', 'Int Inc - STDL - Rela Pty<=1 year - Managers\r', 0),
	(1329, '521529111', 'Int Inc - STDL - Rela Pty<=1 year - Managers\r', 0),
	(1330, '521529112', 'Int Inc - STDL - Rela Pty_OD <=1 year - Managers\r', 0),
	(1331, '521539000', 'Int Inc - STDL - Rela Pty<=1 year - Employees\r', 0),
	(1332, '521539111', 'Int Inc - STDL - Rela Pty<=1 year - Employees\r', 0),
	(1333, '521539112', 'Int Inc - STDL - Rela Pty_OD <=1 year - Employees\r', 0),
	(1334, '521549000', 'Int Inc - STDL - Rela Pty<=1 year - Ex Auditors\r', 0),
	(1335, '521549111', 'Int Inc - STDL - Rela Pty<=1 year - Ex Auditors\r', 0),
	(1336, '521549112', 'Int Inc - STDL - Rela Pty_OD <=1 year - Ex Auditors\r', 0),
	(1337, '522109000', 'Int Inc - STDL - Groups>1 year\r', 0),
	(1338, '522109111', 'Int Inc - STDL - Groups>1 year\r', 0),
	(1339, '522209000', 'Int Inc - STDL - Individuals>1 year\r', 0),
	(1340, '522209111', 'Int Inc - STDL - Individuals>1 year\r', 0),
	(1341, '522309000', 'Int Inc - STDL - Enterprises>1 year\r', 0),
	(1342, '522309111', 'Int Inc - STDL - Enterprises>1 year\r', 0),
	(1343, '522409000', 'Int Inc - STDL - Others> 1 year\r', 0),
	(1344, '522409111', 'Int Inc - STDL - Others> 1 year\r', 0),
	(1345, '522519000', 'Int Inc - STDL - Rela Pty>1 year - Shareholders\r', 0),
	(1346, '522519111', 'Int Inc - STDL - Rela Pty>1 year - Shareholders\r', 0),
	(1347, '522529000', 'Int Inc - STDL - Rela Pty>1 year - Managers\r', 0),
	(1348, '522529111', 'Int Inc - STDL - Rela Pty>1 year - Managers\r', 0),
	(1349, '522539000', 'Int Inc - STDL - Rela Pty>1 year - Employees\r', 0),
	(1350, '522539111', 'Int Inc - STDL - Rela Pty>1 year - Employees\r', 0),
	(1351, '522549000', 'Int Inc - STDL - Rela Pty>1 year - Ex Auditors\r', 0),
	(1352, '522549111', 'Int Inc - STDL - Rela Pty>1 year - Ex Auditors\r', 0),
	(1353, '523109000', 'Int Inc - SubSTDL - Groups<=1 year\r', 0),
	(1354, '523109111', 'Int Inc - SubSTDL - Groups<=1 year\r', 0),
	(1355, '523209000', 'Int Inc - SubSTDL - Individuals<=1 year\r', 0),
	(1356, '523209111', 'Int Inc - SubSTDL - Individuals<=1 year\r', 0),
	(1357, '523209112', 'Int Inc - SubSTDL - Individuals_OD <=1 year\r', 0),
	(1358, '523309000', 'Int Inc - SubSTDL - Enterprises<=1 year\r', 0),
	(1359, '523309111', 'Int Inc - SubSTDL - Enterprises<=1 year\r', 0),
	(1360, '523309112', 'Int Inc - SubSTDL - Enterprises_OD <=1 year\r', 0),
	(1361, '523409000', 'Int Inc - SubSTDL - Others<=1 year\r', 0),
	(1362, '523409111', 'Int Inc - SubSTDL - Others<=1 year\r', 0),
	(1363, '523409112', 'Int Inc - SubSTDL - Others_OD <=1 year\r', 0),
	(1364, '523519000', 'Int Inc - SubSTDL - Rela Pty<=1 year - Shareholders\r', 0),
	(1365, '523519111', 'Int Inc - SubSTDL - Rela Pty<=1 year - Shareholders\r', 0),
	(1366, '523519112', 'Int Inc - SubSTDL - Rela Pty_OD <=1 year - Shareholders\r', 0),
	(1367, '523529000', 'Int Inc - SubSTDL - Rela Pty<=1 year - Managers\r', 0),
	(1368, '523529111', 'Int Inc - SubSTDL - Rela Pty<=1 year - Managers\r', 0),
	(1369, '523529112', 'Int Inc - SubSTDL - Rela Pty<=1 year - Managers\r', 0),
	(1370, '523539000', 'Int Inc - SubSTDL - Rela Pty<=1 year - Employees\r', 0),
	(1371, '523539111', 'Int Inc - SubSTDL - Rela Pty<=1 year - Employees\r', 0),
	(1372, '523539112', 'Int Inc - SubSTDL - Rela Pty_OD <=1 year - Employees\r', 0),
	(1373, '523549000', 'Int Inc - SubSTDL - Rela Pty<=1 year - Ex Auditors\r', 0),
	(1374, '523549111', 'Int Inc - SubSTDL - Rela Pty<=1 year - Ex Auditors\r', 0),
	(1375, '523549112', 'Int Inc - SubSTDL - Rela Pty_OD <=1 year - Ex Auditors\r', 0),
	(1376, '524109000', 'Int Inc - SubSTDL - Groups>1 year\r', 0),
	(1377, '524109111', 'Int Inc - SubSTDL - Groups>1 year\r', 0),
	(1378, '524209000', 'Int Inc - SubSTDL - Individuals>1 year\r', 0),
	(1379, '524209111', 'Int Inc - SubSTDL - Individuals>1 year\r', 0),
	(1380, '524309000', 'Int Inc - SubSTDL - Enterprises>1 year\r', 0),
	(1381, '524309111', 'Int Inc - SubSTDL - Enterprises>1 year\r', 0),
	(1382, '524409000', 'Int Inc - SubSTDL - Others>1 year\r', 0),
	(1383, '524409111', 'Int Inc - SubSTDL - Others>1 year\r', 0),
	(1384, '524519000', 'Int Inc - SubSTDL - Rela Pty>1 year - Shareholders\r', 0),
	(1385, '524519111', 'Int Inc - SubSTDL - Rela Pty>1 year - Shareholders\r', 0),
	(1386, '524529000', 'Int Inc - SubSTDL - Rela Pty>1 year - Managers\r', 0),
	(1387, '524529111', 'Int Inc - SubSTDL - Rela Pty>1 year - Manager\r', 0),
	(1388, '524539000', 'Int Inc - SubSTDL - Rela Pty>1 year - Employees\r', 0),
	(1389, '524539111', 'Int Inc - SubSTDL - Rela Pty>1 year - Employees\r', 0),
	(1390, '524549000', 'Int Inc - SubSTDL - Rela Pty>1 year - Ex Auditors\r', 0),
	(1391, '524549111', 'Int Inc - SubSTDL - Rela Pty>1 year - Ex Auditors\r', 0),
	(1392, '525109000', 'Int Inc - DFL - Groups<=1 year\r', 0),
	(1393, '525109111', 'Int Inc - DFL - Groups<=1 year\r', 0),
	(1394, '525209000', 'Int Inc - DFL - Individuals<=1 year\r', 0),
	(1395, '525209111', 'Int Inc - DFL - Individuals<=1 year\r', 0),
	(1396, '525209112', 'Int Inc - DFL - Individuals-OD <=1 year\r', 0),
	(1397, '525309000', 'Int Inc - DFL - Enterprises<=1 year\r', 0),
	(1398, '525309111', 'Int Inc - DFL - Enterprises<=1 year\r', 0),
	(1399, '525309112', 'Int Inc - DFL - Enterprises_OD <=1 year\r', 0),
	(1400, '525409000', 'Int Inc - DFL - Others<=1 year\r', 0),
	(1401, '525409111', 'Int Inc - DFL - Others<=1 year\r', 0),
	(1402, '525409112', 'Int Inc - DFL - Others_OD <=1 year\r', 0),
	(1403, '525519000', 'Int Inc - DFL - Rela Pty<=1 year - Shareholders\r', 0),
	(1404, '525519111', 'Int Inc - DFL - Rela Pty<=1 year - Shareholders\r', 0),
	(1405, '525519112', 'Int Inc - DFL - Rela Pty_OD <=1 year - Shareholders\r', 0),
	(1406, '525529000', 'Int Inc - DFL - Rela Pty<=1 year - Managers\r', 0),
	(1407, '525529111', 'Int Inc - DFL - Rela Pty<=1 year - Managers\r', 0),
	(1408, '525529112', 'Int Inc - DFL - Rela Pty_OD <=1 year - Managers\r', 0),
	(1409, '525539000', 'Int Inc - DFL - Rela Pty<=1 year - Employees\r', 0),
	(1410, '525539111', 'Int Inc - DFL - Rela Pty<=1 year - Employees\r', 0),
	(1411, '525539112', 'Int Inc - DFL - Rela Pty_OD <=1 year - Employees\r', 0),
	(1412, '525549000', 'Int Inc - DFL - Rela Pty<=1 year - Ex Auditors\r', 0),
	(1413, '525549111', 'Int Inc - DFL - Rela Pty<=1 year - Ex Auditors\r', 0),
	(1414, '525549112', 'Int Inc - DFL - Rela Pty_OD <=1 year - Ex Auditors\r', 0),
	(1415, '526109000', 'Int Inc - DFL - Groups>1 year\r', 0),
	(1416, '526109111', 'Int Inc - DFL - Groups>1 year\r', 0),
	(1417, '526209000', 'Int Inc - DFL - Individuals>1 year\r', 0),
	(1418, '526209111', 'Int Inc - DFL - Individuals>1 year\r', 0),
	(1419, '526309000', 'Int Inc - DFL - Enterprises>1 year\r', 0),
	(1420, '526309111', 'Int Inc - DFL - Enterprises>1 year\r', 0),
	(1421, '526409000', 'Int Inc - DFL - Others>1 year\r', 0),
	(1422, '526409111', 'Int Inc - DFL - Others>1 year\r', 0),
	(1423, '526519000', 'Int Inc - DFL - Rela Pty>1 year - Shareholders\r', 0),
	(1424, '526519111', 'Int Inc - DFL - Rela Pty>1 year - Shareholders\r', 0),
	(1425, '526529000', 'Int Inc - DFL - Rela Pty>1 year - Managers\r', 0),
	(1426, '526529111', 'Int Inc - DFL - Rela Pty>1 year - Managers\r', 0),
	(1427, '526539000', 'Int Inc - DFL - Rela Pty>1 year - Employees\r', 0),
	(1428, '526539111', 'Int Inc - DFL - Rela Pty>1 year - Employees\r', 0),
	(1429, '526549000', 'Int Inc - DFL - Rela Pty>1 year - Ex Auditors\r', 0),
	(1430, '526549111', 'Int Inc - DFL - Rela Pty>1 year - Ex Auditors\r', 0),
	(1431, '527109000', 'Int Inc - LL - Groups<=1 year\r', 0),
	(1432, '527109111', 'Int Inc - LL - Groups<=1 year\r', 0),
	(1433, '527209000', 'Int Inc - LL - Individuals<=1 year\r', 0),
	(1434, '527209111', 'Int Inc - LL - Individuals<=1 year\r', 0),
	(1435, '527209112', 'Int Inc - LL - Individuals_OD <=1 year\r', 0),
	(1436, '527309000', 'Int Inc - LL - Enterprises<=1 year\r', 0),
	(1437, '527309111', 'Int Inc - LL - Enterprises<=1 year\r', 0),
	(1438, '527309112', 'Int Inc - LL - Enterprises_OD <=1 year\r', 0),
	(1439, '527409000', 'Int Inc - LL - Others<=1 year\r', 0),
	(1440, '527409111', 'Int Inc - LL - Others<=1 year\r', 0),
	(1441, '527409112', 'Int Inc - LL - Others_OD <=1 year\r', 0),
	(1442, '527519000', 'Int Inc - LL - Rela Pty<=1 year - Shareholders\r', 0),
	(1443, '527519111', 'Int Inc - LL - Rela Pty<=1 year - Shareholders\r', 0),
	(1444, '527519112', 'Int Inc - LL - Rela Pty_OD <=1 year - Shareholders\r', 0),
	(1445, '527529000', 'Int Inc - LL - Rela Pty<=1 year - Managers\r', 0),
	(1446, '527529111', 'Int Inc - LL - Rela Pty<=1 year - Managers\r', 0),
	(1447, '527529112', 'Int Inc - LL - Rela Pty_OD <=1 year - Managers\r', 0),
	(1448, '527539000', 'Int Inc - LL - Rela Pty<=1 year - Employees\r', 0),
	(1449, '527539111', 'Int Inc - LL - Rela Pty<=1 year - Employees\r', 0),
	(1450, '527539112', 'Int Inc - LL - Rela Pty_OD <=1 year - Employees\r', 0),
	(1451, '527549000', 'Int Inc - LL - Rela Pty<=1 year - Ex Auditors\r', 0),
	(1452, '527549111', 'Int Inc - LL - Rela Pty<=1 year - Ex Auditors\r', 0),
	(1453, '527549112', 'Int Inc - LL - Rela Pty_OD <=1 year - Ex Auditors\r', 0),
	(1454, '528109000', 'Int Inc - LL - Groups>1 year\r', 0),
	(1455, '528109111', 'Int Inc - LL - Groups>1 year\r', 0),
	(1456, '528209000', 'Int Inc - LL - Individuals>1 year\r', 0),
	(1457, '528209111', 'Int Inc - LL - Individuals>1 year\r', 0),
	(1458, '528309000', 'Int Inc - LL - Enterprises>1 year\r', 0),
	(1459, '528309111', 'Int Inc - LL - Enterprises>1 year\r', 0),
	(1460, '528409000', 'Int Inc - LL - Others>1 year\r', 0),
	(1461, '528409111', 'Int Inc - LL - Others>1 year\r', 0),
	(1462, '528519000', 'Int Inc - LL - Rela Pty>1 year - Shareholders\r', 0),
	(1463, '528519111', 'Int Inc - LL - Rela Pty>1 year - Shareholders\r', 0),
	(1464, '528529000', 'Int Inc - LL - Rela Pty>1 year - Managers\r', 0),
	(1465, '528529111', 'Int Inc - LL - Rela Pty>1 year - Managers\r', 0),
	(1466, '528539000', 'Int Inc - LL - Rela Pty>1 year - Employees\r', 0),
	(1467, '528539111', 'Int Inc - LL - Rela Pty>1 year - Employees\r', 0),
	(1468, '528549000', 'Int Inc - LL - Rela Pty>1 year - Ex Auditors\r', 0),
	(1469, '528549111', 'Int Inc - LL - Rela Pty>1 year - Ex Auditors\r', 0),
	(1470, '531109000', 'Int Inc - Inv Security - HTM\r', 0),
	(1471, '531109111', 'Int Inc - Inv Security - HTM\r', 0),
	(1472, '532109000', 'Int Inc - Inv Security - Available for Sale\r', 0),
	(1473, '532109111', 'Int Inc - Inv Security - Available for Sale\r', 0),
	(1474, '533109000', 'Int Inc - Other Investment \r', 0),
	(1475, '533109111', 'Int Inc - Other Investment \r', 0),
	(1476, '564109000', 'Other Interest Income\r', 0),
	(1477, '564109111', 'Other Interest Income_Group\r', 0),
	(1478, '564109112', 'Other Interest Income_Individual\r', 0),
	(1479, '564109113', 'Other Interest Income_Enterprises\r', 0),
	(1480, '564109114', 'Other Interest Income_RelatedParties\r', 0),
	(1481, '564109119', 'Other Interest Income_Others\r', 0),
	(1482, '571109000', 'Fees and Commissions on loans\r', 1),
	(1483, '571109111', 'Fees and Commissions on loans\r', 0),
	(1484, '571209000', 'Other Fees and Commissions \r', 0),
	(1485, '571209111', 'Other Fees and Commissions \r', 0),
	(1486, '571209112', 'Other Fees and Commissions_Utilities\r', 0),
	(1487, '571209113', 'Other Fees and Commissions_SI\r', 0),
	(1488, '571209114', 'Other Fees and Commissions_Payroll\r', 0),
	(1489, '572109000', 'Fee Inc for Wire Transfer/Remittance\r', 0),
	(1490, '572109111', 'Fee Inc for Wire Transfer/Remittance\r', 0),
	(1491, '573109000', 'Other Non-Interest Income\r', 0),
	(1492, '573109111', 'Other Non-Interest Income\r', 0),
	(1493, '573109112', 'Other Non-Interest Income_Training\r', 0),
	(1494, '573109118', 'Other Non-Interest Income_Pricing IBA to BR\r', 0),
	(1495, '573109119', 'Other Non-Interest Income_Pricing IBA to HO\r', 0),
	(1496, '574109000', 'Foreign Exchange Gains\r', 0),
	(1497, '574109111', 'Foreign Exchange Gains\r', 0),
	(1498, '574109112', 'Unrelized Foreign Exchange Gains\r', 0),
	(1499, '574209000', 'Gains (Loss) Revalu of Trade/MKT Security\r', 0),
	(1500, '574209111', 'Gains (Loss) Revalu of Trade/MKT Security\r', 0),
	(1501, '574309000', 'Security Gains on Investment \r', 0),
	(1502, '574309111', 'Security Gains on Investment \r', 0),
	(1503, '574409000', 'Recovery on Loan Previously Charged - Off\r', 0),
	(1504, '574409111', 'Recovery on Loan Previously Charged - Off\r', 0),
	(1505, '574509000', 'Gains on Sale/Disposal of Fixed Assets\r', 0),
	(1506, '574509111', 'Gains on Sale/Disposal of Fixed Assets\r', 0),
	(1507, '585109000', 'Insurance premiums on micro-insur business\r', 0),
	(1508, '585109111', 'Insurance premiums on micro-insur business\r', 0),
	(1509, '585209000', 'Dividends Income \r', 0),
	(1510, '585209111', 'Dividends Income \r', 0),
	(1511, '585309000', 'Grants Income \r', 0),
	(1512, '585309111', 'Grants Income \r', 0),
	(1513, '600009000', 'Total Expense Control Account\r', 0),
	(1514, '611109000', 'Int Exp - Amounts owed to NBC\r', 0),
	(1515, '611109111', 'Int Exp - Amounts owed to NBC\r', 0),
	(1516, '612109000', 'Int Exp - Voluntary Depo - Demand\r', 0),
	(1517, '612109111', 'Int Exp - Voluntary Depo - Demand\r', 0),
	(1518, '612209000', 'Int Exp - Voluntary Depo - Savings\r', 0),
	(1519, '612209111', 'Int Exp - Voluntary Depo - Savings\r', 0),
	(1520, '612309000', 'Int Exp - Voluntary Depo - Term\r', 0),
	(1521, '612309111', 'Int Exp - Voluntary Depo - Term\r', 0),
	(1522, '612409000', 'Int Exp - Voluntary Depo - Other\r', 0),
	(1523, '612409111', 'Int Exp - Voluntary Depo - Other\r', 0),
	(1524, '612909000', 'Int Exp - Compulsory Depo\r', 0),
	(1525, '612909111', 'Int Exp - Compulsory Depo\r', 0),
	(1526, '621109000', 'Int Exp - Short-term loans payable\r', 0),
	(1527, '621109111', 'Int Exp ST - Borrow Funds - Shareholders \r', 0),
	(1528, '621109112', 'Int Exp ST - Borrow Funds - Shareholders_Fees\r', 0),
	(1529, '621109121', 'Int Exp ST - Borrow Funds - Corp- Associa - Org\r', 0),
	(1530, '621109122', 'Int Exp ST - Borrow Funds - Corp- Associa - Org_Fees\r', 0),
	(1531, '621109131', 'Int Exp ST - Borrow Funds -  Banks\r', 0),
	(1532, '621109132', 'Int Exp ST - Borrow Funds -  Banks_Fees\r', 0),
	(1533, '621109141', 'Int Exp ST - Borrow Funds - Other Finan Inst\r', 0),
	(1534, '621109142', 'Int Exp ST - Borrow Funds - Other Finan Inst_Fees\r', 0),
	(1535, '622209000', 'Int Exp - Senior Debt\r', 0),
	(1536, '622209111', 'Int Exp - Senior Debt\r', 0),
	(1537, '622209112', 'Int Exp - Senior Debt_Fees\r', 0),
	(1538, '622309000', 'Int Exp - Subordinated Debt\r', 0),
	(1539, '622309111', 'Int Exp - Subordinated Debt\r', 0),
	(1540, '622309112', 'Int Exp - Subordinated Debt_Shareholders\r', 0),
	(1541, '622309113', 'Int Exp - Subordinated Debt_Lenders\r', 0),
	(1542, '622309114', 'Int Exp - Subordinated Debt_Fees\r', 0),
	(1543, '623109000', 'Int Exp - Borrow Fund - Shareholders\r', 0),
	(1544, '623109111', 'Int Exp - BorrowFund - Shareholders\r', 0),
	(1545, '623109112', 'Int Exp - BorrowFund - Shareholders_Fees\r', 0),
	(1546, '623209000', 'Int Exp - Borrow Fund Corp- Asso- Org\r', 0),
	(1547, '623209111', 'Int Exp - BorrowFund - Corp- Asso- Org\r', 0),
	(1548, '623209112', 'Int Exp - BorrowFund - Corp- Asso- Org_Fees\r', 0),
	(1549, '623309000', 'Int Exp - Borrow Funds - Banks\r', 0),
	(1550, '623309111', 'Int Exp - Borrowed Funds - Banks\r', 0),
	(1551, '623309112', 'Int Exp - Borrowed Funds - Banks_Fees\r', 0),
	(1552, '623409000', 'Int Exp - Borrow Fund - Other Finan Inst\r', 0),
	(1553, '623409111', 'Int Exp - Borrow Fund - Other Finan Inst\r', 0),
	(1554, '623409112', 'Int Exp - Borrow Fund - Other Finan Inst_Fees\r', 0),
	(1555, '629109000', 'Correspondent Bank Charges\r', 0),
	(1556, '629109111', 'Correspondent Bank Charges_Inward & Outward\r', 0),
	(1557, '629109112', 'Correspondent Bank Charges_Other\r', 0),
	(1558, '631109000', 'Salaries &Bonus Expense\r', 0),
	(1559, '631109111', 'Salaries &Bonus Exp_Salary\r', 0),
	(1560, '631109112', 'Salaries &Bonus Exp_13th Payment\r', 0),
	(1561, '631109113', 'Salaries &Bonus Exp_Bonus\r', 0),
	(1562, '631109114', 'Salaries &Bonus Exp_Performance Incentive\r', 0),
	(1563, '631109199', 'Salaries &Bonus Exp_Other\r', 0),
	(1564, '631209000', 'Employee Overtime Expense\r', 0),
	(1565, '631209111', 'Employee Overtime Expense\r', 0),
	(1566, '631309000', 'Employee Training Work Related Expense\r', 0),
	(1567, '631309111', 'Employee Training - Work Related Exp_Internal\r', 0),
	(1568, '631309112', 'Employee Training - Work Related Exp_External\r', 0),
	(1569, '631309113', 'Employee Training - Work Related Exp_Other\r', 0),
	(1570, '631409000', 'Employee Medical Expense\r', 0),
	(1571, '631409111', 'Employee Medical Expense\r', 0),
	(1572, '631809000', 'Employee Pension Expense\r', 0),
	(1573, '631809111', 'Employee Pension Fund Expense\r', 0),
	(1574, '631909000', 'Other Employee Expense\r', 0),
	(1575, '631909111', 'Other Employee Exp_Unused Annual Leave\r', 0),
	(1576, '631909112', 'Other Employee Exp_Uniforms\r', 0),
	(1577, '631909113', 'Other Employee Exp_Insurance\r', 0),
	(1578, '631909114', 'Other Employee Exp_Other Benefits\r', 0),
	(1579, '631909119', 'Other Employee Exp_Mescellaneous\r', 0),
	(1580, '642109000', 'Depreciation Exp Land Improvements\r', 0),
	(1581, '642109111', 'Depreciation Exp - Land Improvements\r', 0),
	(1582, '642209000', 'Depreciation Exp Building\r', 0),
	(1583, '642209111', 'Depreciation Exp - Building\r', 0),
	(1584, '642309000', 'Depreciation Exp Leasehold Improvement\r', 0),
	(1585, '642309111', 'Depreciation Exp - Leasehold Improvement \r', 0),
	(1586, '642359000', 'Depreciation Exps - Furniture and Fixtures\r', 0),
	(1587, '642359111', 'Depreciation Exps - Furniture and Fixtures \r', 0),
	(1588, '642409000', 'Depreciation Exps - Equipment \r', 0),
	(1589, '642409111', 'Depreciation Exps - Equipment \r', 0),
	(1590, '642509000', 'Depreciation Exps - Computer Equipment\r', 0),
	(1591, '642509111', 'Depreciation Exps - Computer Equipment \r', 0),
	(1592, '642609000', 'Depreciation Exps Motor Vehicles\r', 0),
	(1593, '642609111', 'Depreciation Exps - Motor Vehicles \r', 0),
	(1594, '642709000', 'Depreciation Exps Other Fixed Assets\r', 0),
	(1595, '642709111', 'Depreciation Exps - Other Fixed Assets \r', 0),
	(1596, '643109000', 'Amortization Exps Intangible Assets\r', 0),
	(1597, '643109111', 'Amortization Exps - Intangible Assets\r', 0),
	(1598, '643209000', 'Amortization Exps Formation Expense\r', 0),
	(1599, '643209111', 'Amortization Exps - Formation Exps\r', 0),
	(1600, '653109000', 'Repair and Maintenance Expense\r', 0),
	(1601, '653109111', 'Repair and Maintenance Exps_Motobike\r', 0),
	(1602, '653109112', 'Repair and Maintenance Exps_Car\r', 0),
	(1603, '653109113', 'Repair and Maintenance Exps_Office Equipment\r', 0),
	(1604, '653109114', 'Repair and Maintenance Exps_Software & IT\r', 0),
	(1605, '653109115', 'Repair and Maintenance Exps_Fuel for Generator\r', 0),
	(1606, '653109119', 'Repair and Maintenance Exps_Other\r', 0),
	(1607, '653209000', 'Rental Expense\r', 0),
	(1608, '653209111', 'Rental Exps_Office\r', 0),
	(1609, '653209112', 'Rental Exps_Equipment\r', 0),
	(1610, '653209119', 'Rental Exps_Other\r', 0),
	(1611, '653309000', 'Utility Expense\r', 0),
	(1612, '653309111', 'Utility Exps_Electricity\r', 0),
	(1613, '653309112', 'Utility Exps_Water Supply\r', 0),
	(1614, '653309119', 'Utility Exps_Other\r', 0),
	(1615, '653409000', 'Small item  Fur-Fix&Equip not Capit\r', 0),
	(1616, '653409111', 'SmallItem Fur-Fix&EquipNotCapit_ComputerPart \r', 0),
	(1617, '653409112', 'SmallItem Fur-Fix&EquipNotCapit_ Fix &Equip\r', 0),
	(1618, '653409119', 'Small item  Fur-Fix&EquipNotCapit_Other\r', 0),
	(1619, '654109000', 'Marketing & Advertise Expense\r', 0),
	(1620, '654109111', 'Marketing & Advertise Exps_Printing for Ads\r', 0),
	(1621, '654109112', 'Marketing & Advertise Exps_PublicRelation\r', 0),
	(1622, '654109113', 'Marketing & Advertise Exps_TV & Radio Spot\r', 0),
	(1623, '654109114', 'Marketing & Advertise Exps_Office Decoration\r', 0),
	(1624, '654109115', 'Marketing & Advertise Exps_R&D\r', 0),
	(1625, '654109119', 'Marketing & Advertise Exps_Other\r', 0),
	(1626, '654209000', 'Professional Services Expense\r', 0),
	(1627, '654209111', 'Professional Services Exp _Consultation Fees\r', 0),
	(1628, '654209112', 'Professional Services Exp _Loan Evaluation Fee\r', 0),
	(1629, '654209119', 'Professional Services Exp _Other\r', 0),
	(1630, '654309000', 'Audit Tax Fee Expense\r', 0),
	(1631, '654309111', 'Audit & Tax Fee Exp_Auditing\r', 0),
	(1632, '654309112', 'Audit & Tax Fee Exp_Filling Annual Tax Returns\r', 0),
	(1633, '654309113', 'Audit & Tax Fee Exp_Non Recoverable VAT\r', 0),
	(1634, '654309119', 'Audit & Tax Fee Exp_Other\r', 0),
	(1635, '654409000', 'License Fees Expense\r', 0),
	(1636, '654409111', 'License Fees Expense\r', 0),
	(1637, '654409112', 'NBC Examination Fees Expense\r', 0),
	(1638, '654509000', 'Legal Fees Expense\r', 0),
	(1639, '654509111', 'Legal Fees Exp_Lawyer \r', 0),
	(1640, '654509112', 'Legal Fees Exp_Litigations\r', 0),
	(1641, '654509119', 'Legal Fees Exp_Other\r', 0),
	(1642, '655109000', 'Travel Expense\r', 0),
	(1643, '655109111', 'Travel Exp_Abroad Transportation\r', 0),
	(1644, '655109112', 'Travel Exp_Abroad Accomodation & Perdiem\r', 0),
	(1645, '655109113', 'Travel Exp_Abroad Others\r', 0),
	(1646, '655109114', 'Travel Exp_Vacation\r', 0),
	(1647, '655109115', 'Travel Exp_General Assembly\r', 0),
	(1648, '655109116', 'Travel Exp_Local Accomodation & Perdiem\r', 0),
	(1649, '655109117', 'Travel Exp_Local Transportation\r', 0),
	(1650, '655109119', 'Travel Exp_Other\r', 0),
	(1651, '655209000', 'Business Meal & Entertain Expense\r', 0),
	(1652, '655209111', 'Meal & Entertain_Employees & Management\r', 0),
	(1653, '655209112', 'Meal & Entertain_Investors\r', 0),
	(1654, '655209113', 'Meal & Entertain_Directors & Shareholders\r', 0),
	(1655, '655209119', 'Meal & Entertain_Other\r', 0),
	(1656, '655309000', 'Communication Expense\r', 0),
	(1657, '655309111', 'Communication Exp_Telphone\r', 0),
	(1658, '655309112', 'Communication Exp_Fax\r', 0),
	(1659, '655309113', 'Communication Exp_Email & Internet\r', 0),
	(1660, '655309114', 'Communication Exp_Courier Charge\r', 0),
	(1661, '655309119', 'Communication Exp_Other\r', 0),
	(1662, '657109000', 'Stationery and Supplies Expense\r', 0),
	(1663, '657109111', 'Stationery and Supplies Exp \r', 0),
	(1664, '657209000', 'Printing and Forms Expense\r', 0),
	(1665, '657209111', 'Printing and Forms Exp \r', 0),
	(1666, '658109000', 'Fire and Hazard Insurance Expense\r', 0),
	(1667, '658109111', 'Fire and Hazard Insurance Exp\r', 0),
	(1668, '658909000', 'Other Insurance Expense\r', 0),
	(1669, '658909111', 'Other Insurance Exp\r', 0),
	(1670, '661109000', 'Security Expense\r', 0),
	(1671, '661109111', 'Security Exp _Arm Guard\r', 0),
	(1672, '661109112', 'Security Exp _Guard\r', 0),
	(1673, '661109119', 'Security Exp _Other\r', 0),
	(1674, '662109000', 'Board of Directors Fees\r', 0),
	(1675, '662109111', 'Board of Directors Fees\r', 0),
	(1676, '662209000', 'Shareholders Meeting Expense\r', 0),
	(1677, '662209111', 'Shareholders Meeting Exp \r', 0),
	(1678, '663109000', 'Charitable Donation Expense\r', 0),
	(1679, '663109111', 'Charitable Donation Exp\r', 0),
	(1680, '664109000', 'Dues and Memberships Expense\r', 0),
	(1681, '664109111', 'Dues and Memberships Exp\r', 0),
	(1682, '666109000', 'Penalties and Fines Expense\r', 0),
	(1683, '666109111', 'Penalties and Fines Exp\r', 0),
	(1684, '668109000', 'MotorVehicleOperating Expense\r', 0),
	(1685, '668109111', 'MotorVehicleOperating Exp_Fuel for Motorbike\r', 0),
	(1686, '668109112', 'MotorVehicleOperating Exp_Fuel for Car\r', 0),
	(1687, '668109113', 'MotorVehicleOperating Exp_Tax&License\r', 0),
	(1688, '668109119', 'MotorVehicleOperating Exp_Others\r', 0),
	(1689, '669109000', 'Income Tax Expense\r', 0),
	(1690, '669109111', 'Income Tax Exp_Income Tax 1%\r', 0),
	(1691, '669109112', 'Income Tax Exp_Tax Returns\r', 0),
	(1692, '669909000', 'Miscellaneous Expense\r', 0),
	(1693, '669909111', 'Miscellaneous Exp\r', 0),
	(1694, '671109000', 'Bad and Doubtful Debts\r', 0),
	(1695, '671109111', 'Bad & Doubtful Debts_General Provision\r', 0),
	(1696, '671109112', 'Bad & Doubtful Debts_Specific Provision\r', 0),
	(1697, '671109113', 'Bad & Doubtful Debts_General Provision_OD\r', 0),
	(1698, '671109114', 'Bad & Doubtful Debts_Specific Provision_OD\r', 0),
	(1699, '671109119', 'Bad & Doubtful Debts_WO Covered By Pro\r', 0),
	(1700, '671109120', 'Bad & Doubtful Debts_WO Covered By Pro_OD\r', 0),
	(1701, '671309000', 'Off Balance Sheet Loss Expense\r', 0),
	(1702, '671309111', 'Off Balance Sheet Loss Exp\r', 0),
	(1703, '671409000', 'Doubtful and Loss of Securities\r', 0),
	(1704, '671409111', 'Doubtful and Loss of Securities\r', 0),
	(1705, '671509000', 'WO uncollectable loan NonConvered by provision\r', 0),
	(1706, '671509111', 'WO uncollectable loan NonConvered by provision\r', 0),
	(1707, '671509112', 'WO uncollectable loan NonConvered by provision_OD\r', 0),
	(1708, '671609000', 'Global and General Provision other than Loans\r', 0),
	(1709, '671609111', 'Global and General Provision other than Loans\r', 0),
	(1710, '681109000', 'Loss on Foreign Exchange \r', 0),
	(1711, '681109111', 'Loss on Foreign Exchange\r', 0),
	(1712, '681109112', 'Unrelized Loss on Foreign Exchange\r', 0),
	(1713, '681409000', 'Loss Sale/Disposal of Security Inves\r', 0),
	(1714, '681409111', 'Loss Sale/Disposal of Security Investment Exp\r', 0),
	(1715, '681609000', 'Loss on Sale/Disposal of Assets \r', 0),
	(1716, '681609111', 'Loss on Sale/Disposal of Assets \r', 0),
	(1717, '691109000', 'Rebates/Commissions to Borrowing Gro\r', 0),
	(1718, '691109111', 'Rebates/Commissions to Borrowing Groups\r', 0),
	(1719, '691209000', 'Village Bank/Association costs\r', 0),
	(1720, '691209111', 'Village Bank/Association costs\r', 0),
	(1721, '900000000', 'Total Off-Balance Sheet Control Account_Assets\r', 0),
	(1722, '911109000', 'Financing Commitments Received From Banks\r', 0),
	(1723, '911109111', 'Financing Commitment Receiv From Bank\r', 0),
	(1724, '921109000', 'Financing Commitments in Favor of Banks\r', 0),
	(1725, '921109111', 'Financing Commitment in Favor of Bank\r', 0),
	(1726, '921209000', 'Financing Commitments in Favor of Customers\r', 0),
	(1727, '921209111', 'Financing Commitment in Favor of Customers\r', 0),
	(1728, '931109000', 'Guarantees Received From Banks rated AAA to AA-\r', 0),
	(1729, '931109111', 'Guar Receiv From Bank rated AAA to AA-\r', 0),
	(1730, '931209000', 'Guarantees Received From Banks rated A+ to A-\r', 0),
	(1731, '931209111', 'Guar Receiv From Bank rated A+ to A-\r', 0),
	(1732, '931309000', 'Guarantees Received From Banks rated below A-\r', 0),
	(1733, '931309111', 'Guar Receiv From Bank rated below A-\r', 0),
	(1734, '941109000', 'Guar Receiv from Sovereign  rated AAA to AA-\r', 0),
	(1735, '941109111', 'Guar Receiv from Sovereign  rated AAA to AA-\r', 0),
	(1736, '941209000', 'Guar Receiv from Sovereign  rated A+ to A-\r', 0),
	(1737, '941209111', 'Guar Receiv from Sovereign  rated A+ to A-\r', 0),
	(1738, '941309000', 'Guar Receiv from Sovereign  rated BBB+ to BBB-\r', 0),
	(1739, '941309111', 'Guar Receiv from Sovereign  rated BBB+ to BBB-\r', 0),
	(1740, '941409000', 'Guar Receiv from Sovereign  rated below BBB-\r', 0),
	(1741, '941409111', 'Guar Receiv from Sovereign  rated below BBB-\r', 0),
	(1742, '900009000', 'Total Off-Balance Sheet Control Account_Liability\r', 0),
	(1743, '981109000', 'Other Commitments \r', 0),
	(1744, '981109111', 'Other Commitments \r', 0),
	(1745, '991109000', 'Contra Acct - Fin Commit Receiv From Bank\r', 0),
	(1746, '991109111', 'Contra Acct - Fin Commit Receiv From Bank\r', 0),
	(1747, '992109000', 'Contra Acct - Fin Commit  Favor of Bank\r', 0),
	(1748, '992109111', 'Contra Acct - Fin Commit  Favor of Bank\r', 0),
	(1749, '993109000', 'Contra Acct - Fin Commit  Favor of Customer\r', 0),
	(1750, '993109111', 'Contra Acct - Fin Commit  Favor of Customer\r', 0),
	(1751, '994109000', 'Contra Acct - Guar Rec from BK Rate AAA to AA-\r', 0),
	(1752, '994109111', 'Contra Acct - Guar Rec from BK Rate AAA to AA-\r', 0),
	(1753, '995109000', 'Contra Acct - Guar Rec from Bank Rate A+ to A-\r', 0),
	(1754, '995109111', 'Contra Acct - Guar Rec from BK Rate A+ to A-\r', 0),
	(1755, '996109000', 'Contra Acct - Guar Rec from Bank Rate below A-\r', 0),
	(1756, '996109111', 'Contra Acct - Guar Rec from BK Rate below A-\r', 0),
	(1757, '997109000', 'Contra Acct - GR from Sov  Rate AAA to AA-\r', 0),
	(1758, '997109111', 'Contra Acct - GR from Sov  Rate AAA to AA-\r', 0),
	(1759, '997209000', 'Contra Acct - GR from Sov  Rate A+ to A-\r', 0),
	(1760, '997209111', 'Contra Acct - GR from Sov  Rate A+ to A-\r', 0),
	(1761, '997309000', 'Contra Acct - GR from Sov  Rate BBB+ to BBB-\r', 0),
	(1762, '997309111', 'Contra Acct - GR from Sov  Rate BBB+ to BBB-\r', 0),
	(1763, '997409000', 'Contra Acct - GR from Sov  Rate below BBB-\r', 0),
	(1764, '997409111', 'Contra Acct - GR from Sov  Rate below BBB-\r', 0),
	(1765, '998109000', 'Contra Acct - Other Commit \r', 0),
	(1766, '998109111', 'Contra Acct - Other Commit \r', 0),
	(1767, '999109000', 'Cont. OFSS Suspend Account\r', 0),
	(1768, '999109111', 'Cont. OFSS Suspend Account\r', 0);
/*!40000 ALTER TABLE `gl_list` ENABLE KEYS */;


# Dumping structure for table loan_khmer.group
DROP TABLE IF EXISTS `group`;
CREATE TABLE IF NOT EXISTS `group` (
  `gro_id` int(11) NOT NULL AUTO_INCREMENT,
  `gro_title` varchar(45) DEFAULT NULL,
  `status` bit(1) DEFAULT b'1',
  PRIMARY KEY (`gro_id`)
) ENGINE=InnoDB AUTO_INCREMENT=17 DEFAULT CHARSET=utf8;

# Dumping data for table loan_khmer.group: ~5 rows (approximately)
/*!40000 ALTER TABLE `group` DISABLE KEYS */;
INSERT INTO `group` (`gro_id`, `gro_title`, `status`) VALUES
	(12, 'G0000050', ''),
	(13, 'G0000052', ''),
	(14, 'G0000054', ''),
	(15, 'G0000056', ''),
	(16, 'G0000058', '');
/*!40000 ALTER TABLE `group` ENABLE KEYS */;


# Dumping structure for table loan_khmer.income
DROP TABLE IF EXISTS `income`;
CREATE TABLE IF NOT EXISTS `income` (
  `inc_id` int(11) NOT NULL DEFAULT '0',
  PRIMARY KEY (`inc_id`)
) ENGINE=InnoDB DEFAULT CHARSET=utf8;

# Dumping data for table loan_khmer.income: ~2 rows (approximately)
/*!40000 ALTER TABLE `income` DISABLE KEYS */;
INSERT INTO `income` (`inc_id`) VALUES
	(1),
	(2);
/*!40000 ALTER TABLE `income` ENABLE KEYS */;


# Dumping structure for table loan_khmer.loan_account
DROP TABLE IF EXISTS `loan_account`;
CREATE TABLE IF NOT EXISTS `loan_account` (
  `loa_acc_id` int(11) NOT NULL AUTO_INCREMENT,
  `loa_acc_loa_det_id` int(11) NOT NULL DEFAULT '0',
  `loa_acc_code` varchar(20) DEFAULT NULL,
  `loa_acc_con_id` int(11) DEFAULT NULL,
  `loa_acc_loa_pro_type_code` int(11) DEFAULT NULL,
  `loa_acc_amount` decimal(12,0) DEFAULT NULL,
  `loa_acc_amount_in_word` varchar(50) DEFAULT NULL,
  `loa_acc_cur_id` int(11) DEFAULT NULL,
  `loa_acc_gl_code` varchar(20) DEFAULT NULL,
  `loa_acc_rep_fre_id` int(11) DEFAULT NULL,
  `loa_acc_approval` varchar(20) DEFAULT NULL,
  `loa_acc_created_date` date DEFAULT NULL,
  `loa_acc_modified_date` date DEFAULT NULL,
  `loa_acc_use_id` int(11) DEFAULT NULL,
  `loa_acc_first_repayment` date DEFAULT NULL,
  `loa_acc_disbustment` datetime DEFAULT NULL,
  `status` int(10) DEFAULT '0',
  PRIMARY KEY (`loa_acc_id`),
  KEY `loa_product_type` (`loa_acc_loa_pro_type_code`),
  KEY `loa_contact` (`loa_acc_con_id`),
  KEY `loa_user_id` (`loa_acc_use_id`),
  KEY `loa_cur_id` (`loa_acc_cur_id`),
  KEY `loa_acc_gl_code` (`loa_acc_gl_code`),
  CONSTRAINT `loa_acc_gl_code` FOREIGN KEY (`loa_acc_gl_code`) REFERENCES `gl_list` (`gl_code`),
  CONSTRAINT `loa_acc_user_id` FOREIGN KEY (`loa_acc_use_id`) REFERENCES `users` (`use_id`) ON DELETE NO ACTION ON UPDATE NO ACTION,
  CONSTRAINT `loa_contact` FOREIGN KEY (`loa_acc_con_id`) REFERENCES `contacts` (`con_id`) ON DELETE NO ACTION ON UPDATE NO ACTION,
  CONSTRAINT `loa_cur_id` FOREIGN KEY (`loa_acc_cur_id`) REFERENCES `currency` (`cur_id`) ON DELETE NO ACTION ON UPDATE NO ACTION
) ENGINE=InnoDB AUTO_INCREMENT=3 DEFAULT CHARSET=utf8;

# Dumping data for table loan_khmer.loan_account: ~2 rows (approximately)
/*!40000 ALTER TABLE `loan_account` DISABLE KEYS */;
INSERT INTO `loan_account` (`loa_acc_id`, `loa_acc_loa_det_id`, `loa_acc_code`, `loa_acc_con_id`, `loa_acc_loa_pro_type_code`, `loa_acc_amount`, `loa_acc_amount_in_word`, `loa_acc_cur_id`, `loa_acc_gl_code`, `loa_acc_rep_fre_id`, `loa_acc_approval`, `loa_acc_created_date`, `loa_acc_modified_date`, `loa_acc_use_id`, `loa_acc_first_repayment`, `loa_acc_disbustment`, `status`) VALUES
	(1, 1, '888-000001-01-1', 1, 3, 1, NULL, 1, '331109000', 1, 'Not yest', '2013-09-13', NULL, 1, '2013-09-13', NULL, 0),
	(2, 1, '777-000002-01-2', 2, 2, 1000, NULL, 1, '343109000', 3, 'Not yest', '2013-09-24', NULL, 1, '2013-09-24', NULL, 0);
/*!40000 ALTER TABLE `loan_account` ENABLE KEYS */;


# Dumping structure for table loan_khmer.loan_detail
DROP TABLE IF EXISTS `loan_detail`;
CREATE TABLE IF NOT EXISTS `loan_detail` (
  `loa_det_id` int(10) NOT NULL AUTO_INCREMENT,
  `loa_det_status` char(50) DEFAULT NULL,
  PRIMARY KEY (`loa_det_id`)
) ENGINE=MyISAM AUTO_INCREMENT=24 DEFAULT CHARSET=utf8;

# Dumping data for table loan_khmer.loan_detail: 6 rows
/*!40000 ALTER TABLE `loan_detail` DISABLE KEYS */;
INSERT INTO `loan_detail` (`loa_det_id`, `loa_det_status`) VALUES
	(1, 'Opened'),
	(5, 'Close'),
	(6, 'Blocked'),
	(4, 'Renew'),
	(2, 'Approved'),
	(3, 'Disapproved');
/*!40000 ALTER TABLE `loan_detail` ENABLE KEYS */;


# Dumping structure for table loan_khmer.loan_disbursments
DROP TABLE IF EXISTS `loan_disbursments`;
CREATE TABLE IF NOT EXISTS `loan_disbursments` (
  `loa_dis_id` int(10) NOT NULL AUTO_INCREMENT,
  `status` tinyint(4) DEFAULT '1',
  `loa_dis_loa_acc_code` varchar(20) DEFAULT NULL,
  `loa_dis_use_id` int(11) DEFAULT NULL,
  `loa_dis_tra_mod_id` int(11) DEFAULT NULL,
  `loa_dis_description` varchar(200) DEFAULT NULL,
  PRIMARY KEY (`loa_dis_id`),
  KEY `loa_dis_loa_acc_id` (`loa_dis_loa_acc_code`)
) ENGINE=InnoDB DEFAULT CHARSET=utf8;

# Dumping data for table loan_khmer.loan_disbursments: ~0 rows (approximately)
/*!40000 ALTER TABLE `loan_disbursments` DISABLE KEYS */;
/*!40000 ALTER TABLE `loan_disbursments` ENABLE KEYS */;


# Dumping structure for table loan_khmer.loan_installment
DROP TABLE IF EXISTS `loan_installment`;
CREATE TABLE IF NOT EXISTS `loan_installment` (
  `loa_ins_id` int(10) NOT NULL AUTO_INCREMENT,
  `loa_ins_loa_acc_id` int(10) DEFAULT NULL,
  `loa_ins_rep_fre_id` int(10) DEFAULT NULL,
  `loa_ins_num_ins` int(10) DEFAULT NULL,
  `loa_ins_lead_interest` double DEFAULT NULL,
  `loa_ins_principal_start` date DEFAULT NULL,
  `loa_ins_principal_frequency` int(11) DEFAULT NULL,
  `loa_ins_interest_rate` double DEFAULT NULL,
  `loa_ins_installment_amount` double DEFAULT NULL,
  PRIMARY KEY (`loa_ins_id`),
  KEY `FK_loan_installment_loan_account` (`loa_ins_loa_acc_id`),
  CONSTRAINT `FK_loan_installment_loan_account` FOREIGN KEY (`loa_ins_loa_acc_id`) REFERENCES `loan_account` (`loa_acc_id`) ON DELETE NO ACTION ON UPDATE NO ACTION
) ENGINE=InnoDB AUTO_INCREMENT=3 DEFAULT CHARSET=utf8 COLLATE=utf8_hungarian_ci;

# Dumping data for table loan_khmer.loan_installment: ~2 rows (approximately)
/*!40000 ALTER TABLE `loan_installment` DISABLE KEYS */;
INSERT INTO `loan_installment` (`loa_ins_id`, `loa_ins_loa_acc_id`, `loa_ins_rep_fre_id`, `loa_ins_num_ins`, `loa_ins_lead_interest`, `loa_ins_principal_start`, `loa_ins_principal_frequency`, `loa_ins_interest_rate`, `loa_ins_installment_amount`) VALUES
	(1, 1, 1, 1, 0, '0000-00-00', 1, 1, 1),
	(2, 2, 3, 6, 0, '0000-00-00', 1, 1, 1);
/*!40000 ALTER TABLE `loan_installment` ENABLE KEYS */;


# Dumping structure for table loan_khmer.loan_product_type
DROP TABLE IF EXISTS `loan_product_type`;
CREATE TABLE IF NOT EXISTS `loan_product_type` (
  `loa_pro_typ_id` int(11) NOT NULL AUTO_INCREMENT,
  `loa_pro_typ_code` int(11) NOT NULL DEFAULT '0',
  `loa_pro_typ_description` varchar(20) DEFAULT NULL,
  `loa_pro_typ_amount` varchar(200) DEFAULT NULL,
  `status` bit(1) DEFAULT NULL,
  PRIMARY KEY (`loa_pro_typ_code`),
  KEY `loa_pro_typ_id` (`loa_pro_typ_id`)
) ENGINE=InnoDB AUTO_INCREMENT=5 DEFAULT CHARSET=utf8;

# Dumping data for table loan_khmer.loan_product_type: ~4 rows (approximately)
/*!40000 ALTER TABLE `loan_product_type` DISABLE KEYS */;
INSERT INTO `loan_product_type` (`loa_pro_typ_id`, `loa_pro_typ_code`, `loa_pro_typ_description`, `loa_pro_typ_amount`, `status`) VALUES
	(1, 666, 'Micro', 'Smaller 100,000RIEL', ''),
	(2, 777, 'Small', '100,001RIEL-400,000RIEL', ''),
	(3, 888, 'Medium', '400,001RIEL-600,00RIEL', ''),
	(4, 999, 'Large', 'GREATER 600,000RIEL', '');
/*!40000 ALTER TABLE `loan_product_type` ENABLE KEYS */;


# Dumping structure for table loan_khmer.provinces
DROP TABLE IF EXISTS `provinces`;
CREATE TABLE IF NOT EXISTS `provinces` (
  `pro_id` int(11) NOT NULL AUTO_INCREMENT,
  `pro_en_name` varchar(45) NOT NULL,
  `pro_kh_name` varchar(45) DEFAULT NULL,
  `status` bit(1) NOT NULL DEFAULT b'1',
  PRIMARY KEY (`pro_id`)
) ENGINE=InnoDB AUTO_INCREMENT=25 DEFAULT CHARSET=utf8;

# Dumping data for table loan_khmer.provinces: ~24 rows (approximately)
/*!40000 ALTER TABLE `provinces` DISABLE KEYS */;
INSERT INTO `provinces` (`pro_id`, `pro_en_name`, `pro_kh_name`, `status`) VALUES
	(1, 'Phnom Penh', 'ភ្នំពេញ', ''),
	(2, 'Battambang', 'បាត់ដំបង', ''),
	(3, 'Banteay Meanchey', 'បន្ទាយមានជ័យ', ''),
	(4, 'Kampong Cham', 'កំពង់ចាម', ''),
	(5, 'Kampong Chhnang', 'កំពង់ឆ្នាំង', ''),
	(6, 'Kampong Speu', 'កំបង់ស្ពឺ', ''),
	(7, 'Kampong Thom', 'កំពង់ធំ', ''),
	(8, 'Kampot', 'កំពត', ''),
	(9, 'Kandal', 'កណ្តាល', ''),
	(10, 'Koh Kong', 'កោះកុង', ''),
	(11, 'Kratié', 'ក្រចេះ', ''),
	(12, 'Mondulkiri', 'មណ្ឌលគិរី', ''),
	(13, 'Oddar Meancheay', 'ឧត្តរមានជ័យ', ''),
	(14, 'Preah Vihear', 'ព្រះវិហារ', ''),
	(15, 'Pursat', 'ពោធិ៍សាត់', ''),
	(16, 'Prey Veng', 'ព្រៃវែង', ''),
	(17, 'Ratanakiri', 'រតនៈគិរី', ''),
	(18, 'Siem Reap', 'សៀមរាប', ''),
	(19, 'Stung Treng', 'ស្ទឹងត្រែង', ''),
	(20, 'Svay Rieng', 'ស្វាយរៀង', ''),
	(21, 'Takéo', 'តាកែវ', ''),
	(22, 'Kep', 'កែប', ''),
	(23, 'Pailin', 'ប៉ៃលិន', ''),
	(24, 'Preah Sihanouk', 'ព្រះសីហនុ', '');
/*!40000 ALTER TABLE `provinces` ENABLE KEYS */;


# Dumping structure for table loan_khmer.repayment_freg
DROP TABLE IF EXISTS `repayment_freg`;
CREATE TABLE IF NOT EXISTS `repayment_freg` (
  `rep_fre_id` int(10) NOT NULL AUTO_INCREMENT,
  `rep_fre_type` char(11) DEFAULT NULL,
  `rep_fre_type_kh` char(11) DEFAULT NULL,
  `rep_fre_period` int(11) DEFAULT NULL,
  PRIMARY KEY (`rep_fre_id`)
) ENGINE=MyISAM AUTO_INCREMENT=45 DEFAULT CHARSET=utf8;

# Dumping data for table loan_khmer.repayment_freg: 3 rows
/*!40000 ALTER TABLE `repayment_freg` DISABLE KEYS */;
INSERT INTO `repayment_freg` (`rep_fre_id`, `rep_fre_type`, `rep_fre_type_kh`, `rep_fre_period`) VALUES
	(1, 'Daily', 'ថ្ងៃ', 1),
	(2, 'Weekly', 'សប្តាហ៍', 7),
	(3, 'Monthly', 'ខែ', 30);
/*!40000 ALTER TABLE `repayment_freg` ENABLE KEYS */;


# Dumping structure for table loan_khmer.repayment_schedule
DROP TABLE IF EXISTS `repayment_schedule`;
CREATE TABLE IF NOT EXISTS `repayment_schedule` (
  `rep_sch_id` int(10) NOT NULL AUTO_INCREMENT,
  `rep_sch_date_repay` date DEFAULT NULL,
  `rep_sch_value_date` datetime DEFAULT NULL,
  `rep_sch_principle_amount_repayment` float(10,2) DEFAULT NULL,
  `rep_sch_rate_repayment` float(10,2) DEFAULT NULL,
  `rep_sch_total_repayment` float(10,2) DEFAULT NULL,
  `rep_sch_balance` float(10,2) DEFAULT NULL,
  `rep_sch_instalment` float(10,2) DEFAULT NULL,
  `rep_sch_loa_acc_id` int(10) DEFAULT NULL,
  `rep_sch_saving` int(10) DEFAULT NULL,
  `rep_sch_num` int(10) DEFAULT NULL,
  `rep_sch_status` int(10) DEFAULT NULL,
  `rep_sch_description` varchar(50) DEFAULT NULL,
  PRIMARY KEY (`rep_sch_id`),
  KEY `FK_repayment_schedule_loan_account` (`rep_sch_loa_acc_id`),
  CONSTRAINT `FK_repayment_schedule_loan_account` FOREIGN KEY (`rep_sch_loa_acc_id`) REFERENCES `loan_account` (`loa_acc_id`) ON DELETE NO ACTION ON UPDATE NO ACTION
) ENGINE=InnoDB AUTO_INCREMENT=9 DEFAULT CHARSET=utf8;

# Dumping data for table loan_khmer.repayment_schedule: ~7 rows (approximately)
/*!40000 ALTER TABLE `repayment_schedule` DISABLE KEYS */;
INSERT INTO `repayment_schedule` (`rep_sch_id`, `rep_sch_date_repay`, `rep_sch_value_date`, `rep_sch_principle_amount_repayment`, `rep_sch_rate_repayment`, `rep_sch_total_repayment`, `rep_sch_balance`, `rep_sch_instalment`, `rep_sch_loa_acc_id`, `rep_sch_saving`, `rep_sch_num`, `rep_sch_status`, `rep_sch_description`) VALUES
	(2, '2013-09-14', '2013-09-24 09:20:36', 1.00, 0.01, 1.01, 0.00, 1.01, 1, NULL, 1, 1, ''),
	(3, '2013-10-24', '2013-09-24 04:54:42', 162.55, 10.00, 172.55, 837.45, 172.55, 2, NULL, 1, 1, NULL),
	(4, '2013-11-23', '2013-09-24 05:40:28', 164.17, 8.37, 172.55, 673.28, 172.55, 2, NULL, 2, 1, 'Just a bit late but ok'),
	(5, '2013-12-23', '2013-09-24 09:21:04', 165.82, 6.73, 172.55, 507.46, 172.55, 2, NULL, 3, 1, ''),
	(6, '2014-01-22', NULL, 167.47, 5.07, 172.55, 339.99, 172.55, 2, NULL, 4, NULL, NULL),
	(7, '2014-02-21', NULL, 169.15, 3.40, 172.55, 170.84, 172.55, 2, NULL, 5, NULL, NULL),
	(8, '2014-03-23', NULL, 170.84, 1.71, 172.55, 0.00, 172.55, 2, NULL, 6, NULL, NULL);
/*!40000 ALTER TABLE `repayment_schedule` ENABLE KEYS */;


# Dumping structure for table loan_khmer.roles
DROP TABLE IF EXISTS `roles`;
CREATE TABLE IF NOT EXISTS `roles` (
  `rol_id` int(11) NOT NULL AUTO_INCREMENT,
  `rol_name` varchar(50) NOT NULL,
  `rol_des` text NOT NULL,
  `rol_authorize` int(11) NOT NULL,
  `rol_status` tinyint(1) NOT NULL,
  PRIMARY KEY (`rol_id`)
) ENGINE=MyISAM AUTO_INCREMENT=3 DEFAULT CHARSET=utf8;

# Dumping data for table loan_khmer.roles: 2 rows
/*!40000 ALTER TABLE `roles` DISABLE KEYS */;
INSERT INTO `roles` (`rol_id`, `rol_name`, `rol_des`, `rol_authorize`, `rol_status`) VALUES
	(1, 'SuperAdmin', 'Full access on system and Database', 0, 0),
	(2, 'Admin', 'Full access on system', 0, 0);
/*!40000 ALTER TABLE `roles` ENABLE KEYS */;


# Dumping structure for table loan_khmer.saving_account
DROP TABLE IF EXISTS `saving_account`;
CREATE TABLE IF NOT EXISTS `saving_account` (
  `sav_acc_id` int(11) NOT NULL AUTO_INCREMENT,
  `sav_acc_code` varchar(45) DEFAULT NULL,
  `sav_acc_sav_pro_typ_id` int(11) DEFAULT NULL,
  `sav_acc_create_date` timestamp NULL DEFAULT NULL,
  `sav_acc_modified_date` timestamp NULL DEFAULT NULL ON UPDATE CURRENT_TIMESTAMP,
  `sav_acc_reference` varchar(45) DEFAULT NULL,
  `sav_acc_status` tinyint(4) DEFAULT '1',
  `sav_acc_con_id` int(11) DEFAULT NULL,
  `sav_use_id` int(11) DEFAULT NULL,
  `sav_acc_gl_id` int(11) NOT NULL,
  `sav_acc_cur_id` int(11) NOT NULL,
  `sav_acc_interest_rate` double DEFAULT NULL,
  `sav_acc_signature` varchar(100) DEFAULT NULL,
  `sav_acc_sig_rul_id` int(11) DEFAULT NULL,
  `sav_acc_amount` double DEFAULT NULL,
  PRIMARY KEY (`sav_acc_id`),
  KEY `sav_product type` (`sav_acc_sav_pro_typ_id`),
  KEY `sav_contact` (`sav_acc_con_id`),
  KEY `sav_user_id` (`sav_use_id`),
  KEY `sav_acc_cur_id` (`sav_acc_cur_id`),
  KEY `sav_acc_code` (`sav_acc_code`),
  CONSTRAINT `sav_contact` FOREIGN KEY (`sav_acc_con_id`) REFERENCES `contacts` (`con_id`) ON DELETE NO ACTION ON UPDATE NO ACTION,
  CONSTRAINT `sav_product type` FOREIGN KEY (`sav_acc_sav_pro_typ_id`) REFERENCES `saving_product_type` (`sav_pro_typ_id`) ON DELETE NO ACTION ON UPDATE NO ACTION,
  CONSTRAINT `sav_user_id` FOREIGN KEY (`sav_use_id`) REFERENCES `users` (`use_id`) ON DELETE NO ACTION ON UPDATE NO ACTION
) ENGINE=InnoDB AUTO_INCREMENT=5 DEFAULT CHARSET=utf8;

# Dumping data for table loan_khmer.saving_account: ~1 rows (approximately)
/*!40000 ALTER TABLE `saving_account` DISABLE KEYS */;
INSERT INTO `saving_account` (`sav_acc_id`, `sav_acc_code`, `sav_acc_sav_pro_typ_id`, `sav_acc_create_date`, `sav_acc_modified_date`, `sav_acc_reference`, `sav_acc_status`, `sav_acc_con_id`, `sav_use_id`, `sav_acc_gl_id`, `sav_acc_cur_id`, `sav_acc_interest_rate`, `sav_acc_signature`, `sav_acc_sig_rul_id`, `sav_acc_amount`) VALUES
	(4, '168-000001-1', 1, '2013-09-07 03:32:21', NULL, '', 1, 1, 1, 616, 1, 0, NULL, 1, NULL);
/*!40000 ALTER TABLE `saving_account` ENABLE KEYS */;


# Dumping structure for table loan_khmer.saving_product_type
DROP TABLE IF EXISTS `saving_product_type`;
CREATE TABLE IF NOT EXISTS `saving_product_type` (
  `sav_pro_typ_id` int(11) NOT NULL AUTO_INCREMENT,
  `sav_pro_typ_title` varchar(45) DEFAULT NULL,
  `status` bit(1) DEFAULT b'1',
  PRIMARY KEY (`sav_pro_typ_id`)
) ENGINE=InnoDB AUTO_INCREMENT=3 DEFAULT CHARSET=utf8;

# Dumping data for table loan_khmer.saving_product_type: ~2 rows (approximately)
/*!40000 ALTER TABLE `saving_product_type` DISABLE KEYS */;
INSERT INTO `saving_product_type` (`sav_pro_typ_id`, `sav_pro_typ_title`, `status`) VALUES
	(1, 'Copalsary Saving', ''),
	(2, 'Voluntary Saving', '');
/*!40000 ALTER TABLE `saving_product_type` ENABLE KEYS */;


# Dumping structure for table loan_khmer.signature_rule
DROP TABLE IF EXISTS `signature_rule`;
CREATE TABLE IF NOT EXISTS `signature_rule` (
  `sir_id` int(11) NOT NULL AUTO_INCREMENT,
  `sir_title` varchar(100) NOT NULL,
  `status` tinyint(4) NOT NULL DEFAULT '1',
  PRIMARY KEY (`sir_id`)
) ENGINE=InnoDB AUTO_INCREMENT=4 DEFAULT CHARSET=utf8;

# Dumping data for table loan_khmer.signature_rule: ~3 rows (approximately)
/*!40000 ALTER TABLE `signature_rule` DISABLE KEYS */;
INSERT INTO `signature_rule` (`sir_id`, `sir_title`, `status`) VALUES
	(1, 'Both', 1),
	(2, 'One of two', 1),
	(3, 'Single', 1);
/*!40000 ALTER TABLE `signature_rule` ENABLE KEYS */;


# Dumping structure for table loan_khmer.tiller
DROP TABLE IF EXISTS `tiller`;
CREATE TABLE IF NOT EXISTS `tiller` (
  `til_id` int(10) NOT NULL AUTO_INCREMENT,
  `til_tel_id` int(10) NOT NULL DEFAULT '0',
  `til_modifide_date` timestamp NULL DEFAULT NULL,
  `til_create_date` timestamp NULL DEFAULT NULL,
  `til_debit` double DEFAULT NULL,
  `til_credit` double DEFAULT NULL,
  `til_balance` double DEFAULT NULL,
  `til_cur_id` int(10) DEFAULT NULL,
  PRIMARY KEY (`til_id`)
) ENGINE=MyISAM AUTO_INCREMENT=4 DEFAULT CHARSET=utf8;

# Dumping data for table loan_khmer.tiller: 3 rows
/*!40000 ALTER TABLE `tiller` DISABLE KEYS */;
INSERT INTO `tiller` (`til_id`, `til_tel_id`, `til_modifide_date`, `til_create_date`, `til_debit`, `til_credit`, `til_balance`, `til_cur_id`) VALUES
	(1, 0, NULL, NULL, NULL, 0, NULL, NULL),
	(2, 5, '2013-08-29 16:14:40', NULL, 356234, -399150, NULL, 1),
	(3, 5, NULL, NULL, NULL, 200, NULL, 2);
/*!40000 ALTER TABLE `tiller` ENABLE KEYS */;


# Dumping structure for table loan_khmer.transaction
DROP TABLE IF EXISTS `transaction`;
CREATE TABLE IF NOT EXISTS `transaction` (
  `tra_id` int(11) NOT NULL AUTO_INCREMENT,
  `tra_tra_mod_id` int(11) NOT NULL,
  `tra_cur_id` int(11) DEFAULT NULL,
  `tra_type` int(11) DEFAULT NULL,
  `tra_amount` decimal(10,0) DEFAULT NULL,
  `tra_description` varchar(200) DEFAULT NULL,
  `tra_gl_id` int(11) DEFAULT NULL,
  `tra_gl_code` double DEFAULT NULL,
  `tra_con_id` int(11) DEFAULT NULL,
  `tra_ref_no` int(11) DEFAULT NULL,
  `tra_credit` float(10,2) DEFAULT '0.00',
  `tra_debit` float(10,2) DEFAULT '0.00',
  `tra_date` timestamp NULL DEFAULT NULL,
  `tra_value_date` timestamp NULL DEFAULT NULL,
  `tra_use_id` int(10) DEFAULT NULL,
  PRIMARY KEY (`tra_id`),
  KEY `tra_contact_id` (`tra_con_id`),
  KEY `tra_tra_mod_id` (`tra_tra_mod_id`),
  KEY `tra_currency_id` (`tra_cur_id`),
  CONSTRAINT `tra_contact_id` FOREIGN KEY (`tra_con_id`) REFERENCES `contacts` (`con_id`) ON DELETE NO ACTION ON UPDATE NO ACTION,
  CONSTRAINT `tra_tra_mod_id` FOREIGN KEY (`tra_tra_mod_id`) REFERENCES `transaction_mode` (`tra_mod_id`) ON DELETE NO ACTION ON UPDATE NO ACTION
) ENGINE=InnoDB AUTO_INCREMENT=212 DEFAULT CHARSET=utf8;

# Dumping data for table loan_khmer.transaction: ~87 rows (approximately)
/*!40000 ALTER TABLE `transaction` DISABLE KEYS */;
INSERT INTO `transaction` (`tra_id`, `tra_tra_mod_id`, `tra_cur_id`, `tra_type`, `tra_amount`, `tra_description`, `tra_gl_id`, `tra_gl_code`, `tra_con_id`, `tra_ref_no`, `tra_credit`, `tra_debit`, `tra_date`, `tra_value_date`, `tra_use_id`) VALUES
	(1, 1, 1, 0, NULL, '', NULL, 514109111, NULL, NULL, 0.00, 2000.00, '2013-06-25 17:17:49', '2013-06-25 17:17:49', 1),
	(2, 1, 1, 0, NULL, '', NULL, 514109111, NULL, NULL, 0.00, 100.00, '2013-06-25 17:19:53', '2013-06-25 17:19:53', 1),
	(3, 1, 1, 2, NULL, NULL, 7, 111109121, NULL, NULL, 0.00, 33.00, '2013-06-26 11:19:58', '2013-06-26 11:19:58', 5),
	(4, 1, 1, 2, NULL, NULL, NULL, 111109121, NULL, NULL, 0.00, 3333.00, '2013-06-26 11:21:24', '2013-06-26 11:21:24', 5),
	(5, 1, 2, 1, NULL, NULL, NULL, 111109121, NULL, NULL, 200.00, 0.00, '2013-06-26 04:14:05', '2013-06-26 04:14:05', 5),
	(6, 1, 1, 0, NULL, '', NULL, 514109111, NULL, NULL, 0.00, 100.00, '2013-06-27 18:04:50', '2013-06-27 18:04:50', 1),
	(7, 1, 1, 0, NULL, '', NULL, 516309000, NULL, NULL, 0.00, 332.00, '2013-06-27 18:04:59', '2013-06-27 18:04:59', 1),
	(8, 1, 1, 2, NULL, '', NULL, 111109111, NULL, NULL, 100.00, 0.00, '2013-06-28 01:05:16', NULL, 1),
	(29, 1, NULL, NULL, NULL, NULL, NULL, NULL, NULL, NULL, 0.00, 0.00, NULL, NULL, NULL),
	(134, 1, 1, 2, NULL, '', NULL, 500009000, NULL, NULL, 100.00, 0.00, '2013-07-01 23:55:12', NULL, 1),
	(135, 1, 1, 1, NULL, '', NULL, 500009000, NULL, NULL, 0.00, 500.00, '2013-07-01 23:55:26', NULL, 1),
	(136, 1, 1, 2, NULL, '', NULL, 500009000, NULL, NULL, 555.00, 0.00, '2013-07-01 23:55:35', NULL, 1),
	(137, 1, 1, 2, NULL, '', NULL, 500009000, NULL, NULL, 100.00, 0.00, '2013-07-01 23:55:45', NULL, 1),
	(138, 1, 1, 2, NULL, '', NULL, 111109121, NULL, NULL, 500.00, 0.00, '2013-06-06 00:32:57', NULL, 1),
	(139, 1, 1, 1, NULL, '', NULL, 111109121, NULL, NULL, 0.00, 111.00, '2013-06-06 00:33:10', NULL, 1),
	(140, 1, 1, 2, NULL, '', NULL, 111109121, NULL, NULL, 500.00, 0.00, '2013-06-06 00:33:22', NULL, 1),
	(141, 1, 1, 2, NULL, NULL, NULL, 111109121, NULL, NULL, 0.00, 200000.00, '2013-07-07 06:33:40', '2013-07-07 06:33:40', 5),
	(142, 1, 1, 2, NULL, NULL, NULL, 111109121, NULL, NULL, 200000.00, 0.00, '2013-07-07 06:38:20', '2013-07-07 06:38:20', 5),
	(143, 1, 1, 2, NULL, NULL, NULL, 111109121, NULL, NULL, 200000.00, 0.00, '2013-07-07 06:39:32', '2013-07-07 06:39:32', 5),
	(144, 1, NULL, NULL, NULL, '', NULL, 571109000, NULL, NULL, 200.00, 0.00, '2013-07-07 14:09:07', NULL, 5),
	(145, 1, NULL, NULL, NULL, '', NULL, 571109000, NULL, NULL, 200.00, 0.00, '2013-07-07 14:12:55', '2013-07-07 14:12:55', 5),
	(146, 1, NULL, NULL, NULL, '', NULL, 571109000, NULL, NULL, 100.00, 0.00, '2013-07-07 14:20:12', '2013-07-07 14:20:12', 5),
	(147, 1, NULL, NULL, NULL, '', NULL, 571109000, NULL, NULL, 20000.00, 0.00, '2013-07-15 16:34:49', '2013-07-15 16:34:49', 5),
	(148, 1, NULL, NULL, NULL, '', NULL, 571109000, NULL, NULL, 20000.00, 0.00, '2013-07-15 16:35:23', '2013-07-15 16:35:23', 5),
	(149, 1, NULL, NULL, NULL, '', NULL, 571109000, NULL, NULL, 20000.00, 0.00, '2013-07-15 16:37:02', '2013-07-15 16:37:02', 5),
	(150, 1, NULL, NULL, NULL, '', NULL, 571109000, NULL, NULL, 20000.00, 0.00, '2013-07-15 16:38:20', '2013-07-15 16:38:20', 5),
	(151, 1, NULL, NULL, NULL, '', NULL, 571109000, NULL, NULL, 20000.00, 0.00, '2013-07-16 10:15:38', '2013-07-16 10:15:38', 5),
	(152, 1, NULL, NULL, NULL, '', NULL, 571109000, NULL, NULL, 20000.00, 0.00, '2013-07-16 10:19:25', '2013-07-16 10:19:25', 5),
	(153, 1, NULL, NULL, NULL, '', NULL, 571109000, NULL, NULL, 20000.00, 0.00, '2013-07-16 10:38:11', '2013-07-16 10:38:11', 5),
	(154, 1, NULL, NULL, NULL, '', NULL, 571109000, NULL, NULL, 20000.00, 0.00, '2013-07-16 10:50:40', '2013-07-16 10:50:40', 5),
	(155, 1, NULL, NULL, NULL, '', NULL, 571109000, NULL, NULL, 20000.00, 0.00, '2013-07-16 10:57:57', '2013-07-16 10:57:57', 5),
	(156, 1, NULL, NULL, NULL, '', NULL, 571109000, NULL, NULL, 20000.00, 0.00, '2013-07-16 11:01:02', '2013-07-16 11:01:02', 5),
	(157, 1, NULL, NULL, NULL, '', NULL, 571109000, NULL, NULL, 20000.00, 0.00, '2013-07-16 11:01:35', '2013-07-16 11:01:35', 5),
	(158, 1, NULL, NULL, NULL, '', NULL, 571109000, NULL, NULL, 20000.00, 0.00, '2013-07-16 11:40:14', '2013-07-16 11:40:14', 5),
	(159, 1, NULL, NULL, NULL, '', NULL, 571109000, NULL, NULL, 20000.00, 0.00, '2013-07-16 14:03:45', '2013-07-16 14:03:45', 0),
	(160, 1, NULL, NULL, NULL, '', NULL, 571109000, NULL, NULL, 20000.00, 0.00, '2013-07-16 14:04:07', '2013-07-16 14:04:07', 0),
	(161, 1, NULL, NULL, NULL, '', NULL, 571109000, NULL, NULL, 20000.00, 0.00, '2013-07-16 14:15:13', '2013-07-16 14:15:13', 5),
	(162, 1, NULL, NULL, NULL, '', NULL, 571109000, NULL, NULL, 20000.00, 0.00, '2013-07-16 14:42:53', '2013-07-16 14:42:53', 5),
	(163, 1, 1, NULL, NULL, '', NULL, 571109000, NULL, NULL, 20000.00, 0.00, '2013-07-16 14:52:05', '2013-07-16 14:52:05', 5),
	(164, 1, 1, NULL, NULL, '', NULL, 571109000, NULL, NULL, 20000.00, 0.00, '2013-07-16 15:38:03', '2013-07-16 15:38:03', 5),
	(165, 1, 1, NULL, NULL, '', NULL, 322209000, NULL, NULL, 33.00, 0.00, '2013-07-19 22:25:53', '2013-07-19 22:25:53', 5),
	(166, 1, 1, NULL, NULL, '0', NULL, 322209000, NULL, NULL, 0.00, 0.00, '2013-07-19 22:32:15', '2013-07-19 22:32:15', 5),
	(167, 1, 1, NULL, NULL, '0', NULL, 342209000, NULL, NULL, 0.00, 0.00, '2013-07-19 22:33:59', '2013-07-19 22:33:59', 5),
	(168, 1, 1, NULL, NULL, '0', NULL, 322209000, NULL, NULL, 22.00, 0.00, '2013-07-19 22:35:10', '2013-07-19 22:35:10', 5),
	(169, 1, 1, NULL, NULL, '111 test', NULL, 322209000, NULL, NULL, 111.00, 0.00, '2013-07-19 22:36:35', '2013-07-19 22:36:35', 5),
	(170, 1, 1, NULL, NULL, '333', NULL, 322209000, NULL, NULL, 333.00, 0.00, '0000-00-00 00:00:00', '0000-00-00 00:00:00', 5),
	(171, 1, 1, NULL, NULL, 'test22', NULL, 322209000, NULL, NULL, 0.00, 22.00, '2013-07-19 22:42:36', '2013-07-19 22:42:36', 5),
	(172, 1, 1, NULL, NULL, '', NULL, 322209000, NULL, NULL, 0.00, 222.00, '2013-07-19 23:01:37', '2013-07-19 23:01:37', 5),
	(173, 1, 1, NULL, NULL, '33 test', NULL, 322209000, NULL, NULL, 0.00, 333.00, '2013-07-19 23:05:46', '2013-07-19 23:05:46', 5),
	(174, 1, 1, NULL, NULL, 'test 4', NULL, 322209000, NULL, NULL, 0.00, 444.00, '2013-07-19 23:06:51', '2013-07-19 23:06:51', 5),
	(175, 1, 1, NULL, NULL, ' test 5', NULL, 322209000, NULL, NULL, 0.00, 555.00, '2013-07-19 23:08:36', '2013-07-19 23:08:36', 5),
	(176, 1, 1, NULL, NULL, '666', NULL, 322209000, NULL, NULL, 0.00, 666.00, '2013-07-19 23:14:28', '2013-07-19 23:14:28', 5),
	(177, 1, 1, NULL, NULL, '7', NULL, 322209000, NULL, NULL, 0.00, 7.00, '2013-07-19 23:15:11', '2013-07-19 23:15:11', 5),
	(178, 1, 1, NULL, NULL, '8', NULL, 322209000, NULL, NULL, 0.00, 8.00, '2013-07-19 23:15:49', '2013-07-19 23:15:49', 5),
	(179, 1, 1, NULL, NULL, '9', NULL, 322209000, NULL, NULL, 0.00, 9.00, '2013-07-19 23:17:57', '2013-07-19 23:17:57', 5),
	(180, 1, 1, NULL, NULL, '10', NULL, 322209000, NULL, NULL, 0.00, 10.00, '2013-07-19 23:18:26', '2013-07-19 23:18:26', 5),
	(181, 1, 1, NULL, NULL, '111', NULL, 322209000, NULL, NULL, 0.00, 11.00, '2013-07-19 23:19:37', '2013-07-19 23:19:37', 5),
	(182, 1, 1, NULL, NULL, '6060', NULL, 322209000, NULL, NULL, 0.00, 6060.00, '2013-07-19 23:21:17', '2013-07-19 23:21:17', 5),
	(183, 1, 1, NULL, NULL, '4468', NULL, 322209000, NULL, NULL, 0.00, -4468.00, '2013-07-19 23:25:01', '2013-07-19 23:25:01', 5),
	(184, 1, 1, NULL, NULL, '1', NULL, 322209000, NULL, NULL, 0.00, 1.00, '2013-07-19 23:30:38', '2013-07-19 23:30:38', 5),
	(185, 1, 1, NULL, NULL, '22', NULL, 322209000, NULL, NULL, 0.00, 22.00, '2013-07-19 23:31:30', '2013-07-19 23:31:30', 5),
	(186, 1, 1, NULL, NULL, '200', NULL, 322209000, NULL, NULL, 0.00, 200.00, '2013-07-20 00:05:54', '2013-07-20 00:05:54', 5),
	(187, 1, 1, NULL, NULL, '1', NULL, 322209000, NULL, NULL, 0.00, 1.00, '2013-07-20 00:06:10', '2013-07-20 00:06:10', 5),
	(188, 1, 1, 2, NULL, NULL, NULL, 111109121, NULL, NULL, 20000.00, 0.00, '2013-07-20 02:26:05', '2013-07-20 02:26:05', 5),
	(189, 1, 1, 2, NULL, NULL, NULL, 111109121, NULL, NULL, 10000.00, 0.00, '2013-07-20 14:38:49', '2013-07-20 14:38:49', 5),
	(190, 1, 1, 2, NULL, NULL, NULL, 111109121, NULL, NULL, 0.00, 100000.00, '2013-07-20 14:40:27', '2013-07-20 14:40:27', 5),
	(191, 1, 1, 2, NULL, NULL, NULL, 111109121, NULL, NULL, 0.00, 100000.00, '2013-07-20 14:44:14', '2013-07-20 14:44:14', 5),
	(192, 1, 1, NULL, NULL, '', NULL, 342209000, NULL, NULL, 0.00, 44.00, '2013-07-21 14:28:41', '2013-07-21 14:28:41', 5),
	(193, 1, 1, NULL, NULL, '', NULL, 322209000, NULL, NULL, 0.00, 345775.00, '2013-07-21 15:02:31', '2013-07-21 15:02:31', 5),
	(194, 1, 1, NULL, NULL, '', NULL, 322209000, NULL, NULL, 0.00, 7.00, '2013-07-21 16:15:21', '2013-07-21 16:15:21', 5),
	(195, 1, 1, NULL, NULL, '', NULL, 322209000, NULL, NULL, 0.00, 17.00, '2013-07-21 16:20:13', '2013-07-21 16:20:13', 5),
	(196, 1, 1, NULL, NULL, '', NULL, 322209000, NULL, NULL, 0.00, 1.00, '2013-07-21 16:20:13', '2013-07-21 16:20:13', 5),
	(197, 1, 1, NULL, NULL, '', NULL, 322209000, NULL, NULL, 0.00, 5.00, '2013-07-21 16:23:40', '2013-07-21 16:23:40', 5),
	(198, 1, 1, NULL, NULL, '', NULL, 322209000, NULL, NULL, 0.00, 52.00, '2013-07-21 16:25:12', '2013-07-21 16:25:12', 5),
	(199, 1, 1, NULL, NULL, '', NULL, 322209000, NULL, NULL, 0.00, 0.00, '2013-07-21 16:32:01', '2013-07-21 16:32:01', 5),
	(200, 1, 1, NULL, NULL, '', NULL, 322209000, NULL, NULL, 0.00, 333.00, '2013-08-14 23:42:31', '2013-08-14 23:42:31', 5),
	(201, 1, 1, NULL, NULL, '', NULL, 296709211, NULL, NULL, 100.00, 0.00, '2013-08-22 22:41:06', '2013-08-22 22:41:06', 5),
	(202, 1, 1, NULL, NULL, '', NULL, 296709211, NULL, NULL, 100000.00, 0.00, '2013-08-22 22:41:23', '2013-08-22 22:41:23', 5),
	(203, 1, 1, NULL, NULL, '', NULL, 296709211, NULL, NULL, 100.00, 0.00, '2013-08-22 22:59:51', '2013-08-22 22:59:51', 5),
	(204, 1, 1, NULL, NULL, '', NULL, 296709211, NULL, NULL, 100000.00, 0.00, '2013-08-22 23:00:31', '2013-08-22 23:00:31', 5),
	(205, 1, 1, 0, NULL, '', NULL, 500009000, NULL, NULL, 0.00, 2000.00, '2013-08-22 23:02:07', '2013-08-22 23:02:07', 5),
	(206, 1, 1, 2, NULL, NULL, NULL, 111109121, NULL, NULL, 1000.00, 0.00, '2013-08-22 23:05:40', '2013-08-22 23:05:40', 5),
	(207, 1, 1, NULL, NULL, '', NULL, 296709211, NULL, NULL, 100.00, 0.00, '2013-08-22 23:36:07', '2013-08-22 23:36:07', 5),
	(208, 1, 1, NULL, NULL, '', NULL, 296709211, NULL, NULL, 100000.00, 0.00, '2013-08-22 23:36:28', '2013-08-22 23:36:28', 5),
	(209, 1, 1, NULL, NULL, '', NULL, 331109000, NULL, NULL, 100.00, 0.00, '2013-08-23 10:42:05', '2013-08-23 10:42:05', 5),
	(210, 1, 1, NULL, NULL, '', NULL, 296709211, NULL, NULL, 100000.00, 0.00, '2013-08-29 16:14:21', '2013-08-29 16:14:21', 5),
	(211, 1, 1, NULL, NULL, '', NULL, 296709211, NULL, NULL, 50.00, 0.00, '2013-08-29 16:14:40', '2013-08-29 16:14:40', 5);
/*!40000 ALTER TABLE `transaction` ENABLE KEYS */;


# Dumping structure for table loan_khmer.transaction_mode
DROP TABLE IF EXISTS `transaction_mode`;
CREATE TABLE IF NOT EXISTS `transaction_mode` (
  `tra_mod_id` int(11) NOT NULL AUTO_INCREMENT,
  `tra_mod_title` varchar(45) DEFAULT NULL,
  `tra_mod_status` tinyint(1) DEFAULT '1',
  PRIMARY KEY (`tra_mod_id`)
) ENGINE=InnoDB AUTO_INCREMENT=4 DEFAULT CHARSET=utf8;

# Dumping data for table loan_khmer.transaction_mode: ~3 rows (approximately)
/*!40000 ALTER TABLE `transaction_mode` DISABLE KEYS */;
INSERT INTO `transaction_mode` (`tra_mod_id`, `tra_mod_title`, `tra_mod_status`) VALUES
	(1, 'Cash', 1),
	(2, 'Voucher', 1),
	(3, 'Other...', 1);
/*!40000 ALTER TABLE `transaction_mode` ENABLE KEYS */;


# Dumping structure for table loan_khmer.transaction_type
DROP TABLE IF EXISTS `transaction_type`;
CREATE TABLE IF NOT EXISTS `transaction_type` (
  `tra_typ_id` int(11) NOT NULL AUTO_INCREMENT,
  `tra_typ_title` varchar(50) NOT NULL,
  `tra_typ_status` tinyint(4) NOT NULL,
  PRIMARY KEY (`tra_typ_id`)
) ENGINE=InnoDB AUTO_INCREMENT=3 DEFAULT CHARSET=utf8;

# Dumping data for table loan_khmer.transaction_type: ~2 rows (approximately)
/*!40000 ALTER TABLE `transaction_type` DISABLE KEYS */;
INSERT INTO `transaction_type` (`tra_typ_id`, `tra_typ_title`, `tra_typ_status`) VALUES
	(1, 'Credit', 1),
	(2, 'Debit', 1);
/*!40000 ALTER TABLE `transaction_type` ENABLE KEYS */;


# Dumping structure for table loan_khmer.users
DROP TABLE IF EXISTS `users`;
CREATE TABLE IF NOT EXISTS `users` (
  `use_id` int(11) NOT NULL AUTO_INCREMENT,
  `use_name` varchar(45) DEFAULT NULL,
  `use_kh_name` varchar(45) DEFAULT NULL,
  `use_gro_id` int(11) DEFAULT NULL,
  `status` bit(1) DEFAULT b'1',
  `use_password` varchar(200) DEFAULT NULL,
  PRIMARY KEY (`use_id`),
  UNIQUE KEY `use_name_UNIQUE` (`use_name`),
  KEY `use_group` (`use_gro_id`),
  CONSTRAINT `use_group` FOREIGN KEY (`use_gro_id`) REFERENCES `user_groups` (`gro_id`) ON DELETE NO ACTION ON UPDATE NO ACTION
) ENGINE=InnoDB AUTO_INCREMENT=6 DEFAULT CHARSET=utf8;

# Dumping data for table loan_khmer.users: ~5 rows (approximately)
/*!40000 ALTER TABLE `users` DISABLE KEYS */;
INSERT INTO `users` (`use_id`, `use_name`, `use_kh_name`, `use_gro_id`, `status`, `use_password`) VALUES
	(1, 'admin', NULL, 1, '', '21232f297a57a5a743894a0e4a801fc3'),
	(2, 'account', NULL, 2, '', 'e268443e43d93dab7ebef303bbe9642f'),
	(3, 'vannak', NULL, 3, '', 'e10adc3949ba59abbe56e057f20f883e'),
	(4, 'eddddd', NULL, 1, '', '25f9e794323b453885f5181f1b624d0b'),
	(5, 'teller', NULL, 3, '', '8482dfb1bca15b503101eb438f52deed');
/*!40000 ALTER TABLE `users` ENABLE KEYS */;


# Dumping structure for table loan_khmer.user_groups
DROP TABLE IF EXISTS `user_groups`;
CREATE TABLE IF NOT EXISTS `user_groups` (
  `gro_id` int(11) NOT NULL AUTO_INCREMENT,
  `gro_name` varchar(45) DEFAULT NULL,
  `gro_status` bit(1) DEFAULT b'1',
  `user_groupscol` varchar(45) DEFAULT NULL,
  `status` bit(1) DEFAULT b'1',
  PRIMARY KEY (`gro_id`)
) ENGINE=InnoDB AUTO_INCREMENT=4 DEFAULT CHARSET=utf8;

# Dumping data for table loan_khmer.user_groups: ~3 rows (approximately)
/*!40000 ALTER TABLE `user_groups` DISABLE KEYS */;
INSERT INTO `user_groups` (`gro_id`, `gro_name`, `gro_status`, `user_groupscol`, `status`) VALUES
	(1, 'superadmin', '', NULL, ''),
	(2, 'admin', '', NULL, ''),
	(3, 'teller', '', NULL, '');
/*!40000 ALTER TABLE `user_groups` ENABLE KEYS */;


# Dumping structure for table loan_khmer.villages
DROP TABLE IF EXISTS `villages`;
CREATE TABLE IF NOT EXISTS `villages` (
  `vil_id` int(11) NOT NULL AUTO_INCREMENT,
  `vil_com_id` int(10) NOT NULL,
  `vil_en_name` varchar(80) NOT NULL,
  `vil_kh_name` varchar(80) DEFAULT NULL,
  `status` bit(1) DEFAULT b'1',
  PRIMARY KEY (`vil_id`),
  KEY `com_id` (`vil_com_id`),
  CONSTRAINT `com_id` FOREIGN KEY (`vil_com_id`) REFERENCES `communes` (`com_id`) ON DELETE NO ACTION ON UPDATE NO ACTION
) ENGINE=InnoDB AUTO_INCREMENT=3 DEFAULT CHARSET=utf8;

# Dumping data for table loan_khmer.villages: ~2 rows (approximately)
/*!40000 ALTER TABLE `villages` DISABLE KEYS */;
INSERT INTO `villages` (`vil_id`, `vil_com_id`, `vil_en_name`, `vil_kh_name`, `status`) VALUES
	(1, 3, 'Obekaom', 'អូបែកក្អម', ''),
	(2, 3, 'Samnang 12', 'សំនង់១២', '');
/*!40000 ALTER TABLE `villages` ENABLE KEYS */;


# Dumping structure for table loan_khmer.voucher
DROP TABLE IF EXISTS `voucher`;
CREATE TABLE IF NOT EXISTS `voucher` (
  `vou_id` int(10) NOT NULL AUTO_INCREMENT,
  `vou_loa_id` int(10) DEFAULT NULL,
  PRIMARY KEY (`vou_id`)
) ENGINE=MyISAM DEFAULT CHARSET=utf8;

# Dumping data for table loan_khmer.voucher: 0 rows
/*!40000 ALTER TABLE `voucher` DISABLE KEYS */;
/*!40000 ALTER TABLE `voucher` ENABLE KEYS */;


# Dumping structure for trigger loan_khmer.TrnGl
DROP TRIGGER IF EXISTS `TrnGl`;
SET SESSION SQL_MODE='';
DELIMITER //
CREATE TRIGGER `TrnGl` AFTER INSERT ON `transaction` FOR EACH ROW BEGIN
UPDATE `gl_list` SET `status`=1 WHERE `gl_code`= NEW.tra_gl_code  LIMIT 1;
END//
DELIMITER ;
SET SESSION SQL_MODE=@OLD_SQL_MODE;
/*!40101 SET SQL_MODE=@OLD_SQL_MODE */;
/*!40014 SET FOREIGN_KEY_CHECKS=@OLD_FOREIGN_KEY_CHECKS */;
/*!40101 SET CHARACTER_SET_CLIENT=@OLD_CHARACTER_SET_CLIENT */;
